,SMILES,SR-HSE,NR-AR,SR-ARE,NR-Aromatase,NR-ER-LBD,NR-AhR,SR-MMP,NR-ER,NR-PPAR-gamma,SR-p53,SR-ATAD5,NR-AR-LBD
0,C[n+]1c2cc(N)ccc2cc2ccc(N)cc21.Nc1ccc2cc3ccc(N)cc3nc2c1.[Cl-],0.0,0.0,,1.0,,1.0,1.0,,,1.0,,
1,O=C([O-])c1ccccc1-c1c2cc(Br)c(=O)c(Br)c-2oc2c(Br)c([O-])c(Br)cc12.[Na+].[Na+],0.0,0.0,,0.0,0.0,0.0,,0.0,,0.0,0.0,
2,CO[C@@H]1[C@@H](OC)[C@H](C)[C@@](O)(CC(=O)[O-])O[C@H]1[C@H](C)[C@H]1O[C@@]2(CC[C@@](C)([C@H]3CC[C@@](C)([C@@H]4O[C@@H]([C@H]5O[C@](C)(O)[C@H](C)C[C@@H]5C)C[C@@H]4OC4C[C@H](OC)[C@@H](OC)[C@H](C)O4)O3)O2)C[C@H](O)[C@H]1C.[NH4+],0.0,0.0,,0.0,0.0,0.0,,,0.0,1.0,0.0,0.0
3,CN(C)c1ccc(C(=C2C=CC(=[N+](C)C)C=C2)c2ccccc2)cc1.CN(C)c1ccc(C(=C2C=CC(=[N+](C)C)C=C2)c2ccccc2)cc1.O=C(O)C(=O)O.O=C([O-])C(=O)O.O=C([O-])C(=O)O,1.0,0.0,,,0.0,1.0,1.0,,,,0.0,
4,CC(=O)O.CCNC(=O)[C@@H]1CCCN1C(=O)[C@H](CCCNC(=N)N)NC(=O)[C@H](CC(C)C)NC(=O)[C@@H](Cc1c[nH]c2ccccc12)NC(=O)[C@H](Cc1ccc(O)cc1)NC(=O)[C@H](CO)NC(=O)[C@H](Cc1c[nH]c2ccccc12)NC(=O)[C@H](Cc1c[nH]cn1)NC(=O)[C@@H]1CCC(=O)N1,,0.0,,,,,,,,,,
5,CCCCCCCCNC(C)C(O)c1ccc(SC(C)C)cc1,1.0,0.0,,,,0.0,,,0.0,,,
6,Cc1ccc([N+](=O)[O-])c2c1O[Hg]2,1.0,,,,,,,,,,,
7,CCN(CC)C(=S)SSC(=S)N(CC)CC,1.0,0.0,,,0.0,1.0,1.0,,1.0,0.0,1.0,1.0
8,CCCCCCOc1ccc(C(=N)N(CCCC)CCCC)c2ccccc12.Cl,,0.0,,,,,,,,,,
9,COCC(=O)O[C@]1(CCN(C)CCCc2nc3ccccc3[nH]2)CCc2cc(F)ccc2[C@@H]1C(C)C.Cl.Cl,0.0,0.0,,,,,,,,,,
10,CCCCC(CC)CNC(=N)NC(=N)NCCCCCCNC(=N)NC(=N)NCC(CC)CCCC.Cl.Cl,,0.0,,,,,,,,,,
11,Cl.O[C@@H](CNC[C@H](O)[C@H]1CCc2cc(F)ccc2O1)[C@@H]1CCc2cc(F)ccc2O1,0.0,0.0,,,0.0,0.0,,0.0,,0.0,,0.0
12,CC(C)(C)CC(C)(C)c1ccc(O)c(Cc2ccc(Cl)cc2Cl)c1,,0.0,0.0,0.0,,0.0,1.0,,,,0.0,
13,CCCCCNC(=N)N/N=C/c1c[nH]c2ccc(OC)cc12,,,0.0,,,,,,,,,
14,O=C(CCl)c1ccc(Cl)cc1Cl,1.0,0.0,1.0,,0.0,0.0,1.0,0.0,,1.0,1.0,0.0
15,C[C@@H]1O[C@@H](O[C@H]2C[C@@H](O)[C@]3(CO)[C@H]4[C@H](O)C[C@]5(C)[C@@H](C6=CC(=O)OC6)CC[C@]5(O)[C@@H]4CC[C@]3(O)C2)[C@H](O)[C@H](O)[C@H]1O,0.0,0.0,,1.0,0.0,0.0,1.0,,,0.0,,1.0
16,CCCCCCCCCCCCCC[N+](C)(C)C.[Br-],,0.0,1.0,,0.0,0.0,1.0,,,,0.0,
17,CCCCCCCCCCCC[N+](C)(C)CCOc1ccccc1.[Br-],,0.0,,,0.0,0.0,1.0,,,,,
18,CCCCCCCCCCCCCCCC[n+]1ccccc1.[Br-],,0.0,1.0,1.0,0.0,0.0,,,,,,0.0
19,CN(C)c1ccc(C(=C2C=CC(=[N+](C)C)C=C2)c2ccc(N(C)C)cc2)cc1.[Cl-],1.0,0.0,1.0,1.0,1.0,1.0,1.0,,1.0,,0.0,1.0
20,CC1=C(C(=O)OC(C)C)C(c2cccc([N+](=O)[O-])c2)C(C(=O)OC2CN(C(c3ccccc3)c3ccccc3)C2)=C(N)N1,,0.0,1.0,,,0.0,,,,,,
21,Clc1ccc(CO/N=C(\Cn2ccnc2)c2ccc(Cl)cc2Cl)c(Cl)c1.O=[N+]([O-])O,1.0,0.0,,1.0,0.0,1.0,0.0,0.0,0.0,,0.0,0.0
22,C#C[C@]1(O)CC[C@H]2[C@@H]3CCC4=Cc5oncc5C[C@]4(C)[C@H]3CC[C@@]21C,1.0,1.0,,1.0,1.0,0.0,0.0,1.0,0.0,0.0,0.0,1.0
23,C[C@@H](O[C@H]1OCCN(CC2=NC(=O)N=N2)[C@H]1C1CCC(F)CC1)c1cc(C(F)(F)F)cc(C(F)(F)F)c1,,0.0,0.0,,0.0,0.0,,,0.0,,0.0,0.0
24,C[n+]1cc2c3c(ccc2c2ccc4cc5c(cc4c21)OCO5)OCO3,1.0,0.0,,,1.0,1.0,,,,,,
25,Cc1cc(C2CCCCC2)n(O)c(=O)c1.NCCO,1.0,,,,,,,,,,,
26,COC(=O)C1=C(C)NC(C)=C(C(=O)OCCN(C)Cc2ccccc2)C1c1cccc([N+](=O)[O-])c1,1.0,0.0,,,0.0,,1.0,,,,,0.0
27,COC(=O)C1=C(C)NC(C)=C(C(=O)OCCN2CCN(C(c3ccccc3)c3ccccc3)CC2)C1c1cccc([N+](=O)[O-])c1.Cl.Cl,0.0,0.0,,,0.0,0.0,1.0,,,,,0.0
28,CN1CCCC(CC2c3ccccc3Sc3ccccc32)C1.Cl,0.0,0.0,,0.0,0.0,0.0,,0.0,,0.0,0.0,0.0
29,Cl.O[C@@H](c1cc(C(F)(F)F)nc2c(C(F)(F)F)cccc12)[C@H]1CCCCN1,0.0,0.0,,,,,,1.0,,,,
30,Cl.O=C(c1ccc(OCCN2CCCCC2)cc1)c1c(-c2ccc(O)cc2)sc2cc(O)ccc12,1.0,0.0,0.0,1.0,,0.0,1.0,,,1.0,,
31,CN(C)C(=S)SC(=S)N(C)C,1.0,0.0,,,1.0,,,,,0.0,1.0,0.0
32,CN(C)C(=S)SSC(=S)N(C)C,1.0,0.0,,,0.0,0.0,1.0,,,0.0,1.0,
33,CN(C)CCCN1c2ccccc2Sc2ccc(Cl)cc21,0.0,0.0,,0.0,0.0,0.0,,,,,0.0,0.0
34,COc1ccc(CCN2CCC(Nc3nc4ccccc4n3Cc3ccc(F)cc3)CC2)cc1,0.0,0.0,,,0.0,,,,,,,0.0
35,CN(C)[C@@H]1C(O)=C(C(N)=O)C(=O)[C@@]2(O)C(O)=C3C(=O)c4c(O)cccc4C[C@H]3C[C@@H]12,0.0,,,,,,,,,,,
36,CC(O)C(=O)O.CCOc1ccc2nc3cc(N)ccc3c(N)c2c1.O,1.0,0.0,,1.0,,1.0,1.0,0.0,,1.0,0.0,1.0
37,CCCCCCOC(=O)/N=C(/N)c1ccc(NCc2nc3cc(C(=O)N(CCC(=O)OCC)c4ccccn4)ccc3n2C)cc1,0.0,,,,,,,,,,,
38,C[C@H]1O[C@@H](O[C@H]2CC[C@@]3(C)[C@H](CC[C@@H]4[C@@H]3C[C@@H](O)[C@]3(C)[C@@H](C5=CC(=O)OC5)CC[C@]43O)C2)C[C@H](O)[C@@H]1O[C@H]1C[C@H](O)[C@H](O[C@H]2C[C@H](O)[C@H](O[C@@H]3O[C@H](CO)[C@@H](O)[C@H](O)[C@H]3O)[C@@H](C)O2)[C@@H](C)O1,0.0,,,,0.0,0.0,1.0,,,,,
39,C[C@H]1O[C@@H](O[C@H]2[C@@H](O)C[C@H](O[C@H]3[C@@H](O)C[C@H](O[C@H]4CC[C@@]5(C)[C@H](CC[C@@H]6[C@@H]5CC[C@]5(C)[C@@H](C7=CC(=O)OC7)CC[C@]65O)C4)O[C@@H]3C)O[C@@H]2C)C[C@H](O)[C@@H]1O,0.0,,,,0.0,0.0,1.0,,,1.0,,1.0
40,C[C@@H]1O[C@@H](O[C@@H]2C=C3CC[C@@H]4[C@H](CC[C@]5(C)[C@@H](c6ccc(=O)oc6)CC[C@]45O)[C@@]3(C)CC2)[C@H](O)[C@H](O)[C@H]1O,0.0,,,,,0.0,1.0,,,0.0,,
41,CC1=CC(=O)c2ccccc2C1=O,,0.0,1.0,0.0,,1.0,,,0.0,1.0,0.0,0.0
42,O=C(Nc1ccc(Br)cc1)c1cc(Br)cc(Br)c1O,1.0,0.0,,0.0,0.0,1.0,1.0,,,1.0,0.0,0.0
43,Cc1cc(O)c2c3c4c(cc(O)c13)C(C)(C)C(=O)c1c(O)cc(O)c(c1-4)C2=O,0.0,0.0,,0.0,0.0,0.0,1.0,,0.0,1.0,0.0,
44,CCCCCCCCCCCCCCCC[N+](C)(C)CC.[Br-],,0.0,1.0,1.0,0.0,0.0,1.0,,,,,
45,CC(C)(C)CC(C)(C)c1ccc(OCCOCC[N+](C)(C)Cc2ccccc2)cc1.[Cl-],,0.0,1.0,,0.0,0.0,1.0,,0.0,,,
46,Cc1cc(OCCOCC[N+](C)(C)Cc2ccccc2)ccc1C(C)(C)CC(C)(C)C.[Cl-],,0.0,1.0,,0.0,0.0,1.0,,,,,
47,Clc1ccc(CSC(Cn2ccnc2)c2ccc(Cl)cc2Cl)cc1.O=[N+]([O-])O,1.0,0.0,,1.0,0.0,0.0,,0.0,0.0,,0.0,0.0
48,CC[C@@]1(O)C(=O)OCc2c1cc1n(c2=O)Cc2c-1nc1ccccc1c2/C=N/OC(C)(C)C,1.0,,,,,,,,,,,
49,CCCCc1oc2ccccc2c1C(=O)c1cc(I)c(OCCN(CC)CC)c(I)c1,,0.0,0.0,0.0,0.0,0.0,,0.0,,,0.0,0.0
51,CSc1ccc2c(c1)N(CCC1CCCCN1C)c1ccccc1S2.Cl,,0.0,,,,,,,,,,
52,CCCCCCCCCCOCC(O)CN.Cl,0.0,0.0,,,,0.0,,0.0,,,,0.0
53,Clc1ccc(C(Cn2ccnc2)OCc2ccsc2Cl)c(Cl)c1,1.0,0.0,,1.0,,0.0,,,0.0,,0.0,
54,CN1CCC[C@@H]1CCO[C@](C)(c1ccccc1)c1ccc(Cl)cc1.O=C(O)/C=C/C(=O)O,0.0,0.0,,0.0,0.0,0.0,,0.0,0.0,0.0,0.0,0.0
55,CSc1ccc2c(c1)N(CCC1CCCCN1C)c1ccccc1S2,0.0,0.0,,,0.0,0.0,,,,,,0.0
56,COc1ccc2cc1Oc1ccc(cc1)C[C@H]1c3c(cc4c(c3Oc3cc5c(cc3OC)CCN(C)[C@@H]5C2)OCO4)CCN1C,0.0,,,,,,,,,,,
57,OCCN1CCN(CC/C=C2/c3ccccc3Sc3ccc(C(F)(F)F)cc32)CC1,0.0,0.0,,,0.0,0.0,,0.0,,0.0,0.0,0.0
58,O=C1NCCN1CCN1CCC(c2cn(-c3ccc(F)cc3)c3ccc(Cl)cc23)CC1,0.0,0.0,,,0.0,0.0,,,,,0.0,0.0
59,NC(=O)n1c(O)c(C(=O)c2cccs2)c2cc(Cl)ccc21,0.0,0.0,,,0.0,1.0,1.0,,,1.0,,
60,CCCCCCCCCCCCCCCCC(C(=O)O)C(O)(CC(=O)O)C(=O)O,,,0.0,,,,,,,,,
61,CCN(CC)CCNC(=O)C1C(C)=NC(/C=C2\C(=O)Nc3ccc(F)cc32)=C1C.O=C(O)CC(O)C(=O)O,0.0,,,,,,,,,,,
62,Nc1ccc2cc3ccc(N)cc3nc2c1.Nc1ccc2cc3ccc(N)cc3nc2c1.O=S(=O)(O)O,0.0,0.0,,1.0,,1.0,1.0,1.0,,1.0,,
63,Cc1cc(O)c2ccccc2c1O,1.0,,,,,,,,,,,
64,Cc1ccc(C(=O)c2cc(O)c(O)c([N+](=O)[O-])c2)cc1,0.0,0.0,,0.0,0.0,,1.0,0.0,,0.0,0.0,
65,Cc1cc(=O)oc2cc(O)ccc12,,1.0,0.0,0.0,0.0,0.0,0.0,0.0,0.0,1.0,0.0,0.0
66,CCCCCCCCCCCCCCCC[N+](C)(C)C.[Br-],0.0,0.0,,,1.0,0.0,1.0,1.0,,,0.0,
67,CCCCCCCCCCCCCC[N+](C)(C)Cc1ccccc1.O.O.[Cl-],0.0,0.0,,,0.0,0.0,1.0,,0.0,,,
68,CCN1C(=CC=Cc2ccc3ccccc3[n+]2CC)C=Cc2ccccc21.[I-],,0.0,1.0,,0.0,,1.0,,0.0,1.0,,
69,Clc1ccc(CCC(Cn2ccnc2)Sc2c(Cl)cccc2Cl)cc1.O=[N+]([O-])O,1.0,0.0,,1.0,0.0,,,0.0,0.0,,0.0,
70,C#C[C@]1(O)CC[C@H]2[C@@H]3CCc4cc(OC5CCCC5)ccc4[C@H]3CC[C@@]21C,0.0,0.0,,0.0,1.0,0.0,,1.0,0.0,0.0,0.0,0.0
71,CC(C)=CCC/C(C)=C/CC/C(C)=C/C(=O)OCC(=O)[C@@]1(O)CC[C@H]2[C@@H]3CCC4=CC(=O)C=C[C@]4(C)[C@H]3[C@@H](O)C[C@@]21C,0.0,,,,,,,,,,,
72,c1ccc(-c2ccc(C(c3ccccc3)n3ccnc3)cc2)cc1,1.0,0.0,,1.0,,1.0,0.0,0.0,0.0,,0.0,
73,CC(=O)O.Cc1c(-c2ccc(O)cc2)n(Cc2ccc(OCCN3CCCCCC3)cc2)c2ccc(O)cc12,,0.0,0.0,1.0,,0.0,1.0,,0.0,0.0,0.0,0.0
74,CCCCCCCCCCCCOCCOCCOCCOCCOCCOCCOCCOCCOCCO,,0.0,1.0,,0.0,0.0,,,,,0.0,
75,CCCCN(CCCC)CC(O)c1cc(Cl)cc2c1-c1ccc(Cl)cc1/C2=C/c1ccc(Cl)cc1,0.0,0.0,,0.0,0.0,1.0,,1.0,0.0,0.0,0.0,0.0
76,CCN(CC)CCNc1ccc(CO)c2sc3ccccc3c(=O)c12,0.0,0.0,,,0.0,1.0,,,,1.0,0.0,1.0
77,CCC(=O)c1ccc2c(c1)N(CCCN(C)C)c1ccccc1S2.Cl,0.0,0.0,,,0.0,0.0,,0.0,,0.0,0.0,0.0
78,C[C@@H]1CN(CCCn2c3ccccc3c3ccccc32)C[C@H](C)N1.Cl.Cl,0.0,,,,,,,,,,,
79,CN1CCN(CCCN2c3ccccc3Sc3ccc(C(F)(F)F)cc32)CC1.Cl.Cl,0.0,0.0,,,0.0,0.0,,0.0,,,,0.0
80,Cl.O=C(c1ccc(F)cc1)C1CCN(CCn2c(=S)[nH]c3ccccc3c2=O)CC1,1.0,0.0,,0.0,0.0,0.0,0.0,0.0,0.0,0.0,0.0,
81,O=c1[nH]sc2cc(Cl)ccc12,1.0,,,,,,,,,,,
82,CCOC(=O)N1CCC(=C2c3ccc(Cl)cc3CCc3cccnc32)CC1,,0.0,1.0,0.0,0.0,0.0,,,0.0,1.0,,0.0
83,Clc1ccc(C(Cn2ccnc2)OCc2c(Cl)cccc2Cl)c(Cl)c1,1.0,0.0,,1.0,,,0.0,0.0,0.0,,0.0,
84,CN(C)CC/C=C1\c2ccccc2Sc2ccc(Cl)cc21,0.0,0.0,,,0.0,0.0,,0.0,0.0,,0.0,0.0
85,CN(C)CCCN1c2ccccc2CCc2ccccc21,0.0,0.0,,0.0,0.0,0.0,,,,0.0,0.0,0.0
86,CO[C@H]1/C=C/O[C@@]2(C)Oc3c(C)c(O)c4c(O)c(c(/C=N/N5CCN(C)CC5)c(O)c4c3C2=O)NC(=O)/C(C)=C\C=C\[C@H](C)[C@H](O)[C@@H](C)[C@@H](O)[C@@H](C)[C@H](OC(C)=O)[C@@H]1C,0.0,0.0,0.0,0.0,0.0,0.0,1.0,0.0,0.0,0.0,0.0,0.0
87,CN1CCN(CCC(=O)N2c3ccccc3Sc3ccc(C(F)(F)F)cc32)CC1,0.0,0.0,,0.0,0.0,0.0,,0.0,0.0,0.0,0.0,0.0
89,O=C(O)Cn1c(C(=O)Nc2nc(-c3ccccc3Cl)cs2)cc2ccccc21,,0.0,1.0,0.0,0.0,,,0.0,1.0,0.0,0.0,
90,CN1CCN(CCCN2c3ccccc3Sc3ccc(Cl)cc32)CC1.O=C(O)/C=C\C(=O)O.O=C(O)/C=C\C(=O)O,0.0,0.0,,,0.0,1.0,,,,,,0.0
91,C=C(c1ccc(C(=O)O)cc1)c1cc2c(cc1C)C(C)(C)CCC2(C)C,1.0,0.0,,0.0,,0.0,1.0,0.0,,,0.0,0.0
92,CC1=NN(c2ccc(C)c(C)c2)C(=O)/C1=N/Nc1cccc(-c2cccc(C(=O)O)c2)c1O,1.0,,,,,,,,,,,
93,CC[C@]1(O)C[C@H]2C[N@](CCc3c([nH]c4ccccc34)[C@@](C(=O)OC)(c3cc4c(cc3OC)N(C=O)[C@H]3[C@@](O)(C(=O)OC)[C@H](OC(C)=O)[C@]5(CC)C=CCN6CC[C@]43[C@@H]65)C2)C1,0.0,0.0,,0.0,,,,,,,1.0,
94,C[C@]12C/C(=C/O)C(=O)C[C@@H]1CC[C@@H]1[C@@H]2CC[C@@]2(C)[C@H]1CC[C@]2(C)O,1.0,1.0,1.0,,1.0,0.0,,1.0,,,0.0,1.0
95,Oc1c(Cl)cc(Cl)c2cccnc12,1.0,0.0,,,,1.0,1.0,,0.0,1.0,1.0,
96,COC(=O)[C@H]1[C@H]2C[C@@H]3c4[nH]c5cc(OC)ccc5c4CCN3C[C@H]2C[C@@H](OC(=O)/C=C/c2ccc(O)c(OC)c2)[C@@H]1OC,0.0,,,,,,,,,,,
97,CN1CCc2cccc3c2[C@H]1Cc1ccc(O)c(O)c1-3,,0.0,1.0,,0.0,1.0,,,0.0,0.0,0.0,0.0
98,COc1cccc2c1C(=O)c1c(O)c3c(c(O)c1C2=O)C[C@@](O)(C(=O)CO)C[C@@H]3O[C@H]1C[C@H](N)[C@H](O[C@@H]2CCCCO2)[C@H](C)O1,0.0,,,,,,,,,,,
99,OCCN1CCN(CCCN2c3ccccc3Sc3ccc(Cl)cc32)CC1,0.0,0.0,,,0.0,,,0.0,0.0,0.0,0.0,0.0
100,O=[N+]([O-])c1ccc(O)c2ncccc12,1.0,0.0,,,0.0,1.0,1.0,,0.0,,0.0,0.0
101,Clc1ccc(COC(Cn2ccnc2)c2ccc(Cl)cc2Cl)cc1.O=[N+]([O-])O,1.0,0.0,0.0,1.0,,1.0,,0.0,0.0,,0.0,
102,C#C[C@@]1(O)CC[C@H]2[C@@H]3CCC4=CCCC[C@@H]4[C@H]3CC[C@@]21C,,1.0,1.0,0.0,1.0,0.0,1.0,1.0,0.0,0.0,0.0,1.0
103,CCCCCCCCCCCCCCCCOP(=O)([O-])OCC[N+](C)(C)C,0.0,0.0,,0.0,0.0,0.0,,0.0,0.0,0.0,0.0,0.0
104,C/C(=C(/OCCOc1ccc(Cl)cc1)c1ccc(Cl)cc1Cl)n1ccnc1,1.0,,,,,,,,,,,
105,C#C[C@]1(OC(C)=O)CC[C@H]2[C@@H]3CCC4=C/C(=N/O)CC[C@@H]4[C@H]3CC[C@@]21CC,,1.0,0.0,,1.0,,,1.0,,1.0,0.0,1.0
106,Cc1nc(Nc2ncc(C(=O)Nc3c(C)cccc3Cl)s2)cc(N2CCN(CCO)CC2)n1,0.0,0.0,,,0.0,,,,,0.0,,
107,CCN(CC)CCOc1ccc2c(c1)C(=O)c1cc(OCCN(CC)CC)ccc1-2,0.0,,,,,,,,,,,
108,CCN(CC)CCSC(=O)C(c1ccccc1)c1ccccc1,,0.0,0.0,0.0,0.0,0.0,,0.0,1.0,0.0,0.0,0.0
109,C[C@H]1c2cccc(O)c2C(=O)C2=C(O)[C@]3(O)C(=O)C(C(N)=O)=C(O)[C@@H](N(C)C)[C@@H]3[C@@H](O)[C@@H]21.Cl,0.0,0.0,,0.0,0.0,0.0,0.0,0.0,0.0,0.0,0.0,0.0
110,CN(C)[C@@H]1C(O)=C(C(N)=O)C(=O)[C@@]2(O)C(O)=C3C(=O)c4c(O)cccc4[C@@](C)(O)[C@H]3C[C@@H]12.Cl,0.0,,,,,,,,,,,
111,Cl.Nc1cc(C(F)(F)F)ccc1S,1.0,,,,,,,,,,,
112,Cl.O=C(Nc1ccccc1)OCC(CN1CCCCC1)OC(=O)Nc1ccccc1,0.0,0.0,,0.0,0.0,0.0,0.0,0.0,,0.0,0.0,0.0
113,CCOC(=O)[C@H](CCc1ccccc1)N[C@H]1CCc2ccccc2N(CC(=O)O)C1=O.Cl,1.0,,,,,,,,,,,
114,Oc1c(Cl)cc(Cl)c(Cl)c1Cc1c(O)c(Cl)cc(Cl)c1Cl,1.0,0.0,,,0.0,0.0,1.0,,1.0,1.0,0.0,0.0
115,O=C(Nc1ccc(Oc2ccc(Cl)cc2)c(Cl)c1)c1cc(I)cc(I)c1O,1.0,0.0,,0.0,0.0,0.0,1.0,,0.0,1.0,0.0,
116,Oc1cc(Cl)ccc1Oc1ccc(Cl)cc1Cl,1.0,0.0,,,,,1.0,,1.0,,0.0,
117,O=C(Nc1ccc(Cl)cc1)Nc1ccc(Cl)c(Cl)c1,0.0,0.0,1.0,,0.0,1.0,1.0,,,1.0,0.0,0.0
118,C[C@]12CC[C@@H]3c4ccc(OC(=O)N(CCCl)CCCl)cc4CC[C@H]3[C@@H]1CC[C@@H]2O,0.0,,,,,,,,,,,
119,CN1CCN(C2=Nc3cc(Cl)ccc3Nc3ccccc32)CC1,0.0,0.0,,0.0,0.0,0.0,,,,0.0,0.0,0.0
120,CNCCCCOc1ccccc1Cc1ccccc1,0.0,0.0,,,0.0,0.0,,0.0,,0.0,0.0,0.0
121,CC[C@H]1CN2CCc3cc(OC)c(OC)cc3[C@@H]2C[C@@H]1C[C@H]1NCCc2cc(OC)c(OC)cc21,0.0,0.0,,1.0,0.0,0.0,,,,0.0,,
122,CO[C@@]12[C@H](COC(N)=O)C3=C(C(=O)C(C)=C(N)C3=O)N1C[C@@H]1N[C@@H]12,0.0,0.0,,,0.0,0.0,0.0,,,1.0,0.0,0.0
123,CN(Cc1cnc2nc(N)nc(N)c2n1)c1ccc(C(=O)N[C@@H](CCC(=O)O)C(=O)O)cc1,0.0,0.0,,0.0,0.0,0.0,0.0,0.0,,1.0,0.0,0.0
124,CCC1=C[C@@H]2C[N@](C1)Cc1c([nH]c3ccccc13)[C@@](C(=O)OC)(c1cc3c(cc1OC)N(C)[C@H]1[C@@](O)(C(=O)OC)[C@H](OC(C)=O)[C@]4(CC)C=CCN5CC[C@]31[C@@H]54)C2.O=C(O)C(O)C(O)C(=O)O.O=C(O)C(O)C(O)C(=O)O,0.0,,,,,,,,,,,
125,COc1c(C)c2c(c(O)c1C/C=C(\C)CCC(=O)O)C(=O)OC2,0.0,0.0,,,,,,,,1.0,0.0,
126,COC1=CC(=O)C[C@@H](C)[C@]12Oc1c(Cl)c(OC)cc(OC)c1C2=O,0.0,0.0,,1.0,0.0,0.0,0.0,0.0,1.0,1.0,1.0,0.0
127,C[C@@H]1C[C@@H]([C@H](O)CC2CC(=O)NC(=O)C2)C(=O)[C@@H](C)C1,0.0,0.0,,1.0,0.0,0.0,,,,1.0,,0.0
128,O=C1Cc2cc(CCN3CCN(c4nsc5ccccc45)CC3)c(Cl)cc2N1,,1.0,0.0,,0.0,1.0,0.0,0.0,0.0,0.0,0.0,0.0
129,O=c1[nH]c2ccccc2n1CCCN1CCN(C(c2ccccc2)c2ccccc2)CC1,0.0,0.0,,,0.0,,,0.0,,0.0,,0.0
130,COc1ccccc1N1CCN(CC(O)COc2cccc3ccccc23)CC1,0.0,0.0,,0.0,0.0,1.0,,0.0,,0.0,0.0,0.0
131,Cc1ccc2c(Br)cc(Br)c(O)c2n1,1.0,0.0,,0.0,0.0,1.0,1.0,,,,1.0,0.0
132,O=S(c1cc(Cl)cc(Cl)c1O)c1cc(Cl)cc(Cl)c1O,1.0,0.0,,0.0,0.0,0.0,,0.0,,1.0,0.0,0.0
133,CC/C(=C(\c1ccc(O)cc1)c1ccc(OCCN(C)C)cc1)c1ccccc1,,0.0,,1.0,,,,,,,,
134,CC(C)c1c(C(=O)Nc2ccccc2)c(-c2ccccc2)c(-c2ccc(F)cc2)n1CC[C@@H](O)C[C@@H](O)CC(=O)[O-].CC(C)c1c(C(=O)Nc2ccccc2)c(-c2ccccc2)c(-c2ccc(F)cc2)n1CC[C@@H](O)C[C@@H](O)CC(=O)[O-].[Ca+2],0.0,0.0,,1.0,0.0,0.0,,1.0,0.0,0.0,0.0,0.0
135,O=C1c2ccccc2C(=O)C1c1ccc(Br)cc1,0.0,,,,,,,,,,,
136,CC(=O)O[C@]1(C(C)=O)CC[C@H]2[C@@H]3C[C@H](C)C4=CC(=O)CC[C@]4(C)[C@H]3CC[C@@]21C,0.0,1.0,1.0,,0.0,0.0,,0.0,0.0,0.0,0.0,1.0
137,CC(=O)[C@H]1CC[C@H]2[C@@H]3CC=C4C[C@@H](O)CC[C@]4(C)[C@H]3CC[C@]12C,0.0,0.0,1.0,0.0,1.0,0.0,0.0,1.0,0.0,0.0,0.0,0.0
138,CC(C)(C)CC(C)(C)c1ccc(O)c(-n2nc3ccccc3n2)c1,0.0,0.0,,0.0,0.0,1.0,1.0,0.0,0.0,0.0,0.0,0.0
139,CCC(C)(C)C(=O)O[C@H]1C[C@@H](C)C=C2C=C[C@H](C)[C@H](CC[C@@H]3C[C@@H](O)CC(=O)O3)[C@H]21,,1.0,1.0,1.0,0.0,0.0,,1.0,0.0,0.0,0.0,0.0
140,CC(C)c1nc(CN(C)C(=O)N[C@H](C(=O)N[C@@H](Cc2ccccc2)C[C@H](O)[C@H](Cc2ccccc2)NC(=O)OCc2cncs2)C(C)C)cs1,0.0,0.0,,0.0,0.0,0.0,0.0,,,0.0,,0.0
141,Cc1nc(-c2ccc(OCC(C)C)c(C#N)c2)sc1C(=O)O,0.0,1.0,,,0.0,1.0,,,0.0,0.0,1.0,
142,CC(C)COCC(CN(Cc1ccccc1)c1ccccc1)N1CCCC1,0.0,0.0,,,0.0,0.0,,0.0,0.0,,,0.0
143,CCOC(=O)/C=C(C)/C=C/C=C(C)/C=C/c1c(C)cc(OC)c(C)c1C,1.0,,,,,,,,,,,
144,CCCCC(CC)COC(=O)C(C#N)=C(c1ccccc1)c1ccccc1,0.0,0.0,1.0,1.0,0.0,0.0,,0.0,0.0,0.0,0.0,0.0
145,CCCN(CCC)C(=O)Cc1c(-c2ccc(Cl)cc2)nc2ccc(Cl)cn12,0.0,0.0,,0.0,0.0,,,0.0,0.0,0.0,0.0,0.0
146,CCC(CN)=C(c1ccccc1)c1ccccc1.Cl,0.0,,,,,,,,,,,
147,Cl.Clc1ccc(C(OCCN2CCCCC2)c2ccccc2)cc1,0.0,0.0,,0.0,0.0,0.0,,0.0,0.0,0.0,0.0,0.0
148,CN1CC[C@H](c2c(O)cc(O)c3c(=O)cc(-c4ccccc4Cl)oc23)[C@H](O)C1.Cl,0.0,0.0,,,0.0,0.0,,,,0.0,0.0,
149,COc1cccc(C(=O)CCN[C@@H](C)[C@H](O)c2ccccc2)c1.Cl,,0.0,1.0,,0.0,0.0,0.0,0.0,0.0,,0.0,0.0
150,CC(Cc1cccc(C(F)(F)F)c1)NCCOC(=O)c1ccccc1.Cl,,0.0,0.0,,0.0,,,0.0,0.0,0.0,0.0,0.0
151,N=C(NCCCCCCNC(=N)NC(=N)Nc1ccc(Cl)cc1)NC(=N)Nc1ccc(Cl)cc1,0.0,1.0,1.0,,0.0,0.0,,,0.0,,0.0,
152,CN(C)[C@@H](CCOc1cccc2ccccc12)c1ccccc1,0.0,,,,,,,,,,,
153,Cc1c(C)n(CCN(C)C)c2ccc(C(=O)OCCN(C)C)cc12,0.0,,,,,,,,,,,
154,Cc1c(C)n(Cc2ccccc2)c2ccc(C(=O)OCCN(C)C)cc12,0.0,0.0,,0.0,0.0,1.0,,0.0,0.0,0.0,0.0,0.0
155,COc1cc([C@@H]2c3cc4c(cc3[C@H](O)[C@H]3COC(=O)[C@H]23)OCO4)cc(OC)c1OC,0.0,0.0,,0.0,,1.0,1.0,0.0,,0.0,1.0,
156,COC(=O)[C@H]1[C@H]2C[C@@H]3c4[nH]c5cc(OC)ccc5c4CCN3C[C@H]2C[C@@H](OC(=O)c2cc(OC)c(OC)c(OC)c2)[C@@H]1OC,0.0,0.0,0.0,1.0,1.0,1.0,1.0,,,0.0,0.0,0.0
157,COc1cccc2c1C(=O)c1c(O)c3c(c(O)c1C2=O)C[C@@](O)(C(=O)CO)CC3OC1CC(N2CCOC(OC)C2)C(O)C(C)O1,0.0,,,,,,,,,,,
158,CS(=O)(=O)O.Cc1ccc(NC(=O)c2ccc(CN3CCN(C)CC3)cc2)cc1Nc1nccc(-c2cccnc2)n1,0.0,0.0,,,0.0,1.0,1.0,0.0,0.0,0.0,,0.0
159,COc1cc2nc(N3CCN(C(=O)C4COc5ccccc5O4)CC3)nc(N)c2cc1OC.CS(=O)(=O)O,0.0,0.0,,0.0,0.0,0.0,0.0,0.0,0.0,0.0,0.0,0.0
160,N#Cc1nn(-c2c(Cl)cc(C(F)(F)F)cc2Cl)c(N)c1S(=O)C(F)(F)F,0.0,0.0,1.0,,0.0,0.0,,,0.0,,0.0,0.0
161,Cc1nc2n(c(=O)c1CCN1CCC(C(=O)c3ccc(F)cc3)CC1)CCS2,0.0,,,,,,,,,,,
162,CCc1oc2ccccc2c1C(=O)c1cc(I)c(O)c(I)c1,1.0,0.0,,,0.0,0.0,1.0,,1.0,1.0,,0.0
163,CCC(Cc1c(I)cc(I)c(N)c1I)C(=O)O,0.0,0.0,,0.0,1.0,0.0,0.0,0.0,0.0,0.0,0.0,0.0
164,Cc1ccc(-c2cc(C(F)(F)F)nn2-c2ccc(S(N)(=O)=O)cc2)cc1,0.0,0.0,1.0,,1.0,0.0,,1.0,0.0,0.0,0.0,0.0
165,CN1Cc2cc(C(=O)N3CCC(C4CCNCC4)CC3)ccc2N[C@@H](CC(=O)O)C1=O,0.0,,,,,,,,,,,
166,O=C(CCN1CCC(c2ccccc2)C1)c1ccc2c(c1)OCCO2,,0.0,1.0,,0.0,0.0,0.0,0.0,0.0,,0.0,0.0
167,CCCCN(CCN(CCCC)C(=O)N1CCOCC1)C(=O)N1CCOCC1,,,0.0,,,,,,,,,
168,O=C(N/N=C/c1ccccc1O)c1ccncc1,,0.0,0.0,,,1.0,,,,,1.0,0.0
169,O=C(CCCCCCC(=O)Nc1ccccc1)NO,0.0,0.0,,,0.0,0.0,0.0,,0.0,1.0,1.0,
170,Nc1ccc(C(=O)Nc2ccccc2N)cc1,0.0,1.0,,,0.0,1.0,1.0,1.0,1.0,1.0,1.0,
171,C[C@@H](CN(C)C)CN1c2ccccc2Sc2ccccc21.C[C@@H](CN(C)C)CN1c2ccccc2Sc2ccccc21.O=C(O)[C@@H](O)[C@@H](O)C(=O)O,0.0,0.0,,0.0,0.0,0.0,,0.0,0.0,0.0,0.0,0.0
172,O=C(O)c1ccc(-n2nc(-c3ccccc3O)nc2-c2ccccc2O)cc1,0.0,0.0,,,0.0,0.0,,,,0.0,0.0,0.0
173,O=C(O)CN(CCN(CC(=O)O)CC(=O)O)CCN(CC(=O)O)CC(=O)O,0.0,0.0,,0.0,0.0,0.0,0.0,0.0,,,1.0,0.0
174,CCCSc1ccc2[nH]c(NC(=O)OC)nc2c1,1.0,0.0,0.0,,0.0,1.0,1.0,1.0,0.0,1.0,1.0,
175,CN1C[C@H](CNC(=O)OCc2ccccc2)C[C@@H]2c3cccc4c3c(cn4C)C[C@H]21,0.0,0.0,,,0.0,,,,,0.0,0.0,0.0
176,CC[C@]12CCCN3CCc4c(n(c5ccccc45)C(=O)C1)[C@@H]32,0.0,0.0,,1.0,,0.0,0.0,0.0,0.0,1.0,0.0,0.0
177,C[C@]12CCC(=O)C=C1[C@@H]1C[C@@H]1[C@H]1[C@@H]3[C@@H]4C[C@@H]4[C@@]4(CCC(=O)O4)[C@@]3(C)CC[C@@H]12,0.0,1.0,,0.0,0.0,0.0,,,,0.0,0.0,1.0
178,CC1(CN2CCC(n3c(=O)[nH]c4ccccc43)CC2)OCc2ccccc2-n2cccc21,0.0,0.0,,1.0,0.0,0.0,,,,0.0,,0.0
179,C[C@@]12C(=O)OC(=O)[C@]1(C)C1CCC2O1,0.0,0.0,,,0.0,,1.0,,1.0,1.0,1.0,
180,C#C[C@]1(O)C=C[C@H]2[C@@H]3CCC4=CC(=O)CC[C@@H]4[C@H]3CC[C@@]21CC,0.0,1.0,,,1.0,0.0,,1.0,0.0,0.0,0.0,1.0
181,C=CCOC(Cn1ccnc1)c1ccc(Cl)cc1Cl.O=S(=O)(O)O,1.0,0.0,,1.0,0.0,,,,0.0,0.0,0.0,
182,CC[C@]1(O)C[C@@H]2C[N@@](CCc3c([nH]c4ccccc34)[C@@](C(=O)OC)(c3cc4c(cc3OC)N(C)[C@H]3[C@@](O)(C(=O)OC)[C@H](OC(C)=O)[C@]5(CC)C=CCN6CC[C@]43[C@@H]65)C2)C1.O=S(=O)(O)O,1.0,0.0,1.0,,,0.0,1.0,,,1.0,1.0,
183,O=C(O)c1cc(-c2ccc(F)cc2F)ccc1O,0.0,0.0,,0.0,0.0,0.0,,0.0,,0.0,0.0,
184,CCOC(=O)C(c1c(O)c2ccccc2oc1=O)c1c(O)c2ccccc2oc1=O,0.0,,,,,,,,,,,
185,CC(C)n1nc(-c2cc3cc(O)ccc3[nH]2)c2c(N)ncnc21,0.0,0.0,,,0.0,1.0,0.0,,,,1.0,
186,Oc1ccc(Cl)cc1Cc1ccccc1,0.0,0.0,1.0,,0.0,0.0,1.0,0.0,0.0,0.0,0.0,0.0
187,COCc1c(C(C)C)nc(C(C)C)c(/C=C/[C@@H](O)C[C@@H](O)CC(=O)[O-])c1-c1ccc(F)cc1.[Na+],0.0,1.0,,1.0,,0.0,,1.0,,0.0,0.0,
188,Oc1c(Br)cc(Br)cc1Br,0.0,0.0,1.0,0.0,0.0,0.0,1.0,0.0,0.0,1.0,0.0,0.0
189,CN(C)CCOC(c1ccccc1)c1ccc(Br)cc1,0.0,,,,,,,,,,,
190,CC(C)=CC1C(C(=O)OCc2cccc(Oc3ccccc3)c2)C1(C)C,0.0,0.0,0.0,0.0,0.0,0.0,0.0,0.0,0.0,0.0,0.0,0.0
191,CC(=O)[C@@]1(O)CC[C@H]2[C@@H]3C[C@H](C)C4=CC(=O)CC[C@]4(C)[C@H]3CC[C@@]21C,0.0,1.0,,,0.0,0.0,0.0,,0.0,0.0,0.0,1.0
192,COc1cccc2c1C(=O)c1c(O)c3c(c(O)c1C2=O)C[C@@](O)(C(C)=O)C[C@@H]3O[C@H]1C[C@H](N)[C@H](O)[C@H](C)O1,0.0,0.0,,1.0,1.0,,1.0,1.0,,1.0,1.0,1.0
193,CC(=O)Oc1ccc(C(=C2CCCCC2)c2ccc(OC(C)=O)cc2)cc1,,,1.0,,,,,,,,,
194,CC(=O)OCC(=O)[C@@]12N=C(C)O[C@@H]1C[C@H]1[C@@H]3CCC4=CC(=O)C=C[C@]4(C)[C@H]3[C@@H](O)C[C@@]12C,0.0,1.0,,,0.0,,0.0,1.0,0.0,0.0,,0.0
195,CN(C/C=C/C#CC(C)(C)C)Cc1cccc2ccccc12,0.0,0.0,,0.0,0.0,0.0,0.0,0.0,0.0,0.0,0.0,0.0
196,CC(C)CCCC(C)N,0.0,,,,,,,,,,,
197,CC(C)Oc1ccc2c(=O)c(-c3ccccc3)coc2c1,0.0,0.0,1.0,,0.0,1.0,,1.0,0.0,0.0,1.0,0.0
198,CC(C)c1c(CN(C)C(C)Cc2ccccc2)n(C)n(-c2ccccc2)c1=O,0.0,0.0,,0.0,0.0,0.0,0.0,0.0,0.0,0.0,0.0,0.0
199,CC(COc1ccccc1)N(CCCl)Cc1ccccc1,,0.0,1.0,0.0,0.0,0.0,0.0,0.0,0.0,,0.0,0.0
200,COCCOC(=O)C1=C(C)NC(C)=C(C(=O)OC(C)C)C1c1cccc([N+](=O)[O-])c1,0.0,0.0,,0.0,0.0,1.0,,0.0,0.0,0.0,0.0,0.0
201,COC(=O)C1=C(C)NC(C)=C(C(=O)OCC(C)C)C1c1ccccc1[N+](=O)[O-],1.0,0.0,,,0.0,1.0,,,,,,
202,CCOC(=O)C1=C(C)NC(C)=C(C(=O)OC)C1c1cccc(Cl)c1Cl,,0.0,1.0,,,,,0.0,0.0,,0.0,
203,CCC1=C(C)CN(C(=O)NCCc2ccc(S(=O)(=O)NC(=O)N[C@H]3CC[C@H](C)CC3)cc2)C1=O,0.0,0.0,,0.0,0.0,0.0,,0.0,,0.0,0.0,
204,Cc1cccc(N(C)C(=S)Oc2ccc3ccccc3c2)c1,0.0,0.0,,,0.0,,0.0,,0.0,0.0,0.0,0.0
205,Cc1ccc(CCn2c3c(c4cc(Cl)ccc42)CN(C)CC3)cn1,0.0,,,,,,,,,,,
206,Cc1noc(NS(=O)(=O)c2ccc(N)cc2)c1C,0.0,0.0,0.0,0.0,0.0,0.0,0.0,1.0,0.0,0.0,0.0,1.0
207,Cc1nc(C2CCCCC2)c(-c2ccc(S(N)(=O)=O)c(F)c2)o1,0.0,,,,,,,,,,,
208,CCCNCC(O)COc1ccccc1C(=O)CCc1ccccc1,0.0,0.0,,0.0,0.0,0.0,,,,0.0,0.0,0.0
209,C=CCN1C[C@H](C)N([C@H](c2ccc(C(=O)N(CC)CC)cc2)c2cccc(OC)c2)C[C@H]1C,0.0,0.0,,0.0,0.0,0.0,0.0,0.0,0.0,0.0,0.0,0.0
210,CCc1c2c(nc3ccc(OC(=O)N4CCC(N5CCCCC5)CC4)cc13)-c1cc3c(c(=O)n1C2)COC(=O)[C@]3(O)CC.Cl,0.0,0.0,,,0.0,0.0,1.0,,,1.0,0.0,0.0
211,CCCCOc1ccc(C(=O)CCN2CCCCC2)cc1.Cl,,0.0,1.0,,0.0,0.0,0.0,1.0,0.0,0.0,,0.0
212,Cc1cc(N)c2cc(NC(=O)Nc3ccc4nc(C)cc(N)c4c3)ccc2n1.Cl.Cl,0.0,,,,,,,,,,,
213,CCc1nn(CCCN2CCN(c3cccc(Cl)c3)CC2)c(=O)n1CCOc1ccccc1.Cl,0.0,0.0,,,0.0,,,,,0.0,0.0,0.0
214,COc1cc2c(cc1OC)C(=O)C(CC1CCN(Cc3ccccc3)CC1)C2.Cl,0.0,0.0,,,0.0,0.0,0.0,1.0,0.0,0.0,0.0,0.0
215,Cc1ncc2n1-c1ccc(Cl)cc1C(c1ccccc1F)=NC2.Cl,0.0,0.0,,,0.0,,,,0.0,0.0,1.0,0.0
216,CCCCNc1c(C(=O)OCC)c(C)nc2c1cnn2CC.Cl,0.0,0.0,,,0.0,,0.0,0.0,0.0,0.0,0.0,0.0
217,Cl.O=S(=O)(c1cccc2cnccc12)N1CCCNCC1,0.0,0.0,,1.0,0.0,0.0,,,0.0,0.0,0.0,0.0
218,Clc1ccc2c(c1)Nc1ccccc1S2,0.0,,,,,,,,,,,
219,CCCCCCC[N+](CC)(CC)CCCCc1ccc(Cl)cc1.Cc1ccc(S(=O)(=O)[O-])cc1,0.0,0.0,,1.0,0.0,0.0,0.0,,0.0,0.0,,0.0
220,Clc1ccc2c(c1)C(N1CCNCC1)=Nc1ccccc1O2,,0.0,0.0,1.0,,0.0,,0.0,0.0,,0.0,0.0
221,CC1COC2(c3ccccc3Cl)c3cc(Cl)ccc3NC(=O)CN12,0.0,,,,,,,,,,,
222,CC(Oc1c(Cl)cccc1Cl)C1=NCCN1,0.0,,,,,,,,,,,
223,Clc1ccc(C(Cn2ccnc2)OCc2ccc(Sc3ccccc3)cc2)c(Cl)c1,1.0,,,,,,,,,,,
224,C[C@@H]1C[C@H]2[C@@H]3CCC4=CC(=O)C=C[C@]4(C)[C@@]3(Cl)[C@@H](O)C[C@]2(C)[C@@]1(OC(=O)c1ccco1)C(=O)CCl,,1.0,1.0,,0.0,0.0,1.0,0.0,0.0,0.0,0.0,
225,CC#C[C@]1(O)CC[C@H]2[C@@H]3CCC4=CC(=O)CCC4=C3[C@@H](c3ccc(N(C)C)cc3)C[C@@]21C,0.0,1.0,1.0,,0.0,0.0,1.0,,,1.0,,0.0
226,CN1C[C@H](C(=O)N[C@]2(C)O[C@@]3(O)[C@@H]4CCCN4C(=O)[C@H](Cc4ccccc4)N3C2=O)C[C@@H]2c3cccc4[nH]cc(c34)C[C@H]21,0.0,0.0,,0.0,0.0,0.0,,,,0.0,,0.0
227,CN1CCC(=C2c3ccccc3CCc3sccc32)CC1,0.0,0.0,,0.0,0.0,0.0,,,0.0,0.0,0.0,
228,COc1ccc(OC(=O)N(CC(=O)O)Cc2ccc(OCCc3nc(-c4ccccc4)oc3C)cc2)cc1,0.0,,,,,,,,,,,
229,CC1=C(CC(=O)O)c2cc(F)ccc2/C1=C\c1ccc(S(C)(=O)=O)cc1,0.0,0.0,,0.0,0.0,0.0,,0.0,0.0,0.0,0.0,
230,CS(=O)(=O)O.N=C(N)Nc1ccc(C(=O)Oc2ccc3cc(C(=N)N)ccc3c2)cc1,0.0,0.0,,0.0,0.0,0.0,,0.0,0.0,0.0,0.0,0.0
231,CSc1ccc(/C=C2/C(C)=C(CC(=O)O)c3cc(F)ccc32)cc1,0.0,0.0,,0.0,0.0,1.0,,0.0,1.0,,0.0,
232,O=C(O)c1ccccc1Nc1cccc(C(F)(F)F)c1,0.0,0.0,1.0,0.0,0.0,0.0,1.0,0.0,,1.0,0.0,
233,N[C@@H](CSSC[C@H](N)C(=O)O)C(=O)O,,,0.0,,,,,,,,,
234,Nc1ccccc1C(=O)OCC(O)CO,0.0,,,,,,,,,,,
235,Cc1ccc(Nc2nccc(N(C)c3ccc4c(C)n(C)nc4c3)n2)cc1S(N)(=O)=O,0.0,0.0,,,0.0,,,,,1.0,,0.0
236,O.O.O=c1c(O)c(-c2ccc(O)c(O)c2)oc2cc(O)cc(O)c12,0.0,0.0,1.0,0.0,1.0,1.0,1.0,1.0,0.0,0.0,0.0,0.0
237,CCO[C@@H]1O[C@H](C(COCc2ccccc2)OCc2ccccc2)[C@H](OCc2ccccc2)[C@H]1O,0.0,,,,,,,,,,,
238,CC(=O)N/N=C/c1ccc([N+](=O)[O-])o1,,,1.0,,,,,,,,,
239,Cc1cc2c(cc1CC(=O)c1sccc1S(=O)(=O)Nc1onc(C)c1Cl)OCO2,0.0,,,,,,,,,,,
240,CCCCC/C=C\C/C=C\CCCCCCCC(=O)OCC,1.0,0.0,,0.0,0.0,0.0,0.0,0.0,0.0,0.0,0.0,0.0
241,CN1C(=O)[C@@H](NC(=O)c2cc3ccccc3[nH]2)N=C(c2ccccc2)c2ccccc21,,0.0,1.0,1.0,0.0,1.0,1.0,,,,1.0,0.0
242,CC=CC=NNC(=O)c1ccncc1,,0.0,1.0,0.0,0.0,1.0,0.0,0.0,0.0,0.0,0.0,0.0
243,N[C@@H](Cc1cc(I)c(Oc2cc(I)c(O)c(I)c2)c(I)c1)C(=O)O,0.0,0.0,0.0,,0.0,1.0,0.0,0.0,0.0,0.0,0.0,0.0
244,CN(C)CCC[C@@]1(c2ccc(F)cc2)OCc2cc(C#N)ccc21.O=C(O)C(=O)O,0.0,0.0,,0.0,0.0,0.0,,0.0,0.0,0.0,0.0,0.0
245,CC(C(=O)O)c1ccc2c(c1)[nH]c1ccc(Cl)cc12,0.0,0.0,,0.0,0.0,0.0,0.0,0.0,0.0,0.0,0.0,0.0
246,CCOc1cc(N)c(Cl)cc1C(=O)NCC1CN(Cc2ccc(F)cc2)CCO1.O=C(O)CC(O)(CC(=O)O)C(=O)O,0.0,0.0,,0.0,0.0,1.0,,0.0,,0.0,0.0,0.0
247,O=C(O)c1cccc(-c2noc(-c3ccccc3F)n2)c1,0.0,1.0,,,0.0,1.0,0.0,1.0,0.0,0.0,1.0,
248,Cc1cccc(Nc2ccccc2C(=O)O)c1C,0.0,0.0,,0.0,0.0,0.0,,0.0,0.0,0.0,0.0,
249,O=C(O)Cc1ccc2c(c1)C(=O)c1ccccc1CO2,0.0,,,,,,,,,,,
250,CCOC(=O)c1c(N)sc2c1CCN(Cc1ccccc1)C2,0.0,,,,,,,,,,,
251,CC(C)=C[C@@H]1[C@@H](C(=O)OCc2coc(Cc3ccccc3)c2)C1(C)C,0.0,0.0,0.0,0.0,0.0,0.0,0.0,0.0,0.0,0.0,0.0,0.0
252,CN(c1nccc(=O)[nH]1)C1CCN(c2nc3ccccc3n2Cc2ccc(F)cc2)CC1,0.0,0.0,,0.0,0.0,,,,0.0,0.0,0.0,0.0
253,CCn1ccc(NS(=O)(=O)c2ccc(N)cc2)nc1=O,0.0,,,,,,,,,,,
254,O=C1c2ccccc2C(=O)C1C(=O)C(c1ccccc1)c1ccccc1,0.0,,,,,,,,,,,
255,O=C(C1CCCCC1)N1CC(=O)N2CCCc3ccccc3C2C1,0.0,,,,,,,,,,,
256,O=C(C1CCCCC1)N1CC(=O)N2CCc3ccccc3C2C1,0.0,0.0,0.0,0.0,0.0,0.0,0.0,1.0,0.0,0.0,0.0,0.0
257,C[C@@H](O)[C@H]1C(=O)N2C(C(=O)O)=C([C@H]3CCCO3)S[C@H]12,0.0,0.0,,0.0,0.0,0.0,0.0,0.0,0.0,0.0,0.0,0.0
258,C=CC[C@]1(O)CC[C@H]2[C@@H]3CCC4=CC(=O)CCC4=C3C=C[C@@]21C,0.0,1.0,,0.0,1.0,,0.0,1.0,0.0,0.0,0.0,1.0
259,C[C@]12CCC(=O)C=C1CC[C@@H]1[C@@H]2CC[C@@]2(C)[C@H]1CC[C@]2(C)O,0.0,1.0,,0.0,1.0,0.0,0.0,1.0,0.0,1.0,0.0,1.0
260,C[C@@H]1CC[C@H]2[C@@H](C)C(=O)O[C@@H]3O[C@@]4(C)CC[C@@H]1C32OO4,0.0,,,,,,,,,,,
261,CCO[C@H](Cc1ccc(OCCc2ccc(OS(C)(=O)=O)cc2)cc1)C(=O)O,0.0,0.0,,0.0,0.0,0.0,0.0,0.0,1.0,0.0,0.0,0.0
262,CC1(C)[C@H](C(=O)O)N2C(=O)C[C@H]2S1(=O)=O,0.0,0.0,,0.0,0.0,0.0,0.0,0.0,,,0.0,0.0
263,COP(=O)(OC)C(O)C(Cl)(Cl)Cl,0.0,0.0,1.0,0.0,0.0,0.0,0.0,0.0,0.0,0.0,0.0,
264,CCOC(=O)C(O)(c1ccc(Cl)cc1)c1ccc(Cl)cc1,0.0,0.0,,,0.0,1.0,1.0,,0.0,1.0,0.0,0.0
265,O=c1oc2ccccc2c(O)c1Cc1c(O)c2ccccc2oc1=O,,,1.0,,,,,,,,,
266,COc1ccc(C(CN(C)C)C2(O)CCCCC2)cc1,0.0,0.0,,0.0,0.0,0.0,0.0,0.0,0.0,0.0,0.0,0.0
267,Cc1cc(O)cc(C)c1Cl,0.0,0.0,0.0,0.0,0.0,0.0,1.0,0.0,0.0,0.0,0.0,0.0
268,CC[C@H](c1ccc(O)cc1)[C@@H](CC)c1ccc(O)cc1,1.0,0.0,1.0,0.0,1.0,0.0,1.0,1.0,,1.0,0.0,0.0
269,O=C(OCc1ccccc1)c1ccc(O)cc1,1.0,0.0,0.0,,1.0,0.0,,1.0,0.0,0.0,1.0,0.0
270,CC(C)NCC(O)c1ccc(O)c(O)c1,0.0,0.0,,0.0,0.0,0.0,0.0,0.0,0.0,0.0,0.0,0.0
271,O=C(c1cc(O)c(O)c(O)c1)c1ccc(O)c(O)c1O,0.0,0.0,,0.0,0.0,1.0,1.0,0.0,,1.0,0.0,0.0
272,C[C@]12CC[C@@H]3c4ccc(O)cc4CC[C@H]3[C@@H]1CC[C@@H]2OC(=O)CCC1CCCC1,,1.0,0.0,0.0,1.0,0.0,1.0,1.0,0.0,0.0,0.0,1.0
273,C[C@]12CC[C@H]3[C@@H](CCC4=CC(=O)CC[C@@]43C)[C@@H]1CC[C@@H]2C(=O)CO,0.0,1.0,,,0.0,0.0,0.0,1.0,0.0,0.0,0.0,1.0
274,O=C(OCC(O)CO)c1ccccc1Nc1ccnc2c(C(F)(F)F)cccc12,0.0,,,,,,,,,,,
275,CC(O)C(=O)O.CCCCCCCCCCCCCCNCCO,0.0,0.0,,,0.0,,,1.0,0.0,0.0,0.0,0.0
276,CCCCCCCCCCCCSCCOCCO,0.0,0.0,,0.0,0.0,0.0,0.0,0.0,0.0,0.0,0.0,0.0
277,CC(=O)N(O)CCCCCNC(=O)CCC(=O)N(O)CCCCCNC(=O)CCC(=O)N(O)CCCCCN.CS(=O)(=O)O,0.0,0.0,,0.0,0.0,0.0,0.0,0.0,0.0,0.0,0.0,0.0
278,CC(=O)O[C@H]1C[C@@H]2CC[C@@H]3[C@H](CC[C@@]4(C)[C@H]3C[C@H]([N+]3(C)CCCCC3)[C@@H]4OC(C)=O)[C@@]2(C)C[C@@H]1N1CCCCC1.[Br-],0.0,0.0,,0.0,0.0,0.0,0.0,1.0,0.0,0.0,0.0,0.0
279,CC[N+]1(CCOC(=O)C(O)(c2ccccc2)c2ccccc2)CCCCC1.[Br-],0.0,1.0,,,,0.0,0.0,1.0,0.0,0.0,0.0,1.0
280,CC(=O)CCC(=O)[O-].CC(=O)CCC(=O)[O-].O.O.[Ca+2],0.0,0.0,,0.0,0.0,,0.0,1.0,0.0,0.0,0.0,0.0
282,CC(=O)OCC1=C(C(=O)[O-])N2C(=O)[C@@H](NC(=O)CSc3ccncc3)[C@H]2SC1.[Na+],0.0,0.0,,0.0,0.0,0.0,0.0,0.0,0.0,0.0,0.0,0.0
283,O=C([O-])Cc1ccccc1Nc1c(Cl)cccc1Cl.[Na+],0.0,0.0,,0.0,0.0,0.0,0.0,1.0,0.0,1.0,0.0,0.0
284,CO[C@@]1(NC(=O)CSCC#N)C(=O)N2C(C(=O)[O-])=C(CSc3nnnn3C)CS[C@@H]21.[Na+],0.0,0.0,,0.0,0.0,0.0,0.0,0.0,0.0,0.0,0.0,0.0
285,Cc1onc(-c2c(Cl)cccc2Cl)c1C(=O)N[C@@H]1C(=O)N2[C@@H]1SC(C)(C)[C@@H]2C(=O)[O-].O.[Na+],0.0,,,,,,,,,,,
286,C[C@]1(Cn2ccnn2)[C@H](C(=O)[O-])N2C(=O)C[C@H]2S1(=O)=O.[Na+],0.0,0.0,,0.0,,0.0,,0.0,,,0.0,0.0
287,Cn1cnc2c(F)c(Nc3ccc(Br)cc3Cl)c(C(=O)NOCCO)cc21,0.0,0.0,,,1.0,,0.0,1.0,0.0,0.0,0.0,0.0
288,c1ccc(CCNc2nc(-c3ccccc3)cs2)cc1,0.0,1.0,,,0.0,1.0,,1.0,0.0,0.0,1.0,0.0
289,CC(C)=CCOc1c2occc2cc2ccc(=O)oc12,0.0,0.0,,,0.0,1.0,0.0,0.0,0.0,0.0,0.0,0.0
290,C[C@@H](N)C(=O)O,,,0.0,,,,,,,,,
291,C[C@@H]1CC2=CC(=O)CC[C@@H]2[C@H]2CC[C@@]3(C)[C@@H](CC[C@]3(C)O)[C@@H]21,0.0,,,,,,,,,,,
292,CCC(C)(C)c1ccc(CC(C)CN2C[C@@H](C)O[C@@H](C)C2)cc1,0.0,0.0,,,0.0,0.0,1.0,,0.0,,0.0,0.0
293,CC(C)=CC1C(C(=O)OCN2C(=O)C3=C(CCCC3)C2=O)C1(C)C,1.0,0.0,,,0.0,0.0,,0.0,,,0.0,0.0
294,c1ccc(-c2nc[nH]c2-c2ccccc2)cc1,0.0,0.0,,0.0,0.0,0.0,,0.0,0.0,1.0,0.0,0.0
295,CC(=O)[C@@]1(O)CC[C@H]2[C@@H]3CCC4=CC(=O)CC[C@]4(C)[C@H]3CC[C@@]21C,0.0,1.0,,0.0,1.0,0.0,0.0,1.0,0.0,0.0,0.0,1.0
296,C=C1C[C@H]2[C@@H]3C=C(C)C4=CC(=O)CC[C@]4(C)[C@H]3CC[C@]2(C)[C@@]1(OC(C)=O)C(C)=O,0.0,1.0,1.0,,,0.0,0.0,0.0,0.0,0.0,0.0,0.0
297,CC(=O)O[C@]1(C(C)=O)CC[C@H]2[C@@H]3C=C(C)C4=CC(=O)CC[C@]4(C)[C@H]3CC[C@@]21C,0.0,1.0,1.0,,0.0,0.0,,0.0,0.0,0.0,0.0,
298,COc1ccccc1N1CCN(CCCCNC(=O)c2ccc(-c3ccc(C(C)=O)cc3)cc2)CC1,0.0,0.0,,0.0,0.0,0.0,0.0,0.0,0.0,0.0,0.0,0.0
299,CCOC(=O)Oc1ccc(CCNC(=O)[C@H](CCSC)NC(C)=O)cc1OC(=O)OCC,0.0,,,,,,,,,,,
300,CC(=O)N[C@@H](CS)C(=O)O,0.0,0.0,,0.0,0.0,0.0,0.0,0.0,0.0,0.0,0.0,0.0
301,COC[C@@H](NC(C)=O)C(=O)NCc1ccccc1,0.0,,,,,,,,,,,
302,Cc1cc(C(C)(C)C)c(O)c(C(C)(C)C)c1,0.0,0.0,0.0,0.0,0.0,0.0,1.0,0.0,0.0,0.0,0.0,0.0
303,COc1ccccc1Oc1c(NS(=O)(=O)c2ccc(C(C)(C)C)cc2)nc(-c2ncccn2)nc1OCCO,0.0,0.0,,0.0,0.0,0.0,0.0,0.0,,0.0,0.0,
304,CC(C)(C)OC(=O)c1ncn2c1[C@@H]1CCCN1C(=O)c1c(Br)cccc1-2,0.0,0.0,,0.0,0.0,,0.0,0.0,0.0,0.0,0.0,0.0
305,Cc1c2oc3c(C)ccc(C(=O)N[C@@H]4C(=O)N[C@H](C(C)C)C(=O)N5CCC[C@H]5C(=O)N(C)CC(=O)N(C)[C@@H](C(C)C)C(=O)O[C@@H]4C)c3nc-2c(C(=O)N[C@@H]2C(=O)N[C@H](C(C)C)C(=O)N3CCC[C@H]3C(=O)N(C)CC(=O)N(C)[C@@H](C(C)C)C(=O)O[C@@H]2C)c(N)c1=O,0.0,0.0,,1.0,0.0,0.0,,,,1.0,0.0,
306,Cc1ccc(C(C)C)cc2c(C)ccc1-2,0.0,,,,,,,,,,,
307,CC(C)CCCC(C)CCCC(C)CCCCC(C)CCCC(C)CCCC(C)C,0.0,,,,,,,,,,,
308,CC(C)Cn1cnc2c(N)nc3ccccc3c21,0.0,0.0,,0.0,0.0,1.0,0.0,,0.0,0.0,0.0,0.0
309,CC(=O)Nc1ccc(OCC(O)CNC(C)C)cc1,,0.0,0.0,0.0,0.0,0.0,0.0,0.0,0.0,0.0,0.0,0.0
310,CC(C)OC(=O)C(C(=O)OC(C)C)=C1SC=CS1,0.0,0.0,,0.0,0.0,,1.0,0.0,0.0,0.0,0.0,0.0
311,CC(=O)OC/C=C(C)/C=C/C=C(C)/C=C/C1=C(C)CCCC1(C)C,1.0,0.0,1.0,0.0,1.0,0.0,0.0,0.0,0.0,0.0,0.0,0.0
312,CC1=C(C(=O)O)N2C(=O)[C@@H](NC(=O)[C@H](N)c3ccccc3)[C@H]2SC1,0.0,,,,,,,,,,,
313,Cc1nc2n(c(=O)c1CCN1CCC(c3noc4cc(F)ccc34)CC1)CCCC2,0.0,0.0,,0.0,0.0,0.0,0.0,0.0,0.0,0.0,0.0,0.0
314,CC1(COc2ccc(CC3SC(=O)NC3=O)cc2)CCCCC1,0.0,0.0,,1.0,0.0,,1.0,,1.0,,0.0,0.0
315,Cc1ccc(O)c(-n2nc3ccccc3n2)c1,0.0,0.0,,,0.0,1.0,,1.0,0.0,0.0,1.0,0.0
316,Cc1cccc(N(C)C(=S)Oc2ccc3c(c2)C2CCC3C2)c1,0.0,,,,,,,,,,,
317,Cc1ccc(N(CC2=NCCN2)c2cccc(O)c2)cc1,0.0,0.0,,0.0,0.0,0.0,,,0.0,,0.0,0.0
318,CCOCC(O)COc1ccc(NC(=O)CC[S+](C)C)cc1.Cc1ccc(S(=O)(=O)[O-])cc1,0.0,0.0,,0.0,0.0,,0.0,0.0,0.0,0.0,0.0,0.0
319,Cc1cccc(Nc2cc(Cl)nc(SCC(=O)O)n2)c1C,0.0,0.0,,0.0,0.0,0.0,0.0,0.0,1.0,0.0,0.0,
320,Cc1oncc1C(=O)Nc1ccc(C(F)(F)F)cc1,1.0,0.0,1.0,,0.0,1.0,1.0,0.0,0.0,0.0,1.0,
321,CCC(=O)O[C@H]1CC[C@H]2[C@@H]3CCC4=CC(=O)CC[C@]4(C)[C@H]3CC[C@]12C,0.0,1.0,,,1.0,0.0,0.0,1.0,0.0,0.0,0.0,1.0
322,CCC1(c2cnc[nH]2)Cc2ccccc2C1,,0.0,0.0,0.0,0.0,1.0,,0.0,0.0,0.0,0.0,
323,CCc1nc(N)nc(N)c1-c1ccc(Cl)cc1,0.0,1.0,1.0,0.0,0.0,0.0,0.0,,,,0.0,1.0
324,CCN(CC)CCOc1ccc(Cc2ccccc2)cc1,0.0,0.0,,0.0,,,,,0.0,0.0,0.0,
325,CCOC(=O)CC(SP(=S)(OC)OC)C(=O)OCC,0.0,0.0,,0.0,0.0,0.0,0.0,0.0,0.0,0.0,0.0,0.0
326,CCOP(=S)(OCC)Oc1ccc2c(C)c(Cl)c(=O)oc2c1,0.0,0.0,0.0,0.0,0.0,1.0,0.0,0.0,0.0,0.0,0.0,0.0
327,Cl.O=C1OC(CN2CCOCC2)CN1N=Cc1ccc([N+](=O)[O-])o1,0.0,0.0,,0.0,0.0,0.0,0.0,0.0,0.0,0.0,0.0,0.0
328,CNNCc1ccc(C(=O)NC(C)C)cc1.Cl,0.0,0.0,0.0,0.0,0.0,,0.0,0.0,0.0,0.0,0.0,0.0
329,Cc1c(F)c(N2CCNC(C)C2)cc2c1c(=O)c(C(=O)O)cn2C1CC1.Cl,0.0,,,,,,,,,,,
330,Cc1cccc(Cc2c[nH]cn2)c1C.Cl,,0.0,0.0,,0.0,,0.0,0.0,0.0,0.0,0.0,
331,CNCC[C@@H](Oc1ccccc1C)c1ccccc1.Cl,0.0,0.0,,0.0,0.0,0.0,0.0,0.0,,0.0,0.0,0.0
332,CC1(C)OC[C@@H](COC(=O)CCc2ccc(OC[C@@H](O)CNCCNC(=O)N3CCOCC3)cc2)O1.Cl,0.0,0.0,,0.0,0.0,0.0,0.0,0.0,0.0,0.0,0.0,0.0
333,CCCCOc1cc(C(=O)OCCN(CC)CC)ccc1N.Cl,0.0,0.0,,0.0,0.0,1.0,0.0,0.0,0.0,0.0,0.0,0.0
334,CCOc1ccc(Cc2nccc3cc(OCC)c(OCC)cc23)cc1OCC.Cl,0.0,0.0,,0.0,0.0,,,,0.0,,0.0,0.0
335,Cl.O=C(COc1ccc(Cl)cc1)N1CCN(Cc2ccc3c(c2)OCO3)CC1,0.0,0.0,1.0,1.0,0.0,0.0,0.0,,0.0,0.0,0.0,0.0
336,CN(C)CCOC(=O)COc1ccc(Cl)cc1.Cl,0.0,0.0,0.0,0.0,0.0,0.0,0.0,0.0,0.0,0.0,0.0,0.0
337,Cl.O=c1n(CCCN2CCN(c3cccc(Cl)c3)CC2)nc2ccccn12,0.0,0.0,1.0,0.0,0.0,0.0,0.0,0.0,0.0,0.0,0.0,0.0
338,CCc1cccc(N(C)C(=N)Nc2cccc3ccccc23)c1.Cl,0.0,0.0,,,0.0,0.0,0.0,0.0,0.0,0.0,0.0,0.0
339,CN(C)CCCOc1nn(Cc2ccccc2)c2ccccc12.Cl,0.0,0.0,,0.0,0.0,0.0,0.0,0.0,0.0,0.0,0.0,0.0
340,CCOC(=O)OC(C)OC(=O)[C@@H]1N2C(=O)[C@@H](NC(=O)[C@H](N)c3ccccc3)[C@H]2SC1(C)C.Cl,0.0,0.0,,0.0,0.0,0.0,0.0,0.0,0.0,0.0,0.0,0.0
341,CN(C)CCn1nnnc1SCC1=C(C(=O)O)N2C(=O)[C@@H](NC(=O)Cc3csc(N)n3)[C@H]2SC1.Cl,0.0,0.0,,0.0,0.0,0.0,0.0,0.0,0.0,0.0,0.0,0.0
342,Cl.NCC(=O)CCC(=O)O,0.0,,,,,,,,,,,
343,Cl.NNc1nncc2ccccc12,1.0,0.0,1.0,,,1.0,0.0,1.0,0.0,0.0,0.0,0.0
344,Cl.Cn1cc(C(=O)[C@@H]2CCc3[nH]cnc3C2)c2ccccc21,,0.0,0.0,0.0,0.0,0.0,0.0,0.0,0.0,0.0,0.0,0.0
345,CC(C)(C(=O)O)c1ccc(C(O)CCCN2CCC(C(O)(c3ccccc3)c3ccccc3)CC2)cc1.Cl,0.0,0.0,,0.0,0.0,0.0,0.0,0.0,0.0,0.0,0.0,0.0
346,Cl.O=C(O)c1cn(C2CC2)c2cc(N3CCNCC3)c(F)cc2c1=O,0.0,0.0,,0.0,0.0,0.0,0.0,0.0,0.0,0.0,0.0,0.0
347,CCOC(=O)[C@H](CCc1ccccc1)N[C@@H](C)C(=O)N1Cc2ccccc2C[C@H]1C(=O)O.Cl,0.0,0.0,0.0,0.0,0.0,1.0,0.0,0.0,0.0,0.0,0.0,0.0
348,CCN1CC(CCN2CCOCC2)C(c2ccccc2)(c2ccccc2)C1=O.Cl,0.0,0.0,,0.0,0.0,0.0,0.0,0.0,0.0,0.0,0.0,0.0
349,CCOc1ccccc1OCCN[C@H](C)Cc1ccc(OC)c(S(N)(=O)=O)c1.Cl,0.0,1.0,,0.0,0.0,0.0,1.0,0.0,0.0,0.0,0.0,1.0
350,Cl.NCCc1cc(O)c(O)cc1O,0.0,,,,,,,,,,,
351,CCOC(=O)[C@@](C)(N)Cc1ccc(O)c(O)c1.Cl,0.0,0.0,,,0.0,0.0,0.0,0.0,0.0,0.0,0.0,0.0
352,CNC[C@H](O)c1ccc(O)c(O)c1.Cl,0.0,,,,,,,,,,,
353,Cl.Oc1cn2c(n1)Nc1ccc(Cl)c(Cl)c1C2,0.0,0.0,,0.0,0.0,1.0,0.0,0.0,0.0,0.0,0.0,0.0
354,N[Pt](N)(Cl)Cl,0.0,0.0,1.0,0.0,0.0,0.0,,0.0,0.0,0.0,0.0,0.0
355,CN(C(=O)C(Cl)Cl)c1ccc(OC(=O)c2ccco2)cc1,0.0,0.0,,0.0,,0.0,0.0,1.0,0.0,0.0,0.0,0.0
356,O=C(CBr)Nc1ccc(Cl)cc1C(=O)c1ccccc1F,0.0,,,,,,,,,,,
357,COP(=S)(OC)Oc1cc(Cl)c(Cl)cc1Cl,0.0,0.0,,0.0,0.0,1.0,1.0,0.0,0.0,0.0,0.0,0.0
358,O=C(CCN1CCN2CCCC2C1)N1c2ccccc2Sc2ccc(Cl)cc21,0.0,0.0,,0.0,0.0,0.0,,0.0,0.0,0.0,0.0,0.0
359,O=c1[nH]c2cc(Cl)ccc2n1C1CCNCC1,0.0,,,,,,,,,,,
360,COc1ccc2c(c1)c(CC(=O)OC/C=C(\C)CC/C=C(\C)CCC=C(C)C)c(C)n2C(=O)c1ccc(Cl)cc1,0.0,,,,,,,,,,,
361,O=C(NC(Cc1cc(=O)[nH]c2ccccc12)C(=O)O)c1ccc(Cl)cc1,0.0,0.0,,0.0,0.0,0.0,0.0,0.0,0.0,0.0,0.0,0.0
362,N=C(N)NC(=O)c1nc(Cl)c(N)nc1N,0.0,0.0,,0.0,0.0,,,,,1.0,0.0,0.0
363,O=C(NC(=O)c1c(F)cccc1F)Nc1cc(Cl)c(OC(F)(F)C(F)C(F)(F)F)cc1Cl,0.0,0.0,0.0,0.0,0.0,0.0,1.0,0.0,0.0,0.0,0.0,0.0
364,CCOC(=O)N1CCC(Nc2ccc(Cl)cc2N)CC1,,,1.0,,,,,,,,,
365,Cc1ccc(Nc2c(F)cccc2Cl)c(CC(=O)O)c1,0.0,0.0,,0.0,0.0,,,0.0,1.0,0.0,0.0,0.0
366,CCC(=O)O[C@]1(C(=O)CCl)[C@@H](C)C[C@H]2[C@@H]3CCC4=CC(=O)C=C[C@]4(C)[C@@]3(F)[C@@H](O)C[C@@]21C,0.0,1.0,,,0.0,1.0,1.0,0.0,0.0,0.0,0.0,1.0
367,CC1(C)O[C@@H]2C[C@H]3[C@@H]4CCC5=CC(=O)CC[C@]5(C)[C@@]4(F)[C@@H](O)C[C@]3(C)[C@]2(C(=O)CCl)O1,0.0,1.0,,,,,,0.0,0.0,0.0,0.0,0.0
368,ClCCN1CCCC1,0.0,,,,,,,,,,,
369,CC(CC1c2ccccc2CCc2ccccc21)CN(C)C,0.0,,,,,,,,,,,
370,CNC(=O)Oc1cccc2ccccc12,0.0,0.0,1.0,0.0,0.0,1.0,,0.0,0.0,0.0,0.0,0.0
371,C=C[C@H]1CN2CCC1C[C@H]2[C@H](O)c1ccnc2ccc(OC)cc12,0.0,0.0,,,0.0,1.0,0.0,0.0,0.0,0.0,0.0,0.0
372,CCOCCOC(=O)C=Cc1ccc(OC)cc1,0.0,,,,,,,,,,,
373,COc1ccc(C(=O)c2c(C)n(CCN3CCOCC3)c3ccccc23)cc1,0.0,0.0,,0.0,0.0,0.0,,0.0,0.0,,0.0,0.0
374,COc1ccc(-c2cc(=O)c3c(O)cc(O[C@@H]4O[C@H](CO[C@@H]5O[C@@H](C)[C@H](O)[C@@H](O)[C@H]5O)[C@@H](O)[C@H](O)[C@H]4O)cc3o2)cc1O,0.0,0.0,,0.0,0.0,1.0,0.0,0.0,0.0,0.0,0.0,0.0
375,COc1ccc2nc(NC(=O)Nc3ccccc3)sc2c1,0.0,1.0,,,0.0,1.0,1.0,,0.0,0.0,1.0,0.0
376,CS(=O)(=O)c1ccc(-c2cn3ccccc3n2)cc1,,,0.0,,,,,,,,,
377,CNCCc1ccccn1.CS(=O)(=O)O,0.0,,,,,,,,,,,
378,CO/N=C1\CN(c2nc3c(cc2F)c(=O)c(C(=O)O)cn3C2CC2)CC1CN.CS(=O)(=O)O,0.0,0.0,,0.0,0.0,,0.0,0.0,0.0,0.0,0.0,0.0
379,O=C(O)c1cccnc1Nc1cccc(C(F)(F)F)c1,0.0,0.0,,,0.0,0.0,1.0,0.0,,0.0,0.0,
380,O=C1OC(OC(=O)c2cccnc2Nc2cccc(C(F)(F)F)c2)c2ccccc21,0.0,0.0,,0.0,0.0,0.0,1.0,0.0,0.0,0.0,0.0,
381,COCCCC/C(=N\OCCN)c1ccc(C(F)(F)F)cc1,0.0,0.0,,,0.0,0.0,,0.0,,0.0,0.0,0.0
382,C[C@H]1O[C@@H](n2cc(F)c(=O)[nH]c2=O)[C@H](O)[C@@H]1O,0.0,0.0,,0.0,1.0,0.0,0.0,1.0,0.0,1.0,0.0,0.0
383,O=C1[C@H](CC[C@H](O)c2ccc(F)cc2)[C@@H](c2ccc(O)cc2)N1c1ccc(F)cc1,0.0,0.0,,0.0,0.0,,1.0,0.0,0.0,0.0,0.0,0.0
384,Cc1nc2ccccn2c(=O)c1CCN1CCC(C(=O)c2ccc(F)cc2)CC1,0.0,0.0,,0.0,0.0,0.0,0.0,0.0,0.0,0.0,0.0,0.0
385,O=C(CCCN1CCC(n2c(=O)[nH]c3ccccc32)CC1)c1ccc(F)cc1,0.0,0.0,,0.0,0.0,1.0,0.0,0.0,0.0,0.0,0.0,0.0
386,O=C(CCCN1CCC(O)(c2ccc(Cl)cc2)CC1)c1ccc(F)cc1,0.0,0.0,,0.0,0.0,0.0,,0.0,0.0,0.0,0.0,0.0
387,O=C(CCCN1CCN(c2ccccn2)CC1)c1ccc(F)cc1,0.0,0.0,,0.0,0.0,0.0,0.0,0.0,0.0,0.0,0.0,0.0
388,O=C(O)CCn1c2c(c3ccccc31)C[C@H](NS(=O)(=O)c1ccc(F)cc1)CC2,0.0,,,,,,,,,,,
389,C[C@]12CC[C@H]3[C@@H](CC[C@@]45O[C@@H]4C(O)=C(C#N)C[C@]35C)[C@@H]1CC[C@@H]2O,0.0,1.0,1.0,,0.0,0.0,,1.0,0.0,1.0,0.0,1.0
390,Nc1cc(-c2ccncc2)c[nH]c1=O,0.0,0.0,,0.0,0.0,,,0.0,0.0,0.0,0.0,0.0
391,Nc1ccc(S(=O)(=O)Nc2cnc3ccccc3n2)cc1,0.0,1.0,0.0,0.0,0.0,0.0,0.0,0.0,0.0,0.0,0.0,0.0
392,Nc1ccc(O)cc1,1.0,0.0,,,0.0,1.0,1.0,0.0,1.0,1.0,1.0,0.0
393,CCCN1CCC[C@@H]2Cc3nc(N)ncc3C[C@H]21,0.0,0.0,,0.0,0.0,,0.0,0.0,0.0,0.0,0.0,0.0
394,Nc1ncnc(Nc2ccccc2)n1,0.0,0.0,,,0.0,0.0,0.0,,0.0,0.0,0.0,0.0
395,NCCNCCNCCNCCN,0.0,0.0,,0.0,0.0,0.0,,0.0,0.0,0.0,0.0,0.0
396,NS(=O)(=O)c1cc(C2(O)NC(=O)c3ccccc32)ccc1Cl,0.0,0.0,,0.0,0.0,0.0,0.0,0.0,0.0,0.0,0.0,0.0
397,NS(=O)(=O)c1cc2c(cc1Cl)N=CNS2(=O)=O,0.0,0.0,0.0,0.0,0.0,0.0,0.0,0.0,0.0,0.0,0.0,0.0
398,CN1C(CSCC(F)(F)F)Nc2cc(Cl)c(S(N)(=O)=O)cc2S1(=O)=O,0.0,0.0,,0.0,0.0,,0.0,0.0,0.0,0.0,0.0,0.0
399,NS(=O)(=O)c1cc2c(cc1Cl)NC(C(Cl)Cl)NS2(=O)=O,0.0,0.0,,0.0,0.0,0.0,0.0,0.0,0.0,0.0,0.0,0.0
400,OC[C@]1(O)OC[C@@H](O)[C@H](O)[C@@H]1O,0.0,0.0,0.0,0.0,0.0,0.0,0.0,0.0,0.0,0.0,0.0,0.0
401,Cc1c(C(=O)O)c(O)cc2c1C(=O)c1c(O)c([C@@H]3O[C@H](CO)[C@@H](O)[C@H](O)[C@H]3O)c(O)c(O)c1C2=O,0.0,0.0,,0.0,0.0,0.0,0.0,0.0,0.0,0.0,0.0,0.0
402,O=C1O[C@H](CO)[C@@H](O)[C@H](O)[C@H]1O,0.0,0.0,0.0,0.0,0.0,0.0,0.0,0.0,0.0,0.0,0.0,0.0
403,O=C(C=Cc1ccc(O)c(O)c1)O[C@@H]1C[C@@](OC(=O)C=Cc2ccc(O)c(O)c2)(C(=O)O)C[C@@H](O)[C@@H]1O,0.0,0.0,,0.0,0.0,0.0,0.0,0.0,0.0,0.0,0.0,0.0
404,C[C@]12CC[C@H]3[C@@H](CC=C4C[C@@H](O)CC[C@@]43C)[C@@H]1CC[C@@H]2O,,1.0,0.0,,1.0,0.0,0.0,1.0,0.0,0.0,0.0,1.0
405,O=[N+]([O-])c1cc([As](=O)(O)O)ccc1O,0.0,0.0,0.0,0.0,0.0,0.0,0.0,0.0,0.0,0.0,0.0,0.0
406,NC(=O)C(=O)NN=Cc1ccc([N+](=O)[O-])o1,,,1.0,,,,,,,,,
407,O=[N+]([O-])c1ccc([As](=O)(O)O)cc1,0.0,0.0,,0.0,0.0,0.0,0.0,0.0,0.0,0.0,0.0,0.0
408,CCCCCCCCC/C=C\C=C/C=C\C=C/C=C\C(=O)OCC,0.0,,,,,,,,,,,
409,CC(=O)Nc1ccc(OC(=O)c2ccccc2OC(C)=O)cc1,0.0,1.0,,0.0,0.0,0.0,,0.0,0.0,0.0,0.0,0.0
410,CC(C)Nc1cccnc1N1CCN(C(=O)c2cc3cc(NS(C)(=O)=O)ccc3[nH]2)CC1,0.0,0.0,,0.0,0.0,0.0,,0.0,0.0,0.0,0.0,0.0
411,CC(C)OC(=O)C(C)(C)Oc1ccc(C(=O)c2ccc(Cl)cc2)cc1,0.0,0.0,,0.0,0.0,0.0,0.0,0.0,0.0,0.0,0.0,0.0
412,CC(C(=O)O)c1ccc(C(=O)c2ccccc2)s1,0.0,0.0,,,0.0,,,,0.0,0.0,0.0,
414,CN1CCC(O)(c2ccc(F)cc2)C(C(=O)c2ccc(F)cc2)C1,0.0,,,,,,,,,,,
415,CCC(=O)c1ccc(O)cc1,0.0,0.0,,0.0,0.0,0.0,0.0,0.0,0.0,0.0,0.0,0.0
416,O=C(CN1CCN(Cc2ccc3c(c2)OCO3)CC1)N1c2ccccc2Sc2ccccc21,0.0,0.0,,0.0,0.0,1.0,0.0,0.0,,0.0,0.0,0.0
417,O=C(CCCCC(=O)Nc1c(I)cc(I)c(C(=O)O)c1I)Nc1c(I)cc(I)c(C(=O)O)c1I,0.0,0.0,,0.0,0.0,0.0,0.0,0.0,0.0,0.0,0.0,0.0
418,O=C(CS)Nc1ccccc1,,0.0,0.0,0.0,0.0,1.0,,1.0,0.0,1.0,0.0,
419,COc1ccc(Cl)cc1C(=O)NCCc1ccc(S(=O)(=O)NC(=O)NC2CCCCC2)cc1,0.0,0.0,,0.0,0.0,0.0,,0.0,,0.0,0.0,0.0
420,CN(C)CCOC(c1ccc(Cl)cc1)c1ccccn1.O=C(O)/C=C\C(=O)O,0.0,0.0,,0.0,0.0,0.0,0.0,0.0,0.0,0.0,0.0,0.0
421,COC[C@H](c1ccc(C(F)(F)F)cc1)N1CCN(C2(C)CCN(C(=O)c3c(C)ncnc3C)CC2)C[C@H]1C.O=C(O)/C=C\C(=O)O,0.0,0.0,,0.0,0.0,0.0,0.0,0.0,0.0,0.0,0.0,0.0
422,COc1cc(OC)nc(O[C@H](C(=O)O)C(OC)(c2ccccc2)c2ccccc2)n1,,,0.0,,,,,,,,,
423,CC(=O)OCC1=C(C(=O)O)N2C(=O)[C@@H](NC(=O)Cc3cccs3)[C@H]2SC1,1.0,,,,,,,,,,,
424,CC(C)OC(=O)OCOP(=O)(CO[C@H](C)Cn1cnc2c(N)ncnc21)OCOC(=O)OC(C)C.O=C(O)C=CC(=O)O,0.0,0.0,,0.0,0.0,0.0,0.0,0.0,0.0,0.0,0.0,0.0
425,O=C(O)c1cc(=O)c2ccccc2o1,0.0,0.0,,0.0,0.0,0.0,0.0,0.0,0.0,0.0,0.0,0.0
426,Cc1cc(CC(=O)O)c(C)n1-c1ccc(Cl)cc1,0.0,,,,,,,,,,,
427,O=C(O)CCCCC1CCSS1,0.0,0.0,1.0,0.0,0.0,0.0,0.0,0.0,0.0,0.0,0.0,0.0
428,Cc1ccc(C(=O)Oc2ccc(C(O)CNC(C)(C)C)cc2OC(=O)c2ccc(C)cc2)cc1,0.0,,,,,,,,,,,
429,CCOC(=O)c1cc(=O)c2c(OCC(COc3cccc4oc(C(=O)OCC)cc(=O)c34)OC(=O)[C@@H](N)CCCCN)cccc2o1,0.0,,,,,,,,,,,
430,CCCCNc1ccc(C(=O)OCCOCCOCCOCCOCCOCCOCCOCCOCCOC)cc1,0.0,0.0,,0.0,0.0,0.0,1.0,0.0,0.0,0.0,0.0,0.0
431,O=C1CC[C@@]2(O)[C@H]3Cc4ccc(O)c5c4[C@@]2(CCN3CC2CC2)[C@H]1O5,0.0,0.0,,0.0,0.0,0.0,0.0,0.0,0.0,0.0,0.0,0.0
432,C#C[C@]1(O)CC[C@H]2[C@@H]3[C@H](C)CC4=C(CCC(=O)C4)[C@H]3CC[C@@]21C,0.0,1.0,,0.0,1.0,0.0,0.0,1.0,0.0,0.0,0.0,1.0
433,CCCCCCNC(=O)n1cc(F)c(=O)[nH]c1=O,0.0,,,,,,,,,,,
434,O=C1NS(=O)(=O)c2ccccc21,0.0,0.0,0.0,0.0,0.0,0.0,0.0,0.0,0.0,0.0,0.0,0.0
435,C[C@]12CC[C@H](O)CC1=CC[C@@H]1[C@@H]2CC[C@]2(C)C(=O)CC[C@@H]12,0.0,0.0,,,1.0,0.0,0.0,1.0,0.0,0.0,0.0,0.0
436,C[C@]12CC[C@H]3[C@@H](CCC4=CC(=O)CC[C@@H]43)[C@@H]1CC[C@@H]2O,0.0,1.0,1.0,0.0,1.0,0.0,0.0,1.0,0.0,0.0,0.0,1.0
437,C#C[C@]1(O)CC[C@H]2[C@@H]3CCC4=CC(=O)CC[C@@H]4[C@H]3CC[C@@]21C,0.0,1.0,1.0,0.0,1.0,0.0,0.0,1.0,0.0,0.0,0.0,1.0
438,C#C[C@]1(O)CC[C@H]2[C@@H]3CCC4=CC(=O)CC[C@@H]4[C@H]3CC[C@@]21CC,0.0,1.0,,0.0,1.0,0.0,0.0,1.0,0.0,0.0,0.0,1.0
439,O=C1CC2(CCCC2)CC(=O)N1CCCCN1CCN(c2ncccn2)CC1,0.0,0.0,1.0,0.0,0.0,0.0,0.0,0.0,0.0,0.0,0.0,0.0
440,C[C@]12CC[C@H]3[C@@H](CCC4=CC(=O)CC[C@@H]43)[C@@H]1CC[C@@H]2OC(=O)CCc1ccccc1,0.0,1.0,,,1.0,0.0,0.0,1.0,0.0,0.0,0.0,1.0
441,COc1cc(NC(C)CCCN)c2ncccc2c1.O=P(O)(O)O.O=P(O)(O)O,0.0,0.0,,0.0,0.0,,0.0,,0.0,0.0,0.0,0.0
442,CCN(CC)CCCC(C)Nc1ccnc2cc(Cl)ccc12.O=P(O)(O)O.O=P(O)(O)O,0.0,0.0,0.0,0.0,0.0,0.0,0.0,0.0,0.0,0.0,0.0,0.0
443,O=S(=O)(O)c1cc(I)c(O)c2ncccc12,0.0,0.0,,0.0,0.0,,0.0,0.0,0.0,0.0,0.0,0.0
444,CC(C)(C)C(=O)OCOC(=O)C1N2C(=O)CC2S(=O)(=O)C1(C)C,0.0,0.0,,0.0,0.0,0.0,,0.0,,,0.0,
445,CC(=O)N[C@@H](CO)C(=O)N[C@@H](CC(=O)O)C(=O)N[C@@H](CCCCN)C(=O)N1CCC[C@H]1C(=O)O,0.0,,,,,,,,,,,
446,O=C(O)c1cc(O)nc(O)n1,0.0,0.0,0.0,0.0,0.0,0.0,0.0,0.0,0.0,0.0,0.0,0.0
447,O=C(O)c1ccccc1S,0.0,0.0,,0.0,0.0,0.0,0.0,0.0,0.0,0.0,0.0,0.0
448,O=C(O)CCc1nc(-c2ccccc2)c(-c2ccccc2)o1,0.0,0.0,,0.0,0.0,0.0,0.0,,1.0,0.0,0.0,0.0
449,CC(C(O)c1ccccc1)N(C)C/C=C/c1ccccc1,0.0,,,,,,,,,,,
450,CC(CCc1ccccc1)NC(C)C(O)c1ccc(O)cc1,0.0,0.0,,0.0,0.0,0.0,0.0,0.0,0.0,0.0,0.0,0.0
451,Cc1ncc(CO)c(C=O)c1O,0.0,0.0,,0.0,0.0,0.0,0.0,0.0,0.0,0.0,0.0,0.0
452,O=c1oc2c(O)c(O)cc3c(=O)oc4c(O)c(O)cc1c4c23,0.0,0.0,,0.0,0.0,0.0,0.0,0.0,0.0,0.0,0.0,0.0
453,Cc1cc(O)c(C)c(C)c1O,0.0,,,,,,,,,,,
454,O=C(O)c1cc(O)c(O)c(O)c1,0.0,0.0,1.0,0.0,0.0,0.0,0.0,0.0,0.0,0.0,0.0,0.0
455,COc1cc(O)cc(O)c1,0.0,0.0,,0.0,,,0.0,,0.0,0.0,0.0,0.0
456,N#CC(C#N)=Cc1ccc(O)c(O)c1,0.0,0.0,,0.0,,0.0,1.0,0.0,0.0,0.0,0.0,0.0
457,COC(=O)c1ccc(O)cc1,0.0,0.0,0.0,0.0,0.0,0.0,0.0,0.0,0.0,0.0,0.0,0.0
458,Oc1ccc(C2CNCCc3c2cc(O)c(O)c3Cl)cc1,0.0,0.0,,0.0,1.0,0.0,0.0,1.0,0.0,0.0,0.0,0.0
459,N[C@H](C(=O)O)[C@@H](O)c1ccc(O)c(O)c1,0.0,,,,,,,,,,,
460,Oc1cc(O)c2c(c1)O[C@H](c1ccc(O)c(O)c1)[C@H](O)C2,0.0,0.0,,0.0,0.0,0.0,,0.0,0.0,0.0,0.0,0.0
461,O=S(=O)(O)O.Oc1ccc(C(O)CNCCCCCCNCC(O)c2ccc(O)c(O)c2)cc1O,0.0,0.0,,0.0,0.0,0.0,,0.0,0.0,0.0,0.0,0.0
462,CC=Cc1ccc(O)c(OC)c1,0.0,0.0,,,,,,,0.0,0.0,0.0,0.0
463,C=CCc1ccc(O)c(OC)c1,0.0,0.0,0.0,0.0,0.0,0.0,0.0,0.0,0.0,0.0,0.0,0.0
464,CCCCCCCCC(=O)NCc1ccc(O)c(OC)c1,0.0,1.0,0.0,1.0,0.0,0.0,0.0,0.0,0.0,0.0,0.0,0.0
465,COc1ccc(O)cc1,0.0,0.0,,0.0,0.0,0.0,0.0,0.0,,0.0,0.0,0.0
466,Oc1ccc(CCNCCCCCCNCCc2ccccc2)cc1O,0.0,0.0,,0.0,0.0,0.0,0.0,0.0,,0.0,0.0,0.0
467,O=C1CCCc2c(O)cccc21,0.0,,,,,,,,,,,
468,Oc1cccc2[nH]ccc12,0.0,,,,,,,,,,,
469,C[C@H]1C[C@H]2[C@@H]3CCC4=CC(=O)C=C[C@]4(C)[C@@]3(F)[C@@H](O)C[C@]2(C)[C@@]1(O)C(=O)CO,0.0,1.0,0.0,,0.0,1.0,0.0,0.0,0.0,0.0,0.0,1.0
470,CC1(C)O[C@@H]2C[C@H]3[C@@H]4CCC5=CC(=O)C=C[C@]5(C)[C@@]4(F)[C@@H](O)C[C@]3(C)[C@]2(C(=O)CO)O1,0.0,1.0,0.0,,1.0,0.0,0.0,1.0,0.0,0.0,0.0,0.0
471,C[C@@H]1C[C@H]2[C@@H]3CCC4=CC(=O)C=C[C@]4(C)[C@@]3(F)[C@@H](O)C[C@]2(C)[C@H]1C(=O)CO,0.0,1.0,,,0.0,,0.0,0.0,0.0,0.0,0.0,1.0
472,O=C(CCN1CCN(CCO)CC1)N1c2ccccc2Sc2ccc(C(F)(F)F)cc21,0.0,0.0,,0.0,0.0,0.0,,0.0,0.0,0.0,0.0,0.0
473,N=C(N)c1ccc(OCCCCCOc2ccc(C(=N)N)cc2)cc1.O=S(=O)(O)CCO.O=S(=O)(O)CCO,0.0,0.0,1.0,1.0,0.0,0.0,1.0,,0.0,0.0,,0.0
474,C[C@H]1CC[C@]2(NC1)O[C@H]1C[C@H]3[C@@H]4CC[C@H]5C[C@@H](O[C@@H]6O[C@H](CO)[C@H](O[C@@H]7O[C@H](CO)[C@@H](O)[C@H](O[C@@H]8OC[C@@H](O)[C@H](O)[C@H]8O)[C@H]7O[C@@H]7O[C@H](CO)[C@@H](O)[C@H](O)[C@H]7O)[C@H](O)[C@H]6O)CC[C@]5(C)[C@H]4CC[C@]3(C)[C@H]1[C@@H]2C,,0.0,,,1.0,,,,,,,
475,CC(=O)O.CC(C)c1ccc2c(c1)CC[C@H]1[C@](C)(CN)CCC[C@]21C,,0.0,,,,0.0,,,,,,
476,CCCCc1oc2ccc(NS(C)(=O)=O)cc2c1C(=O)c1ccc(OCCCN(CCCC)CCCC)cc1,1.0,0.0,0.0,,0.0,,,0.0,,,,0.0
477,COC(=O)C1=C(C)NC(C)=C(C(=O)OCCCN2CCC(c3ccccc3)(c3ccccc3)CC2)C1c1cccc([N+](=O)[O-])c1.Cl,,0.0,,,0.0,,,,,,,
478,COc1cc2c(cc1OC)-c1c/c(=N\c3c(C)cc(C)cc3C)n(C)c(=O)n1CC2.Cl,,0.0,,,0.0,,,,,,,
479,C[C@@H](NCCCc1cccc(C(F)(F)F)c1)c1cccc2ccccc12.Cl,,0.0,,,,0.0,,,,,,
480,OC1(c2ccc(Cl)c(C(F)(F)F)c2)CCN(CCCC(c2ccc(F)cc2)c2ccc(F)cc2)CC1,,0.0,,,,,1.0,,,,,
481,C1CCC(C(CC2CCCCN2)C2CCCCC2)CC1.O=C(O)/C=C\C(=O)O,,0.0,,,,,1.0,,,,,
482,Oc1c(Br)cc(Br)c2cccnc12,1.0,0.0,1.0,0.0,0.0,1.0,0.0,,0.0,1.0,0.0,0.0
483,Cc1ccc(O)c2ncccc12,1.0,0.0,1.0,,0.0,0.0,0.0,,,1.0,0.0,0.0
484,Oc1ccc(Cl)c2cccnc12,1.0,0.0,1.0,,0.0,1.0,1.0,0.0,0.0,0.0,0.0,0.0
485,CCCCCCCCCCCC[N+](C)(C)Cc1ccccc1.[Cl-],,0.0,,,0.0,0.0,1.0,,,,,
487,CC(C)(c1ccccc1)c1ccc(O)c(C(C)(C)c2ccccc2)c1,,0.0,,,,0.0,1.0,,,,0.0,
488,CCN(CC)CCCN(c1ccccc1)C1Cc2ccccc2C1.Cl,0.0,0.0,0.0,,0.0,,,,,,,
489,COc1ccc(CN2CCN(C(c3ccc(F)cc3)c3ccc(F)cc3)CC2)c(OC)c1OC.Cl.Cl,0.0,1.0,0.0,0.0,0.0,0.0,,0.0,,,,0.0
490,CN(C)[C@@H]1C(O)=C(C(N)=O)C(=O)[C@@]2(O)C(O)=C3C(=O)c4c(O)ccc(Cl)c4[C@@H](O)[C@H]3C[C@@H]12.Cl,0.0,,0.0,,,,,,,,,
492,CN(C)C(=O)C1(N2CCCCC2)CCN(CCC2(c3ccc(Cl)c(Cl)c3)CN(C(=O)c3ccccc3)CCO2)CC1.Cl,,0.0,,,,0.0,,,,,,
493,CSc1ccc2c(c1)C(N1CCN(C)CC1)Cc1ccccc1S2,0.0,0.0,0.0,,0.0,0.0,,0.0,,0.0,0.0,0.0
494,CNC(=O)c1ccccc1Sc1ccc2c(/C=C/c3ccccn3)n[nH]c2c1,0.0,,1.0,,,,,,,,,
495,C[C@H]1CC[C@@H]2[C@@H](C)[C@H]3[C@H](C[C@H]4[C@@H]5CC=C6CC(O[C@@H]7O[C@H](CO)[C@H](O)[C@H](O[C@@H]8O[C@H](CO)[C@@H](O)[C@H](O)[C@H]8O)[C@H]7O[C@H]7O[C@@H](C)[C@H](O)[C@@H](O)[C@H]7O)CC[C@]6(C)[C@H]5CC[C@]34C)N2C1,,0.0,,,,0.0,,0.0,0.0,,0.0,0.0
496,CC(C)C[C@H](NC(=O)[C@H](Cc1ccccc1)NC(=O)c1cnccn1)B(O)O,1.0,0.0,1.0,1.0,,0.0,0.0,,,1.0,1.0,0.0
497,COc1cc(C=C2CCCC(=Cc3ccc(O)c(OC)c3)C2=O)ccc1O,1.0,0.0,1.0,,0.0,0.0,1.0,,,,,
498,CCCCCCCCCCCCCC[P+](CCCCCC)(CCCCCC)CCCCCC.[Br-],,0.0,,,,,1.0,,,,,
499,CCN1C(=CC=Cc2sc3ccccc3[n+]2CC)Sc2ccccc21.[I-],0.0,0.0,1.0,,,,,,,1.0,,
500,CC(C)C[C@H](NC(=O)[C@H](CCc1ccccc1)NC(=O)CN1CCOCC1)C(=O)N[C@@H](Cc1ccccc1)C(=O)N[C@@H](CC(C)C)C(=O)[C@@]1(C)CO1,1.0,0.0,1.0,,,0.0,0.0,,,1.0,1.0,
501,C/C=C/C[C@@H](C)[C@@H](O)[C@H]1C(=O)N[C@@H](CC)C(=O)N(C)CC(=O)N(C)[C@@H](CC(C)C)C(=O)N[C@@H](C(C)C)C(=O)N(C)[C@@H](CC(C)C)C(=O)N[C@@H](C)C(=O)N[C@H](C)C(=O)N(C)[C@@H](CC(C)C)C(=O)N(C)[C@@H](CC(C)C)C(=O)N(C)[C@@H](C(C)C)C(=O)N1C,0.0,0.0,1.0,0.0,0.0,0.0,,0.0,,0.0,0.0,
502,CC[C@@H]([C@H](C)O)n1ncn(-c2ccc(N3CCN(c4ccc(OCC5CO[C@@](Cn6cncn6)(c6ccc(F)cc6F)C5)cc4)CC3)cc2)c1=O,0.0,0.0,1.0,0.0,0.0,0.0,0.0,,0.0,0.0,0.0,0.0
503,C=C1/C(=C\C=C2/CCC[C@]3(C)[C@@H]([C@H](C)/C=C/[C@@H](O)C4CC4)CC[C@@H]23)C[C@@H](O)C[C@@H]1O,1.0,0.0,1.0,0.0,0.0,0.0,1.0,0.0,,,0.0,
504,CC(=O)c1ccc2c(c1)N(CCCN1CCC(CCO)CC1)c1ccccc1S2,0.0,0.0,0.0,0.0,0.0,0.0,0.0,0.0,0.0,0.0,0.0,0.0
505,CC(=O)O[Hg]c1ccccc1,1.0,0.0,1.0,,1.0,,,,1.0,1.0,,1.0
506,CC(C)(C)C1CCC(CC2=C(O)C(=O)c3ccccc3C2=O)CC1,0.0,,1.0,,,,,,,,,
507,CCOC(=O)C1=C(C)NC(C)=C(C(=O)OCC)C1c1ccccc1/C=C/C(=O)OC(C)(C)C,1.0,0.0,1.0,1.0,1.0,1.0,,,1.0,1.0,,
508,Cc1cc(C)c(C=C2C(=O)Nc3ccccc32)[nH]1,0.0,0.0,1.0,0.0,,1.0,1.0,0.0,0.0,,0.0,
509,Cl.Clc1ccc(Cn2c(CN3CCCC3)nc3ccccc32)cc1,1.0,0.0,0.0,0.0,0.0,0.0,0.0,0.0,0.0,0.0,0.0,0.0
510,CCOC(=O)O[C@H](C)OC(=O)c1ccc2c(c1)cc(C(=O)NC1CCN(C(C)C)CC1)n2Cc1cc(-c2ccc(Cl)s2)on1.Cl,,0.0,,,,0.0,,,,,,
511,CNCCCC1c2ccccc2C=Cc2ccccc21.Cl,0.0,0.0,0.0,0.0,0.0,0.0,,0.0,0.0,0.0,0.0,0.0
512,CNCCCN1c2ccccc2CCc2ccccc21.Cl,0.0,0.0,0.0,0.0,0.0,0.0,,0.0,,0.0,0.0,0.0
513,CN1CCCN(C(c2ccccc2)c2ccc(Cl)cc2)CC1,0.0,0.0,1.0,0.0,0.0,0.0,,0.0,,,0.0,0.0
514,CN1CCN(CCCN2c3ccccc3Sc3ccc(S(=O)(=O)N(C)C)cc32)CC1.CS(=O)(=O)O.CS(=O)(=O)O,0.0,0.0,0.0,0.0,0.0,0.0,,0.0,0.0,0.0,0.0,0.0
515,CC(C)(C)NC(=O)[C@@H]1C[C@@H]2CCCC[C@@H]2CN1C[C@@H](O)[C@H](Cc1ccccc1)NC(=O)[C@H](CC(N)=O)NC(=O)c1ccc2ccccc2n1.CS(=O)(=O)O,,0.0,,,0.0,0.0,1.0,,,,,0.0
516,CCCCCOc1ccccc1/C(=C\SC)n1ccnc1,1.0,,1.0,,,,,,,,,
517,Fc1ccc(C(c2ccc(F)cc2)N2CCN(C/C=C/c3ccccc3)CC2)cc1,0.0,0.0,0.0,,0.0,0.0,0.0,0.0,,,0.0,0.0
518,CS(=O)(=O)CCNCc1ccc(-c2ccc3ncnc(Nc4ccc(OCc5cccc(F)c5)c(Cl)c4)c3c2)o1,1.0,,1.0,,,,,,,,,
519,N=C(N)NN=C(C=Cc1ccc([N+](=O)[O-])o1)C=Cc1ccc([N+](=O)[O-])o1,1.0,0.0,1.0,,1.0,,1.0,,1.0,1.0,1.0,
520,CCCCCCCCCCCC(=O)O[Sn](CCCC)(CCCC)OC(=O)CCCCCCCCCCC,1.0,0.0,1.0,0.0,0.0,0.0,0.0,0.0,0.0,0.0,0.0,0.0
521,CCCCCCCCCCCC[N+](C)(C)CCCCCCCCCCCC.[Br-],,0.0,1.0,,,,,,,,,
523,CCCCCCCCCCCCCCCCCC[N+](C)(C)C.[Cl-],,0.0,,,,0.0,,,,,,
525,COc1ccc2cc3[n+](cc2c1OC)CCc1cc2c(cc1-3)OCO2.[Cl-],0.0,0.0,1.0,,0.0,1.0,1.0,,0.0,1.0,0.0,0.0
527,O=C1C(I)=CC(=C(c2cc(I)c([O-])c(I)c2)c2ccccc2C(=O)[O-])C=C1I.[Na+].[Na+],0.0,0.0,1.0,0.0,0.0,0.0,1.0,0.0,,,0.0,0.0
528,CC[Hg]Sc1ccccc1C(=O)[O-].[Na+],1.0,0.0,1.0,,1.0,,,,1.0,1.0,1.0,1.0
529,CC(C)=CCOc1ccc(/C=C/C(=O)c2ccc(OCC=C(C)C)cc2OCC(=O)O)cc1,1.0,0.0,1.0,,0.0,0.0,1.0,0.0,,1.0,0.0,
530,CCCCCCCC[N+](C)(CCCCCCCC)CCCCCCCC.O=S(=O)([O-])C(F)(F)F,,0.0,,,,,1.0,,,,,
531,COCCOC(=O)C1=C(C)NC(C)=C(C(=O)OC/C=C/c2ccccc2)C1c1cccc([N+](=O)[O-])c1,0.0,0.0,1.0,,0.0,1.0,1.0,,,0.0,,
532,CN1CCC(Nc2ncc3ncnc(Nc4ccc(F)c(Cl)c4)c3n2)CC1.Cl.Cl,1.0,0.0,1.0,,,1.0,,0.0,1.0,1.0,1.0,1.0
533,Cl.O=C(OCC(O)CO)c1ccccc1Nc1ccnc2cc(Cl)ccc12,1.0,0.0,1.0,,0.0,,,0.0,0.0,0.0,0.0,0.0
534,COC(=O)c1nc(Cl)c(Cl)nc1N,1.0,,1.0,,,,,,,,,
535,Clc1ccc2c(c1)CCc1cccnc1C2=C1CCNCC1,0.0,0.0,0.0,,0.0,0.0,,,0.0,0.0,0.0,0.0
538,CN(C)CCCN1c2ccccc2CCc2ccc(Cl)cc21,0.0,0.0,0.0,,0.0,0.0,,,,0.0,0.0,
539,COC1=C(OC)C(=O)C(CCCCCCCCCCO)=C(C)C1=O,0.0,0.0,0.0,,0.0,0.0,,,,1.0,,
540,COc1ccc([C@@H]2Sc3ccccc3NC(=O)[C@@H]2O)cc1,0.0,,0.0,,,,,,,,,
541,CS(=O)(=O)O.N[C@@H]1[C@H]2CN(c3nc4c(cc3F)c(=O)c(C(=O)O)cn4-c3ccc(F)cc3F)C[C@@H]12,0.0,0.0,1.0,1.0,,0.0,,,1.0,1.0,0.0,1.0
542,CCCCCCCCCCCCCC[P+](CCCCCC)(CCCCCC)CCCCCC.F[P-](F)(F)(F)(F)F,,0.0,,,,,1.0,,,,,
543,O=C1Nc2ccc(Cl)cc2[C@@](C#CC2CC2)(C(F)(F)F)O1,1.0,0.0,1.0,,0.0,0.0,1.0,,0.0,,0.0,0.0
544,COc1cc2ncnc(Nc3ccc(F)c(Cl)c3)c2cc1OCCCN1CCOCC1,0.0,0.0,1.0,,0.0,1.0,,,0.0,,0.0,0.0
545,NC1(c2ccc(-c3nc4ccn5c(=O)[nH]nc5c4cc3-c3ccccc3)cc2)CCC1,0.0,0.0,0.0,0.0,,0.0,1.0,0.0,0.0,,0.0,
546,Nc1ccc2c(c1)CN1C(=O)c3ccccc3C1=N2,0.0,,0.0,,,,,,,,,
547,CC(=O)Oc1ccccc1C(=O)Nc1ncc([N+](=O)[O-])s1,1.0,0.0,0.0,,0.0,1.0,1.0,1.0,0.0,1.0,1.0,
548,CC/C(=C(\c1ccccc1)c1ccc(OCCN(C)C)cc1)c1ccccc1.O=C(O)CC(O)(CC(=O)O)C(=O)O,,0.0,,1.0,1.0,0.0,,,0.0,,0.0,0.0
549,COc1ccccc1OCCNCC(O)COc1cccc2[nH]c3ccccc3c12.O=C(O)C(O)C(O)C(=O)O,0.0,0.0,0.0,0.0,0.0,1.0,1.0,,0.0,0.0,0.0,0.0
550,O=C(Oc1cccc2cccnc12)c1ccccc1,1.0,0.0,1.0,,0.0,,,,,0.0,0.0,0.0
552,Cc1cc2nc3c(=O)[nH]c(=O)nc-3n(C[C@H](O)[C@H](O)[C@H](O)CO)c2cc1C,0.0,0.0,0.0,0.0,0.0,1.0,1.0,0.0,0.0,0.0,0.0,0.0
553,Oc1ccc(Cl)cc1Sc1cc(Cl)ccc1O,1.0,0.0,0.0,,0.0,0.0,1.0,,0.0,1.0,,
554,CCCCCCCCCCCCCC[P+](CCCC)(CCCC)CCCC.[Cl-],,0.0,,,,,1.0,,,,,
556,CCCCCCCCCCCCCC[P+](CCCCCC)(CCCCCC)CCCCCC.[Cl-],,0.0,,,,,1.0,,,,,
557,CN(C)c1ccc2nc3ccc(N(C)C)cc3[s+]c2c1.[Cl-],0.0,0.0,1.0,1.0,,1.0,1.0,,0.0,1.0,0.0,0.0
558,CC1(C)[C@@H](OC(=O)CCC(=O)[O-])CC[C@]2(C)[C@H]3C(=O)C=C4[C@@H]5C[C@@](C)(C(=O)[O-])CC[C@]5(C)CC[C@@]4(C)[C@]3(C)CC[C@@H]12.[Na+].[Na+],0.0,0.0,1.0,0.0,0.0,0.0,0.0,0.0,0.0,0.0,0.0,0.0
559,Br.NC(=O)C(c1ccccc1)(c1ccccc1)[C@@H]1CCN(CCc2ccc3c(c2)CCO3)C1,0.0,0.0,0.0,0.0,0.0,,,0.0,,0.0,0.0,0.0
560,CC(C)=CCC1C(=O)N(c2ccccc2)N(c2ccccc2)C1=O,1.0,1.0,1.0,,0.0,,,,,1.0,0.0,0.0
561,COc1cc2c(c(OC)c1OC)-c1ccc(OC)c(=O)cc1[C@@H](NC(C)=O)CC2,0.0,0.0,1.0,0.0,0.0,0.0,1.0,0.0,,0.0,1.0,
562,CC(=O)OCC(=O)[C@@]12OC(C)(C)O[C@@H]1C[C@H]1[C@@H]3C[C@H](F)C4=CC(=O)C=C[C@]4(C)[C@@]3(F)[C@@H](O)C[C@@]12C,0.0,1.0,0.0,,,,0.0,,0.0,0.0,,0.0
563,Cc1ccc(-n2nc(C(C)(C)C)cc2NC(=O)Nc2ccc(OCCN3CCOCC3)c3ccccc23)cc1,0.0,0.0,0.0,0.0,0.0,1.0,1.0,,,,0.0,0.0
564,CC(=O)O[C@@]12CO[C@@H]1C[C@H](O)[C@@]1(C)C(=O)[C@H](O)C3=C(C)[C@@H](OC(=O)[C@H](O)[C@@H](NC(=O)OC(C)(C)C)c4ccccc4)C[C@@](O)([C@@H](OC(=O)c4ccccc4)[C@H]21)C3(C)C,0.0,0.0,0.0,0.0,0.0,0.0,1.0,0.0,,1.0,0.0,
565,Cc1cccc(C)c1OCC(=O)N[C@@H](Cc1ccccc1)[C@@H](O)C[C@H](Cc1ccccc1)NC(=O)[C@H](C(C)C)N1CCCNC1=O,0.0,0.0,1.0,,0.0,0.0,1.0,0.0,,0.0,,
566,COc1cc(C)nc(-n2nc(C)cc2OC)n1,1.0,0.0,0.0,0.0,0.0,,0.0,0.0,0.0,0.0,0.0,0.0
567,Cc1c(Cl)cccc1Nc1ccccc1C(=O)O,0.0,0.0,1.0,0.0,0.0,0.0,1.0,0.0,,1.0,0.0,
568,CCCCCCCC/C=C\CCCCCCCCN,0.0,,0.0,,,,,,,,,
569,Cl.Cl.N=C(NCCCCCCNC(=N)NC(=N)Nc1ccc(Cl)cc1)NC(=N)Nc1ccc(Cl)cc1,,0.0,1.0,,,,,,,,,
570,CN(C)CCCN1c2ccccc2Sc2ccc(C(F)(F)F)cc21.Cl,0.0,0.0,0.0,,0.0,0.0,,,,1.0,0.0,0.0
571,Cl.O=C1[C@H]2CCCC[C@H]2C(=O)N1CCCCN1CCN(c2nsc3ccccc23)CC1,0.0,0.0,1.0,,0.0,,,0.0,0.0,0.0,0.0,0.0
572,C=C(CC)C(=O)c1ccc(OCC(=O)O)c(Cl)c1Cl,1.0,0.0,1.0,,1.0,0.0,0.0,0.0,,1.0,0.0,0.0
573,Clc1ccccc1C(c1ccccc1)(c1ccccc1)n1ccnc1,1.0,0.0,1.0,1.0,,1.0,,,,,0.0,
574,ClCCN(CCCl)CCCl,0.0,0.0,1.0,0.0,0.0,0.0,0.0,0.0,0.0,1.0,0.0,0.0
575,CN(C)C(=O)C(CCN1CCC(O)(c2ccc(Cl)cc2)CC1)(c1ccccc1)c1ccccc1,0.0,0.0,0.0,,0.0,0.0,0.0,,,0.0,0.0,0.0
576,CC[C@H](C)[C@H]1O[C@]2(CC[C@@H]1C)C[C@@H]1C[C@@H](C/C=C(\C)[C@@H](O[C@H]3C[C@H](OC)[C@@H](O[C@H]4C[C@H](OC)[C@@H](O)[C@H](C)O4)[C@H](C)O3)[C@@H](C)/C=C/C=C3\CO[C@@H]4[C@H](O)C(C)=C[C@@H](C(=O)O1)[C@]34O)O2,,0.0,,0.0,,0.0,,,,,,
577,CS(=O)(=O)O.C[C@H](N)C(=O)N[C@@H](C)C(=O)N[C@@]1(C)[C@@H]2CN(c3nc4c(cc3F)c(=O)c(C(=O)O)cn4-c3ccc(F)cc3F)C[C@@H]21,0.0,,1.0,,,,,,,,,
578,CNCCC(Oc1ccc(C(F)(F)F)cc1)c1ccccc1,0.0,0.0,0.0,,0.0,0.0,,,,,0.0,0.0
579,C[C@@H]1CC(=O)NN=C1c1ccc(NN=C(C#N)C#N)cc1,0.0,0.0,0.0,,0.0,,,,,1.0,0.0,
580,Cc1c(Cl)c(=O)oc2cc(OP(=O)(OCCCl)OCCCl)ccc12,0.0,0.0,0.0,0.0,0.0,,0.0,0.0,0.0,,0.0,0.0
581,Cc1ccc(S(=O)(=O)O)cc1.NC1CCN(c2nc3c(cc2F)c(=O)c(C(=O)O)cn3-c2ccc(F)cc2F)C1,0.0,0.0,1.0,0.0,0.0,,0.0,0.0,,0.0,0.0,1.0
582,Oc1c(I)cc(I)c2cccnc12,0.0,0.0,0.0,0.0,0.0,1.0,0.0,0.0,0.0,1.0,0.0,0.0
583,O=Cc1ccc(O)c(O)c1O,1.0,,1.0,,,,,,,,,
584,O=C1OC(c2ccc(O)cc2)(c2ccc(O)cc2)c2ccccc21,0.0,0.0,1.0,0.0,1.0,1.0,1.0,1.0,,0.0,0.0,0.0
585,CC[n+]1c(-c2ccccc2)c2cc(N)ccc2c2ccc(N)cc21.[Br-],0.0,0.0,1.0,1.0,,1.0,1.0,0.0,0.0,1.0,,1.0
586,CCCCCCCC[N+](CCCCCCCC)(CCCCCCCC)CCCCCCCC.[Br-],,0.0,,1.0,,,1.0,,,,,
587,CCCCCCCC[P+](CCCCCCCC)(CCCCCCCC)CCCCCCCC.[Br-],,0.0,,1.0,,,1.0,,,,,
588,Cc1ccc(Cl)c(Nc2ccccc2C(=O)[O-])c1Cl.O.[Na+],0.0,0.0,0.0,0.0,0.0,0.0,0.0,0.0,,1.0,0.0,0.0
589,O=C1OCCN1/N=C/c1ccc([N+](=O)[O-])o1,0.0,0.0,1.0,,1.0,,0.0,1.0,0.0,0.0,0.0,
590,CC1(C)OC(=O)Nc2ccc(Br)cc21,0.0,,0.0,,,,,,,,,
591,CC(C)=CCNc1ncnc2c1ncn2[C@@H]1O[C@H](CO)[C@@H](O)[C@H]1O,0.0,,1.0,,,,,,,,,
592,c1ccc2c(c1)OCC(C1=NCCN1)O2,1.0,0.0,1.0,,0.0,0.0,1.0,,,0.0,0.0,0.0
593,C(=C/c1ccccc1)\CN1CCN(C(c2ccccc2)c2ccccc2)CC1,0.0,0.0,1.0,0.0,0.0,0.0,0.0,0.0,0.0,0.0,0.0,0.0
594,C=C[C@@]1(C)CC(=O)[C@]2(O)[C@@]3(C)[C@@H](O)CCC(C)(C)[C@@H]3[C@H](O)[C@H](OC(C)=O)[C@@]2(C)O1,0.0,0.0,0.0,1.0,0.0,0.0,,,0.0,0.0,1.0,0.0
595,CC(C)(C)CC(=O)OCC(=O)[C@@]1(O)CC[C@H]2[C@@H]3CCC4=CC(=O)C=C[C@]4(C)[C@H]3[C@@H](O)C[C@@]21C,0.0,,0.0,,,,,,,,,
596,Cc1c(C)c2c(c(C)c1O)CCC(C)(COc1ccc(CC3SC(=O)NC3=O)cc1)O2,1.0,0.0,1.0,,0.0,0.0,1.0,,1.0,1.0,0.0,0.0
597,Cc1ccccc1C(=O)Nc1ccc(C(=O)N2CCCC(N(C)C)c3ccccc32)cc1,0.0,,0.0,,,,,,,,,
598,COc1cc(C(=O)NS(=O)(=O)c2ccccc2C)ccc1Cc1cn(C)c2ccc(NC(=O)OC3CCCC3)cc12,0.0,0.0,1.0,0.0,0.0,1.0,1.0,0.0,1.0,,0.0,0.0
599,Cc1nc(N)nc(N)c1-c1ccc(Cl)c(Cl)c1,0.0,,1.0,,,,,,,,,
600,CCCCC(CC)CN1CN(CC(CC)CCCC)CC(C)(N)C1,0.0,,0.0,,,,,,,,,
601,CCCCC1=NC2(CCCC2)C(=O)N1Cc1ccc(-c2ccccc2-c2nnn[nH]2)cc1,0.0,0.0,0.0,0.0,0.0,0.0,,0.0,1.0,0.0,0.0,0.0
602,CCCCCCCCCC(=O)O[C@H]1CC[C@H]2[C@@H]3CCC4=CC(=O)CC[C@@H]4[C@H]3CC[C@]12C,0.0,1.0,0.0,,1.0,0.0,0.0,1.0,0.0,0.0,0.0,1.0
603,CCOc1ccccc1C(N)=O,1.0,0.0,0.0,0.0,0.0,,0.0,0.0,0.0,0.0,0.0,0.0
604,CCCCN(CCCC)CCC(O)c1cc2c(Cl)cc(Cl)cc2c2cc(C(F)(F)F)ccc12.Cl,0.0,0.0,0.0,0.0,0.0,0.0,,0.0,0.0,0.0,0.0,0.0
605,CCCC(C(=O)OCCN(CC)CC)(c1ccccc1)c1ccccc1.Cl,0.0,0.0,0.0,,0.0,0.0,,0.0,0.0,0.0,0.0,0.0
606,Cc1cccc(CN2CCN(C(c3ccccc3)c3ccc(Cl)cc3)CC2)c1.Cl.Cl,0.0,0.0,1.0,0.0,0.0,0.0,0.0,0.0,0.0,0.0,0.0,0.0
607,COc1cc(NCc2ccc3nc(N)nc(N)c3c2C)cc(OC)c1OC.Cl.Cl.Cl,0.0,,1.0,,,,,,,,,
608,CN1CCCC(n2nc(Cc3ccc(Cl)cc3)c3ccccc3c2=O)CC1.Cl,0.0,0.0,0.0,0.0,0.0,0.0,,0.0,0.0,0.0,0.0,0.0
609,CN(C)c1ccc(O)c2c1C[C@H]1C[C@H]3[C@H](N(C)C)C(O)=C(C(N)=O)C(=O)[C@@]3(O)C(O)=C1C2=O.Cl,0.0,0.0,0.0,0.0,0.0,1.0,0.0,0.0,0.0,0.0,0.0,0.0
610,CN(C)CCC=C1c2ccccc2CCc2ccccc21.Cl,0.0,0.0,0.0,0.0,0.0,0.0,,0.0,,0.0,0.0,0.0
611,CN(C)CCC=C1c2ccccc2C=Cc2ccccc21.Cl,0.0,0.0,0.0,0.0,0.0,0.0,,0.0,0.0,,0.0,0.0
612,CN(C)CCCN1c2ccccc2Sc2ccccc21.Cl,0.0,1.0,0.0,,0.0,0.0,,0.0,0.0,0.0,0.0,0.0
613,CN(C/C=C/c1ccccc1)Cc1cccc2ccccc12.Cl,0.0,0.0,0.0,0.0,0.0,0.0,0.0,0.0,0.0,0.0,0.0,0.0
614,C=C1c2cccc(O)c2C(=O)C2=C(O)[C@]3(O)C(=O)C(C(N)=O)=C(O)[C@@H](N(C)C)[C@@H]3[C@@H](O)[C@H]12.Cl,0.0,0.0,0.0,0.0,0.0,0.0,0.0,0.0,0.0,0.0,0.0,0.0
615,Cl.O=C(O)Cc1ccc(OCCNC[C@H](O)c2ccccc2)cc1,1.0,0.0,0.0,0.0,0.0,0.0,0.0,0.0,0.0,0.0,0.0,
616,COc1cccc(CCc2ccccc2OCC(CN(C)C)OC(=O)CCC(=O)O)c1.Cl,0.0,0.0,0.0,0.0,0.0,0.0,,0.0,,0.0,0.0,0.0
617,CCOC(=O)Nc1ccc2c(c1)N(C(=O)CCN1CCOCC1)c1ccccc1S2.Cl,0.0,1.0,1.0,0.0,0.0,,,0.0,0.0,0.0,0.0,0.0
618,Cl[Bi](Cl)(c1ccccc1)(c1ccccc1)c1ccccc1,,0.0,,,1.0,,,,,,,
619,CN1C[C@H]2c3ccccc3Oc3ccc(Cl)cc3[C@@H]2C1,0.0,,0.0,,,,,,,,,
620,O=C1C(O)=C([C@H]2CC[C@H](c3ccc(Cl)cc3)CC2)C(=O)c2ccccc21,0.0,0.0,1.0,0.0,0.0,1.0,,0.0,0.0,1.0,0.0,
621,COc1ccc2c(c1)c(CC(=O)O)c(C)n2C(=O)c1ccc(Cl)cc1,0.0,0.0,0.0,0.0,0.0,0.0,0.0,0.0,1.0,0.0,0.0,
622,Cc1nc2ccccc2n1Cc1ccc(Cl)cc1,0.0,0.0,1.0,0.0,0.0,0.0,,,0.0,,0.0,
623,O=c1[nH]c2ccccc2n1CCCN1CCC(n2c(=O)[nH]c3cc(Cl)ccc32)CC1,0.0,0.0,0.0,0.0,0.0,0.0,0.0,,0.0,0.0,,0.0
624,CC(CN1c2ccccc2Sc2ccccc21)N(C)C,0.0,0.0,0.0,0.0,,0.0,,,0.0,0.0,0.0,
625,CN(C(=O)CCCOc1ccc2[nH]c(=O)ccc2c1)C1CCCCC1,0.0,0.0,0.0,0.0,0.0,0.0,0.0,,0.0,0.0,1.0,0.0
626,CN(Cc1ccc(C(C)(C)C)cc1)Cc1cccc2ccccc12,0.0,0.0,0.0,0.0,0.0,0.0,,0.0,0.0,0.0,0.0,0.0
627,Cn1cc(C2=C(c3cn(C4CCN(Cc5ccccn5)CC4)c4ccccc34)C(=O)NC2=O)c2ccccc21,0.0,0.0,0.0,0.0,0.0,0.0,0.0,0.0,0.0,,0.0,
628,COc1ccc(C=CC(=O)c2ccc(OC)cc2OC)cc1,1.0,,1.0,,,,,,,,,
629,Cc1nc2sccn2c(=O)c1CCN1CCC(=C(c2ccc(F)cc2)c2ccc(F)cc2)CC1,0.0,0.0,1.0,0.0,0.0,0.0,0.0,,0.0,0.0,0.0,
630,O=C(CCCN1CCC(O)(c2ccc(Br)cc2)CC1)c1ccc(F)cc1,0.0,0.0,0.0,0.0,0.0,0.0,0.0,0.0,0.0,0.0,0.0,0.0
631,O=C1NCN(c2ccccc2)C12CCN(CCCOc1ccc(F)cc1)CC2,0.0,0.0,1.0,,0.0,0.0,1.0,,0.0,0.0,0.0,0.0
633,N#C/C(=C1\SCC(c2ccccc2Cl)S1)n1ccnc1,0.0,,0.0,1.0,0.0,1.0,0.0,0.0,0.0,0.0,0.0,0.0
634,C/C1=C2/N=C(/C=C3\N=C(/C(C)=C4/[C@@H](CCC(N)=O)[C@](C)(CC(N)=O)[C@](C)([C@@H]5N=C1[C@](C)(CCC(=O)NC[C@@H](C)OP(=O)([O-])O[C@H]1[C@@H](O)[C@@H](n6cnc7cc(C)c(C)cc76)O[C@@H]1CO)[C@H]5CC(N)=O)N4[Co+]C#N)[C@@](C)(CC(N)=O)[C@@H]3CCC(N)=O)C(C)(C)[C@@H]2CCC(N)=O,0.0,0.0,0.0,0.0,0.0,0.0,0.0,0.0,0.0,0.0,,0.0
635,Nc1ncn([C@@H]2O[C@H](CO)[C@@H](O)[C@H]2O)c(=O)n1,0.0,0.0,1.0,,0.0,0.0,0.0,0.0,,1.0,0.0,0.0
636,Nc1ccncc1N,0.0,,0.0,,,,,,,,,
637,CCCSSC(CCO)=C(C)N(C=O)Cc1cnc(C)nc1N,0.0,0.0,0.0,,0.0,0.0,0.0,0.0,,0.0,0.0,0.0
638,Nc1nc2nc[nH]c2c(=S)[nH]1,0.0,0.0,1.0,1.0,1.0,1.0,0.0,1.0,0.0,1.0,0.0,0.0
639,CCOc1ccc2nc(S(N)(=O)=O)sc2c1,0.0,0.0,1.0,,0.0,1.0,0.0,,0.0,0.0,0.0,0.0
640,O=C(Nc1ccc([N+](=O)[O-])cc1)Nc1ccc([N+](=O)[O-])cc1,0.0,0.0,1.0,0.0,0.0,0.0,1.0,1.0,0.0,0.0,0.0,0.0
641,O=NN(CCCl)C(=O)NC1CCCCC1,0.0,,0.0,,,,,,,,,
642,O=C(O)/C=C/C(=O)O.c1ccc(C(O[C@H]2CCCN(CCc3ccc4c(c3)OCO4)C2)c2ccccc2)cc1,0.0,0.0,0.0,0.0,0.0,,,0.0,,0.0,0.0,0.0
643,CC(=O)c1ccc2c(c1)N(CCCN(C)C)c1ccccc1S2.O=C(O)/C=C\C(=O)O,0.0,0.0,0.0,0.0,0.0,0.0,,0.0,0.0,0.0,0.0,0.0
644,O=C(O)/C=C\C(=O)O.O=C(O)/C=C\C(=O)O.c1cc(CN2CCCCC2)cc(OCCCNc2nc3ccccc3s2)c1,0.0,,0.0,,,,,,,,,
645,N[C@@H](Cc1ccc(N(CCCl)CCCl)cc1)C(=O)O,0.0,0.0,0.0,,0.0,0.0,,0.0,,1.0,1.0,0.0
646,Nc1nc(=O)c2nc(CNc3ccc(C(=O)N[C@@H](CCC(=O)O)C(=O)O)cc3)cnc2[nH]1,0.0,0.0,0.0,0.0,0.0,0.0,0.0,1.0,0.0,0.0,0.0,0.0
647,CC(C(=O)O)c1ccc2c(c1)CC(=O)c1ccccc1S2,0.0,0.0,0.0,0.0,0.0,0.0,0.0,0.0,1.0,0.0,0.0,0.0
648,COc1ccc(-c2ccc3cc(C(=O)O)ccc3c2)cc1C12CC3CC(CC(C3)C1)C2,1.0,0.0,1.0,1.0,0.0,0.0,0.0,0.0,0.0,1.0,0.0,0.0
649,CCCc1nc2c(C)cc(-c3nc4ccccc4n3C)cc2n1Cc1ccc(-c2ccccc2C(=O)O)cc1,0.0,0.0,1.0,0.0,0.0,0.0,,0.0,1.0,0.0,0.0,
650,COC(=O)C[C@](O)(CCCC(C)(C)O)C(=O)O[C@@H]1C(OC)=CC23CCCN2CCc2cc4c(cc2[C@H]13)OCO4,,0.0,,1.0,0.0,,,,,1.0,,0.0
651,COC(=O)Nc1nc2cc(C(=O)C3CC3)ccc2[nH]1,0.0,,0.0,,,,,,,,,
652,COC(=O)Nc1nc2cc(C(=O)c3ccccc3)ccc2[nH]1,0.0,0.0,1.0,0.0,,1.0,1.0,0.0,,1.0,1.0,
653,CCCOc1ccc2[nH]c(NC(=O)OC)nc2c1,0.0,0.0,1.0,0.0,,,0.0,0.0,0.0,1.0,1.0,
654,CCOC(=O)O[C@]1(C(=O)OCCl)CC[C@H]2[C@@H]3CCC4=CC(=O)C=C[C@]4(C)[C@H]3[C@@H](O)C[C@@]21C,0.0,,1.0,,,,,,,,,
655,C#C[C@]1(O)CC[C@H]2[C@@H]3CCC4=CC(=O)CCC4=C3C=C[C@@]21CC,0.0,1.0,1.0,0.0,1.0,0.0,0.0,1.0,0.0,0.0,1.0,1.0
656,COc1ccc(NS(=O)(=O)c2ccc(N)cc2)nn1,0.0,0.0,0.0,0.0,0.0,0.0,0.0,0.0,0.0,0.0,0.0,0.0
657,O=C(O)c1ccccc1-c1ccc(C(F)(F)F)cc1,0.0,0.0,0.0,0.0,0.0,,0.0,0.0,1.0,0.0,0.0,0.0
658,OC(CN1CCC(Cc2ccc(F)cc2)CC1)c1ccc(Cl)cc1,1.0,0.0,0.0,0.0,0.0,,,0.0,0.0,0.0,0.0,0.0
659,C/C=C(C(=C/C)/c1ccc(O)cc1)\c1ccc(O)cc1,1.0,0.0,1.0,0.0,1.0,0.0,1.0,1.0,0.0,1.0,0.0,0.0
660,O=C1Nc2ccccc2C1(c1ccc(O)cc1)c1ccc(O)cc1,0.0,0.0,0.0,,0.0,0.0,,,,1.0,0.0,0.0
661,Cc1cc(O)c2c(O)c3c(O)cccc3cc2c1,0.0,0.0,1.0,0.0,0.0,1.0,1.0,0.0,1.0,0.0,0.0,0.0
662,COc1c(C)c2c(c(O)c1C/C=C(\C)CCC(=O)OCCN1CCOCC1)C(=O)OC2,0.0,0.0,1.0,,,,0.0,1.0,,1.0,0.0,
663,C#C[C@]1(O)CC[C@H]2[C@@H]3CCc4cc(O)ccc4[C@H]3CC[C@@]21C,1.0,0.0,0.0,0.0,1.0,0.0,1.0,1.0,0.0,1.0,0.0,1.0
664,COc1cc([C@H]2Oc3cc([C@H]4Oc5cc(O)cc(O)c5C(=O)[C@@H]4O)ccc3O[C@@H]2CO)ccc1O,1.0,0.0,0.0,,0.0,1.0,,,0.0,0.0,0.0,
665,CC1(C)O[C@@H]2C[C@H]3[C@@H]4CCC5=CC(=O)C=C[C@]5(C)[C@H]4[C@@H](O)C[C@]3(C)[C@]2(C(=O)CO)O1,0.0,1.0,0.0,,0.0,0.0,0.0,1.0,0.0,0.0,,0.0
666,OCCc1ccccc1,0.0,0.0,0.0,0.0,0.0,0.0,0.0,0.0,0.0,0.0,0.0,1.0
667,CCCCOc1ccc(CC(=O)NO)cc1,0.0,0.0,0.0,0.0,0.0,0.0,0.0,,0.0,0.0,0.0,0.0
668,S=c1[nH]cnc2[nH]cnc12,0.0,0.0,1.0,,0.0,1.0,0.0,0.0,,1.0,0.0,0.0
669,OC[C@H]1O[C@@H](n2cnc3c(S)ncnc32)[C@H](O)[C@@H]1O,0.0,0.0,1.0,,0.0,1.0,,0.0,,1.0,0.0,0.0
670,C[N+]1(CCF)[C@@H]2CC[C@H]1C[C@@H](OC(=O)C(O)(c1ccccc1)c1ccccc1)C2.[Br-].[Br-],0.0,,0.0,,,,,,,,,
671,CC[N+](C)(CC)CCOC(=O)C(O)(c1ccccc1)C1CCCCC1.[Br-],0.0,0.0,0.0,0.0,0.0,0.0,0.0,,0.0,0.0,0.0,0.0
672,CC[N+](CC)(CCNC(=O)C(=O)NCC[N+](CC)(CC)Cc1ccccc1Cl)Cc1ccccc1Cl.[Cl-].[Cl-],0.0,0.0,0.0,0.0,0.0,0.0,0.0,,0.0,0.0,0.0,0.0
673,CC[N+](CC)(CC)CC.[Cl-],0.0,0.0,0.0,0.0,0.0,0.0,0.0,0.0,0.0,0.0,0.0,0.0
674,Cc1cc2nc3ccc(N(C)C)cc3[s+]c2cc1N.[Cl-],0.0,0.0,1.0,,0.0,1.0,1.0,,0.0,1.0,0.0,
675,Cc1cccn2c(=O)c(-c3nnn[n-]3)cnc12.[K+],0.0,0.0,0.0,0.0,0.0,0.0,,0.0,0.0,0.0,0.0,0.0
676,O=C1OC(c2ccc(O)c(S(=O)(=O)[O-])c2)(c2ccc(O)c(S(=O)(=O)[O-])c2)c2c(Br)c(Br)c(Br)c(Br)c21.[Na+].[Na+],0.0,0.0,1.0,0.0,0.0,0.0,0.0,0.0,0.0,0.0,0.0,0.0
677,N#C[Fe-2](C#N)(C#N)(C#N)(C#N)N=O.O.O.[Na+].[Na+],0.0,0.0,1.0,0.0,0.0,0.0,0.0,0.0,0.0,0.0,0.0,0.0
678,Nc1c(CC(=O)[O-])cccc1C(=O)c1ccc(Br)cc1.Nc1c(CC(=O)[O-])cccc1C(=O)c1ccc(Br)cc1.O.O.O.[Na+].[Na+],0.0,0.0,0.0,0.0,0.0,0.0,,0.0,1.0,0.0,0.0,0.0
679,CO[C@@]1(NC(=O)C(C(=O)[O-])c2ccc(O)cc2)C(=O)N2C(C(=O)[O-])=C(CSc3nnnn3C)CO[C@@H]21.[Na+].[Na+],0.0,0.0,0.0,0.0,0.0,0.0,,0.0,0.0,0.0,0.0,0.0
680,O=C1CN(N=Cc2ccc(-c3ccc([N+](=O)[O-])cc3)o2)C(=O)[N-]1.[Na+],0.0,0.0,0.0,0.0,0.0,1.0,1.0,0.0,0.0,0.0,0.0,0.0
681,CC1(C)OC[C@@H]2O[C@@]3(C(=O)[O-])OC(C)(C)O[C@H]3[C@@H]2O1.[Na+],0.0,0.0,0.0,0.0,0.0,,0.0,0.0,0.0,0.0,0.0,0.0
682,CC(C)n1c(/C=C/[C@@H](O)C[C@@H](O)CC(=O)[O-])c(-c2ccc(F)cc2)c2ccccc21.[Na+],0.0,0.0,0.0,1.0,0.0,1.0,1.0,0.0,,0.0,0.0,
683,CCCCCN(CCCCC)C(=O)C(CCC(=O)[O-])NC(=O)c1ccc(Cl)c(Cl)c1.[Na+],1.0,,0.0,,,,,,,,,
684,CCOc1ccc2ccccc2c1C(=O)N[C@@H]1C(=O)N2[C@@H]1SC(C)(C)[C@@H]2C(=O)[O-].O.[Na+],0.0,0.0,1.0,0.0,0.0,,0.0,0.0,0.0,0.0,0.0,0.0
685,COC(=O)C1=C(C)NC(C)=C(C(=O)OCCc2ccc(N3CCN(C(c4ccccc4)c4ccccc4)CC3)cc2)C1c1cccc([N+](=O)[O-])c1,0.0,,0.0,,,,,,,,,
686,CS(=O)(=O)Nc1ccc([N+](=O)[O-])cc1Oc1ccccc1,0.0,0.0,0.0,0.0,0.0,0.0,1.0,0.0,0.0,0.0,0.0,0.0
687,Br.CC(Cc1ccc(O)cc1)NCC(O)c1cc(O)cc(O)c1,0.0,0.0,0.0,0.0,0.0,0.0,0.0,,0.0,0.0,0.0,0.0
688,O=c1sc2ccccc2c(O)c1C1CC(c2ccc(-c3ccc(Br)cc3)cc2)Cc2ccccc21,1.0,,1.0,,,,,,,,,
689,Fc1cc(Br)ccc1CBr,0.0,,0.0,,,,,,,,,
690,C#Cc1cccc(Nc2ncnc3cc(OCCOC)c(OCCOC)cc23)c1,0.0,1.0,1.0,1.0,0.0,1.0,,0.0,,0.0,0.0,0.0
691,C[C@@H]1CN(c2c(F)c(F)c3c(=O)c(C(=O)O)cn(C4CC4)c3c2F)C[C@H](C)N1,0.0,1.0,1.0,0.0,0.0,0.0,0.0,0.0,0.0,0.0,0.0,1.0
692,CC[C@]1(O)CC[C@H]2[C@@H]3CCC4=CCCC[C@@H]4[C@H]3CC[C@@]21C,0.0,,0.0,,,,,,,,,
693,CC#C[C@]1(O)CC[C@H]2[C@@H]3C[C@H](C)C4=CC(=O)CC[C@]4(C)[C@H]3CC[C@@]21C,0.0,,1.0,,,,,,,,,
694,C[C@@H]1CCC[C@H](C)N1CCCC(O)(c1ccccc1)c1ccccn1,0.0,,0.0,,,,,,,,,
695,C[N+]1(C)[C@@H]2CC[C@H]1C[C@@H](OC(=O)C(CO)c1ccccc1)C2.O=[N+]([O-])[O-],0.0,0.0,0.0,0.0,0.0,0.0,0.0,0.0,0.0,0.0,0.0,0.0
696,CC(C)=CCC/C(C)=C/CO,0.0,0.0,0.0,0.0,1.0,0.0,0.0,1.0,0.0,0.0,0.0,0.0
697,C=C(C)[C@H]1Cc2c(ccc3c2O[C@@H]2COc4cc(OC)c(OC)cc4[C@@H]2C3=O)O1,0.0,0.0,1.0,,0.0,0.0,,,,1.0,0.0,0.0
698,c1cnc(N2CCN(Cc3ccc4c(c3)OCO4)CC2)nc1,0.0,0.0,0.0,0.0,0.0,0.0,0.0,0.0,0.0,0.0,0.0,0.0
699,c1ccc2c(c1)CCc1ccccc1N2,0.0,0.0,0.0,0.0,,1.0,,1.0,0.0,0.0,0.0,0.0
700,c1ccc2c(c1)sc1ccccc12,0.0,0.0,0.0,0.0,0.0,0.0,0.0,0.0,0.0,0.0,0.0,0.0
701,C1N2CN3CN1CN(C2)C3,0.0,0.0,0.0,0.0,0.0,0.0,0.0,0.0,0.0,0.0,0.0,0.0
702,C=C(C)[C@H]1CN[C@H](C(=O)O)[C@H]1CC(=O)O,0.0,0.0,0.0,0.0,0.0,0.0,0.0,0.0,0.0,1.0,0.0,0.0
703,CC(=O)[C@H]1CC[C@H]2[C@@H]3C=CC4=CC(=O)CC[C@@]4(C)[C@@H]3CC[C@]12C,0.0,1.0,1.0,0.0,0.0,0.0,0.0,0.0,0.0,0.0,0.0,1.0
704,CCCc1c(OCCCCc2nnn[nH]2)ccc(C(C)=O)c1O,0.0,0.0,0.0,,0.0,0.0,1.0,0.0,1.0,1.0,0.0,
705,C#C[C@]1(OC(C)=O)CC[C@H]2[C@@H]3CCC4=C[C@@H](OC(C)=O)CC[C@@H]4[C@H]3CC[C@@]21C,0.0,1.0,1.0,1.0,1.0,0.0,1.0,1.0,0.0,1.0,0.0,1.0
706,CC(=O)OC[C@H]1O[C@@H](n2ncc(=O)[nH]c2=O)[C@H](OC(C)=O)[C@@H]1OC(C)=O,0.0,,0.0,,,,,,,,,
707,CC(=O)Oc1ccc(C(c2ccc(OC(C)=O)cc2)c2ccccn2)cc1,0.0,0.0,0.0,,,0.0,1.0,,0.0,1.0,0.0,0.0
708,CC(=O)Oc1ccc(C2(c3ccc(OC(C)=O)cc3)C(=O)Nc3ccccc32)cc1,0.0,0.0,0.0,,0.0,0.0,1.0,,0.0,1.0,0.0,0.0
709,CC(=O)Oc1ccc2c(c1)CC[C@@H]1[C@@H]2CC[C@]2(C)[C@@H](O)CC[C@@H]12,0.0,1.0,0.0,0.0,1.0,0.0,1.0,1.0,0.0,,0.0,1.0
710,CC(=O)OCC(=O)[C@@]1(O)[C@H](OC(C)=O)C[C@H]2[C@@H]3CCC4=CC(=O)C=C[C@]4(C)[C@@]3(F)[C@@H](O)C[C@@]21C,0.0,1.0,0.0,,0.0,0.0,0.0,,0.0,0.0,0.0,0.0
711,CC(C)Cc1ccc(C(C)C(=O)O)cc1,0.0,0.0,0.0,0.0,0.0,0.0,1.0,1.0,0.0,0.0,0.0,0.0
712,CC(C(=O)O)c1cccc(C(=O)c2ccccc2)c1,0.0,0.0,0.0,0.0,0.0,0.0,0.0,0.0,0.0,0.0,0.0,0.0
713,Cc1cc(C(C)(C)C)c(O)c(C)c1CC1=NCCN1,0.0,0.0,0.0,0.0,0.0,0.0,0.0,0.0,0.0,0.0,0.0,0.0
714,CC(C)(C)NC(=O)[C@H]1CC[C@H]2[C@@H]3CC[C@H]4NC(=O)C=C[C@]4(C)[C@H]3CC[C@]12C,0.0,0.0,1.0,0.0,0.0,0.0,0.0,0.0,0.0,0.0,0.0,0.0
715,CC(C)(C)NCC(O)COc1cccc2c1C[C@H](O)[C@H](O)C2,0.0,0.0,0.0,0.0,0.0,0.0,0.0,0.0,0.0,0.0,0.0,0.0
716,CC(C)[C@H]1CC[C@H](C(=O)N[C@H](Cc2ccccc2)C(=O)O)CC1,0.0,0.0,0.0,,0.0,0.0,0.0,0.0,0.0,0.0,0.0,0.0
717,CC(C)c1cccc(C(C)C)c1O,0.0,0.0,0.0,0.0,0.0,0.0,1.0,0.0,0.0,0.0,0.0,0.0
718,CCOC(=O)C1=C(C)NC(C)=C(C(=O)OC)C1c1cccc([N+](=O)[O-])c1,0.0,0.0,0.0,0.0,0.0,,1.0,,0.0,0.0,0.0,0.0
719,CCC1(C)CC(=O)NC1=O,0.0,0.0,0.0,0.0,0.0,0.0,0.0,0.0,0.0,0.0,0.0,0.0
720,CCO[C@H]1O[C@@H]2OC3(C)CC[C@H]4[C@H](C)CC[C@@H]([C@H]1C)[C@@]24OO3,0.0,,0.0,,,,,,,,,
721,Cc1c(C(N)=O)cc([N+](=O)[O-])cc1[N+](=O)[O-],0.0,0.0,0.0,0.0,0.0,0.0,0.0,0.0,0.0,0.0,0.0,0.0
722,Cc1cc(NC(=O)C2=C(O)c3ccccc3S(=O)(=O)N2C)no1,0.0,0.0,0.0,0.0,0.0,0.0,1.0,0.0,0.0,0.0,0.0,0.0
723,Cc1cc(CCCOc2c(C)cc(-c3noc(C(F)(F)F)n3)cc2C)on1,0.0,,0.0,,,,,,,,,
724,Cc1ccc(S(=O)(=O)NC(=O)NC2CCCCCCC2)cc1,0.0,0.0,0.0,0.0,0.0,0.0,0.0,0.0,0.0,0.0,0.0,0.0
725,Cc1ccc(Cl)c(O)c1,0.0,,0.0,,,,,,,,,
726,Cc1ncc([N+](=O)[O-])n1CC(O)CCl,0.0,0.0,0.0,0.0,0.0,0.0,0.0,0.0,0.0,,0.0,0.0
727,Cc1nnc(C(=O)NC(C)(C)c2nc(C(=O)NCc3ccc(F)cc3)c(O)c(=O)n2C)o1,0.0,0.0,0.0,0.0,0.0,0.0,0.0,0.0,0.0,0.0,0.0,0.0
728,Cc1cnc(NC(=O)C2=C(O)c3ccccc3S(=O)(=O)N2C)s1,0.0,1.0,0.0,0.0,0.0,0.0,1.0,1.0,0.0,0.0,0.0,0.0
729,Cc1oc(-c2ccccc2)nc1CCC(=O)c1ccc(CC2SC(=O)NC2=O)cc1,0.0,,1.0,,,,,,,,,
730,CCCC(=O)O[C@]1(C(=O)CC)CC[C@H]2[C@@H]3CCC4=CC(=O)CC[C@]4(C)[C@H]3[C@@H](O)C[C@@]21C,0.0,,0.0,,,,,,,,,
731,CCC(=O)O[C@H]1[C@H](O[C@@H]2[C@@H](C)[C@H](O[C@H]3C[C@@](C)(OC)[C@@H](O)[C@H](C)O3)[C@@H](C)C(=O)O[C@H](CC)[C@@](C)(O)[C@H](O)[C@@H](C)C(=O)[C@H](C)C[C@@]2(C)O)O[C@H](C)C[C@@H]1N(C)C,0.0,,0.0,,,,,,,,,
732,CCC1(c2ccccc2)C(=O)NCNC1=O,0.0,0.0,0.0,0.0,0.0,0.0,0.0,0.0,0.0,0.0,0.0,0.0
733,CCCC(CCC)(C(=O)OCC)C(=O)OCC,0.0,,0.0,,,,,,,,,
734,CCCCCCCCCCC(CO)CCCCCCCC,0.0,0.0,0.0,0.0,0.0,0.0,0.0,0.0,0.0,0.0,0.0,0.0
735,CCCCCCCCCCCCCCCCN,0.0,,0.0,,,,,,,,,
736,CCCOc1ccc2c(c1)CC[C@@H]1[C@@H]2CC[C@]2(C)C(OC)CC[C@@H]12,0.0,,0.0,,,,,,,,,
737,CCCS(=O)c1ccc2[nH]c(NC(=O)OC)nc2c1,0.0,,0.0,,,,,,,,,
738,CCN(CC)CC(=O)OCC(=O)[C@@]1(O)CC[C@H]2[C@@H]3CCC4=CC(=O)CC[C@]4(C)[C@H]3[C@@H](O)C[C@@]21C,0.0,,0.0,,,,,,,,,
739,CCCCOc1cc(C(=O)NCCN(CC)CC)c2ccccc2n1,0.0,0.0,0.0,0.0,0.0,0.0,,0.0,0.0,0.0,0.0,0.0
740,CCOC(=O)c1cnc2c(cnn2CC)c1NN=C(C)C.Cl,0.0,0.0,0.0,0.0,0.0,1.0,,0.0,0.0,0.0,0.0,0.0
741,CC(=O)[C@]1(O)Cc2c(O)c3c(c(O)c2[C@@H](O[C@H]2C[C@H](N)[C@H](O)[C@H](C)O2)C1)C(=O)c1ccccc1C3=O.Cl,0.0,0.0,1.0,1.0,1.0,,1.0,,,1.0,1.0,1.0
742,Cc1cc(C(C)(C)C)cc(C)c1CC1=NCCN1.Cl,0.0,0.0,0.0,0.0,0.0,0.0,0.0,0.0,0.0,0.0,0.0,0.0
743,CCCNC(C)(C)COC(=O)c1ccccc1.Cl,0.0,0.0,0.0,0.0,0.0,0.0,0.0,0.0,1.0,0.0,0.0,0.0
744,CC1CC(OC(=O)C(O)c2ccccc2)CC(C)(C)N1C.Cl,0.0,0.0,0.0,0.0,,0.0,0.0,1.0,0.0,0.0,0.0,0.0
745,CCN1CCCC(OC(=O)C(c2ccccc2)c2ccccc2)C1.Cl,0.0,0.0,0.0,0.0,0.0,0.0,,0.0,0.0,0.0,0.0,0.0
746,CN[C@@H]1[C@H](O)[C@H](NC)[C@H]2O[C@@]3(O)C(=O)C[C@@H](C)O[C@H]3O[C@@H]2[C@H]1O.Cl.Cl,0.0,0.0,0.0,0.0,0.0,0.0,0.0,0.0,0.0,0.0,0.0,0.0
747,Cc1ncc(CSSCc2cnc(C)c(O)c2CO)c(CO)c1O.Cl.Cl,0.0,,0.0,,,,,,,,,
748,CC(C)(N)Cc1ccc(Cl)cc1.Cl,0.0,0.0,0.0,0.0,0.0,0.0,,0.0,0.0,0.0,0.0,0.0
749,CN(C)CCN(Cc1ccc(Cl)cc1)c1ccccn1.Cl,0.0,0.0,0.0,0.0,0.0,0.0,0.0,0.0,0.0,0.0,0.0,0.0
750,CC(C)NC(=N)NC(=N)Nc1ccc(Cl)cc1.Cl,0.0,0.0,0.0,0.0,0.0,0.0,0.0,0.0,0.0,0.0,0.0,0.0
751,CC(Cc1ccccc1)NCc1ccccc1Cl.Cl,0.0,0.0,0.0,0.0,0.0,0.0,,1.0,0.0,0.0,0.0,0.0
752,CN(CCCl)CCCl.Cl,0.0,0.0,1.0,,0.0,,,,,1.0,1.0,0.0
753,CN(Cc1cc(Br)cc(Br)c1N)C1CCCCC1.Cl,0.0,0.0,0.0,0.0,0.0,,,,0.0,,0.0,0.0
754,CN1CCN(c2cc3c(cc2F)c(=O)c(C(=O)O)cn3-c2ccc(F)cc2)CC1.Cl,0.0,1.0,0.0,0.0,0.0,0.0,,0.0,0.0,0.0,0.0,0.0
755,CN1CCC(OC(c2ccccc2)c2ccccc2)CC1.Cl,0.0,0.0,0.0,0.0,0.0,0.0,,,0.0,0.0,0.0,0.0
756,COc1ccc(-c2nc3cc(C4=NNC(=O)CC4C)ccc3[nH]2)cc1.Cl,0.0,0.0,0.0,,,1.0,,,0.0,1.0,0.0,0.0
757,COc1ccc(OC)c(C(O)CNC(=O)CN)c1.Cl,0.0,0.0,0.0,0.0,0.0,0.0,0.0,0.0,0.0,0.0,0.0,0.0
758,COc1ccc(Cc2nccc3cc(OC)c(OC)cc23)cc1OC.Cl,0.0,0.0,1.0,0.0,0.0,,,,0.0,0.0,0.0,0.0
759,COc1cc2c(cc1OC)C(C(C(=O)N(CCc1ccc(OC)c(OC)c1OC)CCc1ccc(OC)c(OC)c1OC)c1ccccc1)=NCC2.Cl,0.0,0.0,0.0,0.0,0.0,,,0.0,,0.0,0.0,0.0
760,Cl.FC(F)(F)c1cccc(C2=CCN(CCc3ccc4ccccc4c3)CC2)c1,0.0,0.0,1.0,0.0,0.0,0.0,,0.0,0.0,0.0,0.0,0.0
761,Cl.O=C(O)c1cn(-c2ccc(F)cc2)c2cc(N3CCNCC3)c(F)cc2c1=O,0.0,0.0,0.0,0.0,0.0,0.0,,0.0,0.0,0.0,0.0,0.0
762,Cl.Nc1ccn([C@@H]2O[C@H](CO)[C@@H](O)C2(F)F)c(=O)n1,0.0,0.0,0.0,0.0,0.0,0.0,0.0,0.0,,1.0,0.0,0.0
763,Cl.NNc1ccccc1,0.0,0.0,1.0,0.0,0.0,1.0,1.0,0.0,,0.0,0.0,0.0
764,COc1cc2nc(N3CCN(C(=O)C4CCCO4)CC3)nc(N)c2cc1OC.Cl,0.0,0.0,0.0,0.0,0.0,0.0,,0.0,0.0,0.0,0.0,0.0
765,CC(C)CC(NC(=O)CNC(=O)[C@H](Cc1ccc(O)cc1)NC(=O)[C@@H](CO)NC(=O)[C@@H](Cc1c[nH]c2ccccc12)NC(=O)[C@H](Cc1c[nH]cn1)NC(=O)[C@H]1CCC(=O)N1)C(=O)N[C@H](CCCNC(=N)N)C(=O)N1CCC[C@@H]1C(=O)NCC(N)=O.Cl,0.0,0.0,0.0,0.0,0.0,0.0,0.0,0.0,0.0,0.0,0.0,0.0
766,COc1cc2nc(N(C)CCCNC(=O)C3CCCO3)nc(N)c2cc1OC.Cl,0.0,0.0,1.0,0.0,0.0,,0.0,0.0,0.0,0.0,0.0,0.0
767,Cl.OC(CCN1CCCCC1)(c1ccccc1)C1CC2C=CC1C2,0.0,0.0,0.0,0.0,0.0,0.0,0.0,0.0,0.0,0.0,0.0,0.0
768,COc1cccc2c1C(=O)c1c(O)c3c(c(O)c1C2=O)C[C@@](O)(C(=O)CO)C[C@@H]3O[C@H]1C[C@H](N)[C@H](O)[C@H](C)O1.Cl,0.0,0.0,1.0,1.0,1.0,0.0,1.0,0.0,0.0,1.0,1.0,1.0
769,CC(N)C(=O)OC(C)(C)Cc1ccc(Cl)cc1,0.0,0.0,0.0,0.0,0.0,0.0,,0.0,0.0,0.0,0.0,0.0
770,COc1ccc2c(c1)c(CC(=O)OCC(=O)O)c(C)n2C(=O)c1ccc(Cl)cc1,0.0,0.0,0.0,0.0,0.0,0.0,,0.0,,0.0,0.0,0.0
771,O=C(NCCN1CCOCC1)c1ccc(Cl)cc1,0.0,1.0,0.0,0.0,0.0,0.0,0.0,1.0,0.0,0.0,0.0,1.0
772,Clc1ccc(C(c2ccc(Cl)cc2)C(Cl)(Cl)Cl)cc1,0.0,0.0,0.0,0.0,1.0,0.0,1.0,1.0,0.0,,0.0,0.0
773,OCCOCCN1CCN(C(c2ccccc2)c2ccc(Cl)cc2)CC1,0.0,0.0,0.0,0.0,0.0,0.0,,0.0,0.0,0.0,0.0,0.0
774,Clc1ccc(Nc2nnc(Cc3ccncc3)c3ccccc23)cc1,0.0,0.0,1.0,1.0,0.0,1.0,,,,0.0,0.0,0.0
775,CN1C(=O)CN=C(c2ccccc2)c2cc(Cl)ccc21,0.0,0.0,0.0,,0.0,0.0,0.0,,0.0,0.0,1.0,0.0
776,Cc1nnc2n1-c1sc(CCC(=O)N3CCOCC3)cc1C(c1ccccc1Cl)=NC2,0.0,0.0,0.0,0.0,0.0,0.0,,0.0,0.0,0.0,0.0,0.0
777,ClC1=C(Cl)C2(Cl)C(CBr)CC1(Cl)C2(Cl)Cl,0.0,0.0,0.0,0.0,0.0,0.0,1.0,0.0,0.0,,0.0,0.0
778,O=C(O)COC(=O)Cc1ccccc1Nc1c(Cl)cccc1Cl,0.0,0.0,0.0,0.0,0.0,0.0,,0.0,1.0,0.0,0.0,0.0
779,Clc1ccc(C(c2ccccc2Cl)C(Cl)Cl)cc1,0.0,0.0,0.0,0.0,1.0,0.0,1.0,1.0,0.0,,0.0,0.0
780,Clc1ccccc1-c1nc(-c2ccncc2)no1,0.0,0.0,1.0,,0.0,1.0,0.0,1.0,0.0,0.0,1.0,0.0
781,CCCC(=O)O[C@]1(C(=O)CCl)[C@@H](C)C[C@H]2[C@@H]3CCC4=CC(=O)C=C[C@]4(C)[C@@]3(F)C(=O)C[C@@]21C,0.0,,1.0,,,,,,,,,
782,CC(=O)N(CC(=O)N(C)C)c1ccccc1,0.0,,0.0,,,,,,,,,
783,CN(C)CCCOC1(Cc2ccccc2)CCCCCC1,0.0,,0.0,,,,,,,,,
784,CCOC(C(=O)OCCN(C)C)(c1ccccc1)c1ccccc1,0.0,,0.0,,,,,,,,,
785,CN(C)CCOC1=Cc2ccccc2Sc2ccc(Cl)cc21,0.0,0.0,0.0,,0.0,,,0.0,,0.0,0.0,0.0
786,CN(CCOc1ccc(CC2SC(=O)NC2=O)cc1)c1ccccn1,0.0,0.0,0.0,0.0,0.0,0.0,,0.0,1.0,0.0,0.0,
787,CN1CCC(=C2c3ccccc3C=Cc3ccccc32)CC1,0.0,0.0,0.0,0.0,0.0,0.0,,0.0,0.0,0.0,0.0,0.0
788,CCOCCn1c(N2CCCN(C)CC2)nc2ccccc21.O=C(O)/C=C/C(=O)O.O=C(O)/C=C/C(=O)O,0.0,0.0,0.0,0.0,0.0,0.0,0.0,0.0,0.0,0.0,0.0,0.0
789,CN1CCN(C2=Nc3cc(F)ccc3Cc3ccccc32)CC1,0.0,0.0,0.0,0.0,0.0,0.0,,,0.0,0.0,0.0,0.0
790,Cc1cc2c(s1)Nc1ccccc1N=C2N1CCN(C)CC1,0.0,0.0,0.0,0.0,0.0,,0.0,0.0,0.0,0.0,0.0,0.0
791,COc1ccc2c(c1OC)C(=O)O[C@H]2[C@@H]1c2cc3c(cc2CCN1C)OCO3,0.0,0.0,0.0,0.0,0.0,1.0,0.0,0.0,0.0,0.0,0.0,0.0
792,CN1[C@@H]2CC[C@H]1C[C@@H](OC(=O)c1cc(Cl)cc(Cl)c1)C2,0.0,0.0,0.0,0.0,0.0,0.0,,0.0,0.0,0.0,0.0,0.0
793,COc1cc2c(Nc3ccc(Br)cc3F)ncnc2cc1OCC1CCN(C)CC1,0.0,,0.0,,,,,,,,,
794,CNc1c2c(nn1C)CCCC2,0.0,0.0,0.0,0.0,0.0,0.0,0.0,0.0,0.0,0.0,0.0,0.0
795,CNCCCC12CCC(c3ccccc31)c1ccccc12,0.0,0.0,0.0,,0.0,0.0,,0.0,,0.0,0.0,0.0
796,COC(=O)C(Cl)C(=O)OC,0.0,0.0,1.0,0.0,0.0,0.0,0.0,0.0,0.0,0.0,0.0,0.0
797,COc1c2occc2cc2ccc(=O)oc12,0.0,0.0,0.0,0.0,1.0,1.0,0.0,0.0,0.0,0.0,0.0,0.0
798,COc1cc(C(=O)OCCCN2CCCN(CCCOC(=O)c3cc(OC)c(OC)c(OC)c3)CC2)cc(OC)c1OC,0.0,,1.0,,,,,,,,,
799,COc1ccc(CCN(C)CCCC(C#N)(c2ccc(OC)c(OC)c2)C(C)C)cc1OC,0.0,0.0,0.0,0.0,0.0,0.0,,,,0.0,0.0,0.0
800,CCc1cc2cc(OC)c(OC)cc2c(Cc2ccccc2)n1,0.0,,0.0,,,,,,,,,
801,COc1ccc(C(Cl)=C(c2ccc(OC)cc2)c2ccc(OC)cc2)cc1,0.0,0.0,0.0,1.0,0.0,0.0,1.0,0.0,0.0,0.0,0.0,0.0
802,COc1c2occc2c(OC)c2c(=O)cc(C)oc12,0.0,0.0,0.0,0.0,0.0,1.0,0.0,0.0,0.0,0.0,0.0,0.0
803,COc1ccnc2c1CCCCC2S(=O)c1nc2ccccc2[nH]1,0.0,,1.0,,,,,,,,,
804,CC1=C(CC(=O)O)c2cc(F)ccc2/C1=C\c1ccc(S(C)=O)cc1,0.0,0.0,1.0,0.0,0.0,1.0,0.0,0.0,0.0,0.0,0.0,0.0
805,C[C@]12CC[C@@H]3c4ccc(O)cc4C[C@@H](CCCCCCCCCS(=O)CCCC(F)(F)C(F)(F)F)[C@H]3[C@@H]1CC[C@@H]2O,0.0,0.0,1.0,1.0,0.0,,1.0,,0.0,0.0,0.0,
806,NS(=O)(=O)c1cc2c(cc1C(F)(F)F)NCNS2(=O)=O,0.0,0.0,0.0,0.0,0.0,0.0,0.0,0.0,0.0,0.0,0.0,0.0
807,FC(F)(F)c1ccccc1-n1ccnc1,0.0,0.0,0.0,1.0,0.0,0.0,0.0,0.0,0.0,0.0,0.0,0.0
808,O=c1[nH]c(=O)n([C@H]2C[C@H](O)[C@@H](CO)O2)cc1F,0.0,,1.0,0.0,0.0,0.0,0.0,0.0,,1.0,0.0,
809,CC1CCN(CCCC(=O)c2ccc(F)cc2)CC1,0.0,0.0,0.0,0.0,0.0,0.0,0.0,0.0,0.0,0.0,0.0,0.0
810,O=C(CCCN1CCC2(CC1)C(=O)NCN2c1ccccc1)c1ccc(F)cc1,0.0,0.0,1.0,,0.0,0.0,1.0,,0.0,0.0,0.0,0.0
811,O=S1(=O)c2cccc3cccc(c23)N1CCCN1CCN(c2ccc(F)cc2)CC1,0.0,0.0,1.0,0.0,0.0,0.0,,,0.0,,0.0,0.0
812,FC1(F)C(F)(F)C(F)(F)C2(F)C(F)(F)C(F)(F)C(F)(F)C(F)(F)C2(F)C1(F)F,0.0,,0.0,,,,,,,,,
813,O=C(O)C(Cc1cc(I)c(O)c(I)c1)c1ccccc1,0.0,0.0,0.0,0.0,0.0,0.0,0.0,,1.0,0.0,0.0,0.0
814,O=C1OC2(c3ccccc31)c1cc(I)c(O)c(I)c1Oc1c2cc(I)c(O)c1I,0.0,0.0,0.0,,0.0,1.0,,,0.0,0.0,0.0,0.0
815,CC(C)(C#N)c1cc(Cn2cncn2)cc(C(C)(C)C#N)c1,0.0,0.0,0.0,1.0,0.0,0.0,0.0,0.0,0.0,0.0,0.0,0.0
816,Cc1[nH]c(=O)c(C#N)cc1-c1ccncc1,0.0,0.0,0.0,0.0,0.0,0.0,0.0,0.0,0.0,0.0,0.0,0.0
817,CC(C)(Cc1c[nH]c2ccccc12)NCC(O)COc1ccccc1C#N,0.0,0.0,0.0,,0.0,1.0,,0.0,,0.0,0.0,0.0
818,N#CCC(=O)NN,0.0,,0.0,,,,,,,,,
819,N=C(Nc1ccccc1)Nc1ccccc1,0.0,0.0,1.0,,0.0,1.0,,,0.0,0.0,0.0,0.0
820,Nc1ccc(S(=O)(=O)c2ccc(N)cc2)cc1,0.0,0.0,0.0,0.0,0.0,0.0,0.0,0.0,0.0,0.0,0.0,0.0
821,Nc1ccc(N)cc1,0.0,0.0,1.0,,,1.0,1.0,,0.0,0.0,1.0,0.0
822,CCOC(=O)Nc1ccc(NCc2ccc(F)cc2)nc1N.O=C(O)/C=C\C(=O)O,0.0,0.0,0.0,0.0,0.0,,,1.0,0.0,0.0,0.0,0.0
823,C[C@H]1[C@H](NC(=O)C(=NOC(C)(C)C(=O)O)c2csc(N)n2)C(=O)N1S(=O)(=O)O,0.0,0.0,0.0,0.0,0.0,0.0,0.0,0.0,0.0,0.0,0.0,0.0
824,Nc1ccc(Cl)cc1C(=O)c1ccccc1F,0.0,,1.0,,,,,,,,,
825,Nc1nc(N)nc(NC2CC2)n1,0.0,0.0,0.0,0.0,0.0,1.0,0.0,0.0,0.0,0.0,0.0,0.0
826,Nc1nc(N)c(-c2ccccc2)s1,0.0,0.0,0.0,0.0,0.0,0.0,0.0,0.0,0.0,0.0,0.0,0.0
827,Nc1nc(Cl)nc2c1ncn2[C@@H]1O[C@H](CO)[C@@H](O)[C@@H]1F,0.0,0.0,1.0,1.0,0.0,0.0,0.0,0.0,,1.0,,0.0
828,Cc1onc(-c2ccccc2)c1-c1ccc(S(N)(=O)=O)cc1,0.0,0.0,0.0,0.0,0.0,0.0,,0.0,0.0,0.0,0.0,
829,NCCCC[C@H](N[C@@H](CCc1ccccc1)C(=O)O)C(=O)N1CCC[C@H]1C(=O)O.O.O,0.0,0.0,0.0,0.0,0.0,0.0,0.0,0.0,0.0,0.0,0.0,0.0
830,OC[C@H]1O[C@@H]2O[C@H]3[C@H](O)[C@@H](O)[C@@H](O[C@H]4[C@H](O)[C@@H](O)[C@@H](O[C@H]5[C@H](O)[C@@H](O)[C@@H](O[C@H]6[C@H](O)[C@@H](O)[C@@H](O[C@H]7[C@H](O)[C@@H](O)[C@@H](O[C@H]8[C@H](O)[C@@H](O)[C@@H](O[C@H]1[C@H](O)[C@H]2O)O[C@@H]8CO)O[C@@H]7CO)O[C@@H]6CO)O[C@@H]5CO)O[C@@H]4CO)O[C@@H]3CO,0.0,0.0,0.0,0.0,0.0,0.0,0.0,0.0,0.0,0.0,0.0,0.0
831,CNC[C@H](O)[C@@H](O)[C@H](O)[C@H](O)CO,0.0,0.0,0.0,0.0,0.0,0.0,0.0,1.0,0.0,0.0,0.0,0.0
832,O=[N+]([O-])c1ccc(C=NO)o1,0.0,,1.0,,,,,,,,,
833,Cc1ncc([N+](=O)[O-])n1C,0.0,0.0,0.0,0.0,0.0,0.0,0.0,0.0,0.0,0.0,0.0,0.0
834,O=C(NN=Cc1ccc([N+](=O)[O-])o1)c1ccc(O)cc1,0.0,,1.0,,,,,,,,,
835,CCCC(=O)Nc1ccc(O)c(C(C)=O)c1,0.0,,0.0,,,,,,,,,
836,CC(=O)Nc1ccccc1,0.0,0.0,0.0,0.0,0.0,0.0,0.0,0.0,0.0,0.0,0.0,0.0
837,COc1cc(C(=O)N2CCOCC2)cc(OC)c1OC,0.0,0.0,0.0,0.0,0.0,0.0,0.0,0.0,0.0,0.0,0.0,0.0
838,CC(C(=O)O)c1ccc(C(=O)c2cccs2)cc1,0.0,0.0,0.0,0.0,0.0,0.0,0.0,0.0,0.0,0.0,0.0,0.0
839,COc1ccc(C(=O)c2ccccc2O)c(O)c1,0.0,0.0,0.0,1.0,0.0,0.0,1.0,0.0,0.0,0.0,0.0,0.0
840,CCCc1ccc(OCC(=O)N2CCN(C(=O)COc3ccc(CCC)cc3OC)CC2)c(OC)c1,0.0,,1.0,,,,,,,,,
841,CN1N=C(C(N)=O)CCC1=O,0.0,,0.0,,,,,,,,,
842,NC(=O)c1ccc([N+](=O)[O-])cc1Cl,0.0,0.0,0.0,0.0,0.0,0.0,0.0,0.0,0.0,0.0,0.0,0.0
843,COc1cc2nc(N3CCN(C(=O)c4ccco4)CC3)nc(N)c2cc1OC,0.0,0.0,0.0,,0.0,,0.0,0.0,0.0,,,
844,O=C(Nc1ncc([N+](=O)[O-])s1)c1cccs1,0.0,0.0,1.0,,0.0,1.0,1.0,,,,,
845,O=C(NCCO[N+](=O)[O-])c1cccnc1,0.0,0.0,0.0,0.0,0.0,0.0,0.0,0.0,0.0,0.0,0.0,0.0
846,CN(C)[C@@H]1C(O)=C(C(=O)NCN2CCCC2)C(=O)[C@@]2(O)C(O)=C3C(=O)c4c(O)cccc4[C@@](C)(O)C3C[C@@H]12,0.0,0.0,0.0,0.0,0.0,0.0,0.0,0.0,0.0,0.0,0.0,0.0
847,NNC(=O)c1ccncc1,0.0,0.0,0.0,0.0,0.0,1.0,0.0,0.0,0.0,0.0,0.0,0.0
848,CN1CCC(=C2c3ccccc3Sc3ccccc32)CC1.O=C(O)/C=C\C(=O)O,0.0,0.0,0.0,,,,,0.0,0.0,,0.0,0.0
849,CN1Cc2c(N)cccc2C(c2ccccc2)C1.O=C(O)/C=C\C(=O)O,0.0,0.0,0.0,0.0,0.0,0.0,0.0,0.0,0.0,0.0,0.0,0.0
850,CN1CCCN=C1/C=C/c1cccs1.O=C(O)[C@H](O)[C@@H](O)C(=O)O,0.0,,1.0,,,,,,,,,
851,CCOCCn1c(C2CCN(CCc3ccc(C(C)(C)C(=O)O)cc3)CC2)nc2ccccc21,0.0,,0.0,,,,,,,,,
852,CC(C(=O)O)c1ccc2c(c1)Cc1cccnc1O2,0.0,0.0,0.0,0.0,0.0,0.0,0.0,0.0,0.0,0.0,0.0,
853,CCC(CC)(CC(=O)Nc1cccc(/C=C/c2nc(C3CCC3)cs2)c1)C(=O)O,0.0,0.0,1.0,0.0,0.0,1.0,1.0,0.0,0.0,0.0,0.0,0.0
854,Cn1c(=O)c2c(ncn2C)n(C)c1=O.O=C(O)CC(O)(CC(=O)O)C(=O)O,0.0,0.0,0.0,0.0,0.0,0.0,0.0,0.0,0.0,0.0,0.0,0.0
855,CC1(C)CCC(C)(C)c2cc(NC(=O)c3ccc(C(=O)O)cc3)ccc21,0.0,0.0,0.0,1.0,,,1.0,,,,0.0,0.0
856,C#CC(C)(CC)OC(=O)c1ccccc1C(=O)O,0.0,,0.0,,,,,,,,,
857,O=C(O)c1ccccc1NCCc1ccccc1,0.0,,0.0,,,,,,,,,
858,CC1CCc2cc(F)cc3c(=O)c(C(=O)O)cn1c23,0.0,0.0,0.0,0.0,0.0,0.0,,0.0,0.0,0.0,0.0,0.0
859,O=C(O)c1ccc2[nH]cc(CCCCN3CC=C(c4ccccc4)CC3)c2c1,0.0,0.0,0.0,0.0,0.0,,0.0,0.0,0.0,0.0,0.0,0.0
860,O=C(O)c1nn(Cc2ccc(Cl)cc2Cl)c2ccccc12,0.0,0.0,1.0,0.0,1.0,0.0,0.0,1.0,,0.0,0.0,
861,CCOc1nc2cccc(C(=O)O)c2n1Cc1ccc(-c2ccccc2-c2nnn[nH]2)cc1,0.0,,0.0,,,,,,,,,
862,O=C(O)Cc1cccc2ccccc12,0.0,0.0,0.0,0.0,0.0,0.0,0.0,0.0,1.0,0.0,0.0,0.0
863,CCCCCCCCCCC[C@@H](C[C@@H]1OC(=O)[C@H]1CCCCCC)OC(=O)C(CC(C)C)NC=O,0.0,0.0,0.0,0.0,0.0,0.0,,0.0,0.0,0.0,0.0,0.0
864,COC(=O)[C@@]1(C)[C@H](C)C[C@H]2[C@@H]3CCC4=CC(=O)C=C[C@]4(C)[C@H]3[C@@H](O)C[C@@]21C,0.0,1.0,1.0,,,,0.0,,0.0,,0.0,0.0
865,COC(=O)C1=C(C)NC(C)=C(C(=O)OC(C)C)C1c1cccc2nonc12,0.0,0.0,0.0,0.0,0.0,,0.0,0.0,0.0,0.0,0.0,0.0
866,COC(=O)Nc1nc2cc(S(=O)c3ccccc3)ccc2[nH]1,0.0,0.0,0.0,0.0,0.0,1.0,0.0,0.0,0.0,1.0,0.0,0.0
867,CC1CC(OC(=O)c2ccccc2O)CC(C)(C)C1,1.0,0.0,0.0,0.0,0.0,0.0,0.0,0.0,0.0,0.0,0.0,0.0
868,CCOC(=O)C(C#N)=C(c1ccccc1)c1ccccc1,0.0,0.0,0.0,0.0,1.0,0.0,,1.0,0.0,0.0,0.0,0.0
869,CCOC(=O)c1cccnc1,0.0,,0.0,,,,,,,,,
870,CCOC(=O)c1c(C)n(C)c2ccc(O)cc12,0.0,0.0,0.0,0.0,,,1.0,0.0,0.0,0.0,0.0,0.0
871,CCOC(=O)CN1CCCC1=O,0.0,,0.0,,,,,,,,,
872,O=C(OOC(=O)c1ccccc1)c1ccccc1,0.0,,0.0,,,,,,,,,
873,CC1=C(C)C(=O)C(CCCCC#CCCCC#CCO)=C(C)C1=O,0.0,0.0,1.0,,0.0,1.0,,,,0.0,0.0,0.0
874,C=CCN1CC[C@]23c4c5ccc(O)c4O[C@H]2C(=O)CC[C@@]3(O)[C@H]1C5,0.0,0.0,0.0,0.0,0.0,0.0,0.0,0.0,0.0,0.0,0.0,0.0
875,O=C(O)CCCC[C@@H]1SC[C@@H]2NC(=O)N[C@@H]21,0.0,0.0,0.0,0.0,0.0,0.0,0.0,0.0,0.0,0.0,0.0,0.0
876,O=C1CCC(N2C(=O)c3ccccc3C2=O)C(=O)N1,0.0,0.0,0.0,0.0,0.0,0.0,0.0,0.0,0.0,0.0,0.0,0.0
877,CCC1(CC)C(=O)NC(=O)NC1=O,0.0,0.0,0.0,0.0,0.0,0.0,0.0,0.0,0.0,0.0,0.0,0.0
878,CC1=C(C)C(=O)C(C(CCCCCC(=O)O)c2ccccc2)=C(C)C1=O,0.0,,1.0,,,,,,,,,
879,Cn1c(=O)c2c(ncn2CC2OCCO2)n(C)c1=O,0.0,0.0,0.0,0.0,0.0,0.0,0.0,0.0,0.0,0.0,0.0,0.0
880,Cn1c(=O)c2c(ncn2CCO)n(C)c1=O,0.0,0.0,0.0,0.0,0.0,0.0,0.0,0.0,0.0,0.0,0.0,0.0
881,CC1=NN(c2ccccc2)C(=O)C1,0.0,0.0,0.0,0.0,0.0,1.0,1.0,0.0,0.0,0.0,0.0,0.0
882,Cc1c(NC(=O)c2cccnc2)c(=O)n(-c2ccccc2)n1C,0.0,0.0,0.0,0.0,0.0,0.0,0.0,0.0,0.0,0.0,0.0,0.0
883,C=C1C[C@@H]2[C@H](CC[C@]3(C)C(=O)CC[C@@H]23)[C@@]2(C)C=CC(=O)C=C12,0.0,1.0,1.0,1.0,0.0,0.0,0.0,1.0,0.0,0.0,0.0,1.0
884,O=C1c2ccccc2C(=O)c2c1ccc(O)c2O,0.0,0.0,0.0,0.0,1.0,1.0,1.0,,0.0,0.0,0.0,0.0
885,O=C1C(CCS(=O)c2ccccc2)C(=O)N(c2ccccc2)N1c1ccccc1,0.0,0.0,0.0,0.0,0.0,0.0,0.0,0.0,0.0,0.0,0.0,0.0
886,C[C@]12CCC(=O)C=C1C=C[C@@H]1[C@@H]2CC[C@@]2(C)[C@H]1CC[C@@]21CCC(=O)O1,0.0,1.0,1.0,1.0,0.0,0.0,0.0,,0.0,0.0,0.0,1.0
887,C[C@]12CC[C@H]3[C@@H](CCC4=CC(=O)CC[C@@H]43)[C@@H]1CC[C@@H]2OC(=O)CCC1CCCCC1,0.0,,1.0,,,,,,,,,
888,CN(C)CCc1c[nH]c2ccc(CS(=O)(=O)N3CCCC3)cc12,0.0,0.0,0.0,0.0,0.0,0.0,0.0,0.0,0.0,0.0,0.0,0.0
889,CCN(CC)S(=O)(=O)c1ccc(C(=O)O)cc1,0.0,0.0,0.0,0.0,0.0,0.0,0.0,0.0,0.0,0.0,0.0,0.0
890,Nc1ccc(S(=O)(=O)Nc2ccccn2)cc1,0.0,0.0,0.0,0.0,0.0,0.0,0.0,0.0,0.0,0.0,0.0,0.0
891,COc1ccc(S(=O)(=O)Nc2nnc(CC(C)C)s2)cc1,0.0,0.0,0.0,0.0,0.0,0.0,0.0,0.0,0.0,0.0,0.0,0.0
892,CC(C)(C)c1nnc(NS(=O)(=O)c2ccc(N)cc2)s1,0.0,,0.0,,,,,,,,,
893,CNC(C)(C)Cc1ccccc1.CNC(C)(C)Cc1ccccc1.O=S(=O)(O)O,0.0,0.0,0.0,0.0,0.0,0.0,0.0,0.0,0.0,0.0,0.0,0.0
894,COC(=O)[C@H](c1ccccc1Cl)N1CCc2sccc2C1.O=S(=O)(O)O,0.0,0.0,0.0,0.0,1.0,0.0,0.0,1.0,0.0,0.0,0.0,0.0
895,N=C(N)N1CCc2ccccc2C1.N=C(N)N1CCc2ccccc2C1.O=S(=O)(O)O,0.0,,0.0,,,,,,,,,
896,CS(=O)(=O)c1ccc([C@@H](O)[C@@H](CO)NC(=O)C(Cl)Cl)cc1,0.0,0.0,0.0,0.0,0.0,0.0,0.0,0.0,0.0,0.0,0.0,0.0
897,Cc1cccc(C)c1NC(=O)c1cc(S(N)(=O)=O)c(Cl)cc1O,0.0,0.0,0.0,0.0,0.0,0.0,0.0,,0.0,0.0,0.0,0.0
898,C[C@H](CS)C(=O)N1CCC[C@H]1C(=O)O,0.0,,0.0,,,,,,,,,
899,O=C(O)CCNC(=O)c1ccc(/N=N/c2ccc(O)c(C(=O)O)c2)cc1,0.0,0.0,0.0,0.0,0.0,0.0,,0.0,0.0,0.0,0.0,0.0
900,Nc1ccc(O)c(C(=O)O)c1,0.0,0.0,0.0,0.0,0.0,0.0,0.0,1.0,0.0,0.0,0.0,0.0
901,Cc1cccc(C(=O)O)c1O,0.0,0.0,0.0,0.0,0.0,0.0,0.0,0.0,0.0,0.0,0.0,0.0
902,OC(C#CCN1CCCC1)(c1ccccc1)c1ccccc1,0.0,0.0,0.0,0.0,0.0,,,0.0,0.0,0.0,0.0,0.0
903,COc1ccccc1OCC(O)CN1CCN(CC(=O)Nc2c(C)cccc2C)CC1,0.0,0.0,0.0,0.0,0.0,0.0,0.0,0.0,0.0,0.0,0.0,0.0
904,O=C1O[C@H]([C@@H](O)CO)C(O)=C1O,0.0,0.0,0.0,0.0,0.0,0.0,0.0,1.0,0.0,0.0,0.0,0.0
905,CCN(CC)C(=O)/C(C#N)=C/c1cc(O)c(O)c([N+](=O)[O-])c1,1.0,0.0,1.0,0.0,0.0,0.0,,0.0,0.0,,0.0,
906,O=S1(=O)OC(c2ccc(O)cc2)(c2ccc(O)cc2)c2ccccc21,0.0,0.0,0.0,0.0,0.0,0.0,0.0,1.0,0.0,0.0,0.0,0.0
907,O=c1c(-c2ccc(O)cc2)coc2cc(O)cc(O)c12,0.0,0.0,1.0,,1.0,1.0,1.0,1.0,,1.0,1.0,0.0
908,CNC[C@H](O)c1ccc(O)c(O)c1,0.0,,0.0,,,,,,,,,
909,Oc1ccc(O)cc1,0.0,0.0,1.0,0.0,0.0,1.0,0.0,0.0,0.0,,0.0,0.0
910,OC[C@H]1O[C@@H](OCCc2ccc(O)cc2)[C@H](O)[C@@H](O)[C@@H]1O,0.0,,0.0,,,,,,,,,
911,Oc1ccc(OCc2ccccc2)cc1,0.0,0.0,1.0,,1.0,,1.0,1.0,,1.0,1.0,0.0
912,CN1CCc2cc(Cl)c(O)cc2[C@H]2c3ccccc3CC[C@@H]21,0.0,0.0,0.0,0.0,0.0,0.0,,0.0,0.0,0.0,0.0,0.0
913,C=CCN1CC[C@]23CCCC[C@H]2[C@H]1Cc1ccc(O)cc13,0.0,0.0,0.0,0.0,,0.0,0.0,0.0,0.0,0.0,0.0,0.0
914,C[C@]12CCC(=O)C=C1CC[C@@H]1[C@@H]2CC[C@@]2(C)[C@H]1CC[C@]2(O)C(=O)CO,0.0,1.0,0.0,,0.0,0.0,0.0,,0.0,0.0,0.0,1.0
915,CCCCC(=O)O[C@]1(C(=O)CO)[C@H](C)C[C@H]2[C@@H]3CCC4=CC(=O)C=C[C@]4(C)[C@@]3(F)[C@@H](O)C[C@@]21C,0.0,1.0,0.0,,0.0,,1.0,0.0,0.0,0.0,0.0,1.0
916,CC1(C)O[C@@H]2C[C@H]3[C@@H]4C[C@H](F)C5=CC(=O)C=C[C@]5(C)[C@H]4[C@@H](O)C[C@]3(C)[C@]2(C(=O)CO)O1,0.0,1.0,0.0,,,0.0,,0.0,0.0,0.0,,0.0
917,CC(=O)N(CC(O)CO)c1c(I)c(C(=O)NCC(O)CO)c(I)c(C(=O)NCC(O)CO)c1I,0.0,0.0,0.0,0.0,0.0,0.0,,0.0,0.0,0.0,0.0,0.0
918,CCCCCCCCCCCCCCCCCC(=O)OCC(O)CO,0.0,0.0,0.0,0.0,0.0,0.0,0.0,0.0,0.0,0.0,0.0,0.0
919,O=C(O)c1ccc2ccccc2c1O.OCc1cc(C(O)CNCCCCCCOCCCCc2ccccc2)ccc1O,0.0,0.0,0.0,,0.0,1.0,,,,0.0,0.0,0.0
920,C[N+](C)(C)CCCCCCCCCC[N+](C)(C)C.[Br-].[Br-],0.0,0.0,0.0,0.0,0.0,0.0,0.0,0.0,0.0,0.0,0.0,0.0
921,C[N+]1(C)CCC(OC(=O)C(O)(c2ccccc2)C2CCCC2)C1.[Br-],0.0,0.0,0.0,0.0,0.0,0.0,0.0,0.0,0.0,0.0,0.0,
922,CC(C)[N+](C)(CCOC(=O)C1c2ccccc2Oc2ccccc21)C(C)C.[Br-],0.0,0.0,0.0,0.0,0.0,0.0,0.0,0.0,1.0,0.0,0.0,0.0
923,CC[N+](C)(CC)CCOC(=O)C1c2ccccc2Oc2ccccc21.[Br-],0.0,0.0,0.0,0.0,0.0,0.0,0.0,0.0,0.0,,0.0,0.0
924,COC1CC(=C(c2cccs2)c2cccs2)C[N+](C)(C)C1.[Br-],0.0,0.0,0.0,0.0,0.0,0.0,0.0,,0.0,0.0,0.0,0.0
925,C[N+]1(CCC(C(N)=O)(c2ccccc2)c2ccccc2)CCCCC1.[Br-],0.0,0.0,0.0,0.0,0.0,0.0,0.0,0.0,0.0,0.0,0.0,0.0
926,O=C(O)CCCC[P+](c1ccccc1)(c1ccccc1)c1ccccc1.[Br-],0.0,,0.0,,,,,,,,,
927,CC[N+]1(CC)CCC(OC(=O)C(O)(c2ccccc2)c2ccccc2)C1.[Br-],0.0,,0.0,,,,,,,,,
928,C[N+]1(C)CCCC(OC(=O)C(O)(c2ccccc2)c2ccccc2)C1.[Br-],0.0,,0.0,,0.0,0.0,0.0,,0.0,0.0,0.0,0.0
929,CC[N+]1(C)CCCC(OC(=O)C(O)(c2ccccc2)c2ccccc2)C1.[Br-],0.0,,0.0,,,,,,,,,
930,CN(C)C(=O)Oc1ccc[n+](C)c1.[Br-],0.0,1.0,0.0,0.0,0.0,0.0,0.0,1.0,0.0,0.0,0.0,0.0
931,CN(C)C(=O)Oc1cccc([N+](C)(C)C)c1.[Br-],0.0,0.0,0.0,0.0,0.0,0.0,,0.0,0.0,0.0,0.0,0.0
932,C[N+]12CCC(CC1)C(OC(=O)C(O)(c1ccccc1)c1ccccc1)C2.[Br-],0.0,0.0,0.0,0.0,0.0,0.0,0.0,0.0,0.0,0.0,0.0,0.0
933,C[N+]1(C)[C@@H]2C[C@@H](OC(=O)[C@H](CO)c3ccccc3)C[C@H]1[C@@H]1O[C@@H]12.[Br-],0.0,0.0,0.0,0.0,0.0,0.0,0.0,0.0,0.0,0.0,0.0,0.0
934,CCCC[N+]1(C)[C@@H]2C[C@@H](OC(=O)[C@H](CO)c3ccccc3)C[C@H]1[C@@H]1O[C@@H]12.[Br-],0.0,0.0,0.0,0.0,0.0,0.0,0.0,0.0,0.0,0.0,0.0,0.0
935,CCCCCCCC/C=C/C(=O)[O-].CCCCCCCC/C=C/C(=O)[O-].[Ca+2],0.0,,0.0,,,,,,,,,
936,C[C@H](C(=O)[O-])c1cccc(Oc2ccccc2)c1.C[C@H](C(=O)[O-])c1cccc(Oc2ccccc2)c1.O.O.[Ca+2],0.0,0.0,0.0,0.0,0.0,0.0,0.0,0.0,1.0,0.0,0.0,0.0
937,C[N+](C)(C)CC[N+]1(C)Cc2c(Cl)c(Cl)c(Cl)c(Cl)c2C1.[Cl-].[Cl-],0.0,0.0,1.0,0.0,0.0,0.0,0.0,0.0,0.0,0.0,0.0,0.0
938,C[N+](C)(C)CCOC(=O)CCC(=O)OCC[N+](C)(C)C.[Cl-].[Cl-],0.0,0.0,0.0,0.0,0.0,0.0,0.0,0.0,0.0,0.0,0.0,0.0
939,C[N+](C)(C)CC(=O)O.[Cl-],0.0,0.0,0.0,0.0,0.0,0.0,0.0,0.0,0.0,0.0,0.0,0.0
940,CC(=O)OC(C)C[N+](C)(C)C.[Cl-],0.0,0.0,0.0,0.0,0.0,0.0,0.0,0.0,0.0,0.0,0.0,0.0
941,CC(C[N+](C)(C)C)OC(N)=O.[Cl-],0.0,0.0,0.0,0.0,0.0,0.0,0.0,0.0,0.0,0.0,0.0,0.0
942,CC(=O)OCC[N+](C)(C)C.[Cl-],0.0,,0.0,,,,,,,,,
943,C[N+](C)(C)CCOC(N)=O.[Cl-],0.0,0.0,0.0,0.0,0.0,0.0,0.0,0.0,,0.0,0.0,0.0
944,CC[N+](C)(C)c1cccc(O)c1.[Cl-],0.0,0.0,0.0,0.0,0.0,0.0,,0.0,0.0,0.0,0.0,0.0
945,CC(C)[N+](C)(C)CC(O)COc1cccc2ccccc12.[Cl-],0.0,0.0,0.0,0.0,0.0,0.0,0.0,0.0,0.0,0.0,0.0,0.0
946,CCCc1ncc(C[n+]2ccccc2C)c(N)n1.Cl.[Cl-],0.0,0.0,0.0,0.0,0.0,0.0,,0.0,0.0,0.0,0.0,0.0
947,COc1cc2c3cc1Oc1cc(ccc1O)C[C@@H]1c4c(cc(OC)c(O)c4Oc4ccc(cc4)C[C@@H]3N(C)CC2)CC[N+]1(C)C.Cl.[Cl-],0.0,0.0,0.0,0.0,0.0,0.0,0.0,0.0,0.0,0.0,0.0,0.0
948,Nc1c[n+](N2CCOCC2)no1.[Cl-],0.0,0.0,0.0,0.0,0.0,0.0,0.0,0.0,0.0,0.0,0.0,0.0
949,C[n+]1ccccc1/C=N/O.[Cl-],0.0,0.0,0.0,0.0,0.0,0.0,0.0,0.0,0.0,0.0,0.0,0.0
950,O=C(O[C@H]1C[C@H]2CC[C@@H](C1)[N+]21CCCC1)C(O)(c1ccccc1)c1ccccc1.[Cl-],0.0,0.0,0.0,0.0,0.0,0.0,0.0,0.0,0.0,0.0,0.0,0.0
951,O=C([O-])CN(CCN(CC(=O)[O-])CC(=O)[O-])CC(=O)[O-].[Fe+3].[Na+],0.0,0.0,1.0,0.0,0.0,0.0,0.0,0.0,0.0,0.0,0.0,0.0
952,CC(O)CN1CCN(CC(=O)[O-])CCN(CC(=O)[O-])CCN(CC(=O)[O-])CC1.[Gd+3],0.0,,0.0,,,,,,,,,
953,CNC(=O)CN(CCN(CCN(CC(=O)[O-])CC(=O)NC)CC(=O)[O-])CC(=O)[O-].O.[Gd+3],0.0,,0.0,,,,,,,,,
954,CC[N+](CC)(CC)CCOc1cccc(OCC[N+](CC)(CC)CC)c1OCC[N+](CC)(CC)CC.[I-].[I-].[I-],0.0,0.0,0.0,0.0,0.0,0.0,0.0,0.0,0.0,0.0,0.0,0.0
955,COc1ccc2cc1Oc1cc3c(cc1OC)CC[N+](C)(C)[C@H]3Cc1ccc(cc1)Oc1c(OC)c(OC)cc3c1[C@@H](C2)[N+](C)(C)CC3.[I-].[I-],0.0,0.0,0.0,0.0,0.0,0.0,0.0,0.0,0.0,0.0,0.0,0.0
956,C[N+]1(CC2COC(c3ccccc3)(C3CCCCC3)O2)CCCCC1.[I-],0.0,0.0,0.0,0.0,0.0,0.0,0.0,0.0,0.0,0.0,0.0,0.0
957,CC[N+](CC)(CC)CCOc1ccc(/C=C/c2ccccc2)cc1.[I-],0.0,0.0,1.0,1.0,0.0,0.0,0.0,,,0.0,,0.0
958,C[N+](C)(C)CCOC(=O)C(O)(c1ccccc1)c1ccccc1.[I-],0.0,0.0,0.0,0.0,0.0,0.0,0.0,0.0,0.0,0.0,0.0,0.0
959,CC(=O)CC(c1ccccc1)c1c([O-])c2ccccc2oc1=O.[K+],0.0,1.0,0.0,0.0,0.0,0.0,1.0,1.0,1.0,0.0,0.0,1.0
960,O=C([O-])P(=O)([O-])[O-].[Na+].[Na+].[Na+],0.0,0.0,0.0,0.0,1.0,0.0,0.0,1.0,0.0,0.0,0.0,0.0
961,O=C([O-])CC(O)C(=O)[O-].[Na+].[Na+],0.0,,0.0,,,,,,,,,
962,O=C([O-])c1cc(=O)c2c(OCC(O)COc3cccc4oc(C(=O)[O-])cc(=O)c34)cccc2o1.[Na+].[Na+],0.0,0.0,0.0,0.0,0.0,0.0,,0.0,0.0,0.0,0.0,0.0
963,C=CC1=C(C)c2cc3[nH]c(cc4nc(cc5[nH]c(cc1n2)c(C)c5CCC(=O)[O-])C(CCC(=O)[O-])=C4C)c(C)c3C=C.[Na+].[Na+],0.0,0.0,1.0,0.0,1.0,0.0,0.0,1.0,0.0,0.0,0.0,0.0
964,O=P([O-])(O)C(O)(Cc1cccnc1)P(=O)([O-])O.[Na+].[Na+],0.0,,0.0,,,,,,,,,
965,CC(O)(P(=O)([O-])O)P(=O)([O-])O.[Na+].[Na+],0.0,0.0,0.0,0.0,0.0,0.0,0.0,0.0,0.0,0.0,0.0,0.0
966,CO/N=C(\C(=O)N[C@@H]1C(=O)N2C(C(=O)[O-])=C(CSc3nc(=O)c([O-])nn3C)CS[C@H]12)c1csc(N)n1.O.O.O.[Na+].[Na+],0.0,0.0,0.0,0.0,0.0,,0.0,,0.0,0.0,0.0,0.0
967,CC1(C)S[C@@H]2[C@H](NC(=O)C(C(=O)[O-])c3ccccc3)C(=O)N2[C@H]1C(=O)[O-].[Na+].[Na+],0.0,,0.0,,,,,,,,,
968,COc1ccc2cc([C@H](C)C(=O)[O-])ccc2c1.[Na+],0.0,0.0,0.0,0.0,0.0,0.0,0.0,0.0,0.0,0.0,0.0,0.0
969,C[C@]12CCC(=O)C=C1CC[C@@H]1[C@@H]2[C@@H](O)C[C@@]2(C)[C@H]1CC[C@]2(O)C(=O)COC(=O)CCC(=O)[O-].[Na+],0.0,,0.0,,,,,,,,,
970,O=C([O-])CCCc1ccccc1.[Na+],0.0,,0.0,,,,,,,,,
971,O=C([O-])COc1nn(Cc2ccccc2)c2ccccc12.[Na+],0.0,0.0,0.0,0.0,0.0,0.0,0.0,0.0,0.0,0.0,0.0,
972,N#CSCC(=O)[O-].[Na+],0.0,,0.0,,,,,,,,,
973,O=S(=O)([O-])CCS.[Na+],0.0,0.0,0.0,0.0,0.0,0.0,0.0,0.0,0.0,0.0,0.0,0.0
974,Cc1c(N(C)CS(=O)(=O)[O-])c(=O)n(-c2ccccc2)n1C.[Na+],0.0,0.0,0.0,0.0,0.0,0.0,0.0,1.0,0.0,0.0,0.0,0.0
975,CCCCCCCCCCCCOS(=O)(=O)[O-].[Na+],0.0,0.0,0.0,0.0,0.0,0.0,0.0,0.0,0.0,0.0,0.0,0.0
976,CO[C@@H]1[C@@H](OC(N)=O)[C@@H](O)[C@H](Oc2ccc3c([O-])c(NC(=O)c4ccc(O)c(CC=C(C)C)c4)c(=O)oc3c2C)OC1(C)C.[Na+],0.0,0.0,0.0,0.0,0.0,0.0,0.0,0.0,,0.0,0.0,0.0
977,CC(C)(O)c1ccccc1CC[C@@H](SCC1(CC(=O)[O-])CC1)c1cccc(/C=C/c2ccc3ccc(Cl)cc3n2)c1.[Na+],0.0,0.0,0.0,,0.0,1.0,1.0,,,,1.0,
978,CC(C)c1cc2c(cc1S(=O)(=O)O)[C@@]1(C)CCC[C@@](C)(C(=O)[O-])[C@@H]1CC2.[Na+],0.0,,0.0,,,,,,,,,
979,CCN(CC)c1ccc(C(=C2C=CC(=[N+](CC)CC)C=C2)c2cc(S(=O)(=O)[O-])ccc2S(=O)(=O)[O-])cc1.[Na+],0.0,,0.0,,,,,,,,,
980,Cc1ccc(C(=O)C(=O)[O-])cc1C.[Na+],0.0,,0.0,,,,,,,,,
981,Cc1cc(CC(=O)[O-])n(C)c1C(=O)c1ccc(Cl)cc1.[Na+],0.0,1.0,1.0,0.0,0.0,0.0,0.0,0.0,0.0,0.0,0.0,0.0
982,COCCCOc1ccnc(CS(=O)c2nc3ccccc3[n-]2)c1C.[Na+],0.0,1.0,1.0,,0.0,1.0,0.0,,0.0,0.0,0.0,0.0
983,O.O.O.O.[Na+].[O-]c1ccccc1-c1ccccc1,0.0,0.0,1.0,0.0,0.0,1.0,1.0,0.0,0.0,0.0,0.0,0.0
984,CC(C)(C)C(=O)Oc1ccc(S(=O)(=O)Nc2ccccc2C(=O)NCC(=O)[O-])cc1.O.O.O.O.[Na+],0.0,1.0,0.0,0.0,0.0,1.0,0.0,0.0,0.0,0.0,0.0,1.0
985,NCCCC(O)(P(=O)([O-])O)P(=O)(O)O.O.O.O.[Na+],0.0,,0.0,,,,,,,,,
986,Cc1ccc(C(=O)c2ccc(CC(=O)[O-])n2C)cc1.O.O.[Na+],0.0,0.0,0.0,0.0,0.0,0.0,0.0,0.0,0.0,0.0,0.0,
987,COc1cccc(OC)c1C(=O)N[C@@H]1C(=O)N2[C@@H]1SC(C)(C)[C@@H]2C(=O)[O-].O.[Na+],0.0,0.0,1.0,0.0,0.0,0.0,0.0,1.0,0.0,0.0,0.0,0.0
988,O=C([O-])CCC(=O)OC[C@@H](NC(=O)C(Cl)Cl)[C@H](O)c1ccc([N+](=O)[O-])cc1.[Na+],0.0,0.0,0.0,0.0,0.0,0.0,0.0,0.0,0.0,0.0,0.0,0.0
989,Cc1onc(-c2ccccc2Cl)c1C(=O)N[C@@H]1C(=O)N2[C@@H]1SC(C)(C)[C@@H]2C(=O)[O-].[Na+],0.0,0.0,0.0,0.0,0.0,0.0,0.0,0.0,0.0,0.0,0.0,0.0
990,CCN1CCN(C(=O)N[C@@H](C(=O)N[C@@H]2C(=O)N3[C@@H]2SC(C)(C)[C@H]3C(=O)[O-])c2ccccc2)C(=O)C1=O.[Na+],0.0,,0.0,,,,,,,,,
991,Nc1ccc(C(=O)[O-])c(O)c1.[Na+],0.0,0.0,0.0,0.0,0.0,0.0,0.0,0.0,0.0,0.0,0.0,0.0
992,CNC(=O)c1c(I)c(NC(C)=O)c(I)c(C(=O)[O-])c1I.[Na+],0.0,,0.0,,,,,,,,,
993,CCN1CCN(C(=O)N[C@@H](C(=O)N[C@@H]2C(=O)N3C(C(=O)[O-])=C(CSc4nnnn4C)CS[C@H]23)c2ccc(O)cc2)C(=O)C1=O.[Na+],0.0,,0.0,,,,,,,,,
994,CCCC(C)C1(CC)C(=O)N=C([S-])NC1=O.[Na+],0.0,0.0,0.0,0.0,0.0,0.0,0.0,0.0,0.0,0.0,0.0,0.0
995,O=c1[n-]c2[nH]c(=O)[nH]c(=O)c2[nH]1.[Na+],0.0,,0.0,,,,,,,,,
996,COCCOc1cccc(S(=O)(=O)[N-]c2ncccn2)c1.[Na+],0.0,,0.0,,,,,,,,,
997,O=[N+]([O-])/N=C1\NCCN1Cc1ccc(Cl)nc1,0.0,0.0,0.0,0.0,0.0,0.0,0.0,0.0,0.0,0.0,0.0,0.0
998,CN/C(=C\[N+](=O)[O-])NCCSCc1ccc(CN(C)C)o1,0.0,0.0,0.0,0.0,0.0,0.0,0.0,0.0,0.0,0.0,0.0,0.0
999,CC(=O)CC(c1ccc([N+](=O)[O-])cc1)c1c(O)c2ccccc2oc1=O,0.0,0.0,0.0,0.0,0.0,0.0,1.0,0.0,,0.0,0.0,0.0
1000,CN1C(=O)CN=C(c2ccccc2)c2cc([N+](=O)[O-])ccc21,0.0,1.0,0.0,,0.0,,,,0.0,0.0,1.0,0.0
1001,O=C1CN=C(c2ccccc2)c2cc([N+](=O)[O-])ccc2N1,0.0,0.0,0.0,0.0,0.0,0.0,0.0,0.0,0.0,0.0,0.0,0.0
1002,O=[N+]([O-])c1cncn1CCN1CCOCC1,0.0,,0.0,,,,,,,,,
1003,O=[N+]([O-])O[C@H]1CO[C@H]2[C@@H]1OC[C@H]2O[N+](=O)[O-],0.0,0.0,0.0,0.0,0.0,0.0,0.0,,0.0,0.0,0.0,0.0
1004,C[N+]([O-])(CCCl)CCCl,0.0,,0.0,,,,,,,,,
1005,O=C(O)c1ccc[n+]([O-])c1,0.0,,0.0,,,,,,,,,
1006,[O-][n+]1cccc(CO)c1,0.0,0.0,0.0,0.0,0.0,0.0,0.0,,0.0,0.0,0.0,0.0
1007,C[NH+](C)CCC(c1ccccc1)c1cccc[nH+]1.O=C([O-])/C=C\C(=O)[O-],0.0,0.0,0.0,0.0,0.0,0.0,0.0,1.0,0.0,0.0,0.0,0.0
1008,COS(=O)(=O)[O-].C[N+]1(C)CCC(=C(c2ccccc2)c2ccccc2)CC1,0.0,0.0,0.0,0.0,0.0,0.0,0.0,0.0,0.0,0.0,0.0,0.0
1009,CCCCCCCC(=O)[O-].CCCCCCCC(=O)[O-].[Zn+2],0.0,,0.0,,,,,,,,,
1010,Br.COc1c2c(cc3c1OCO3)CCN(C)C2,0.0,0.0,0.0,0.0,0.0,0.0,,0.0,0.0,0.0,0.0,0.0
1011,Br.CN1[C@@H]2CC[C@H]1C[C@@H](OC(=O)C(O)c1ccccc1)C2,0.0,1.0,0.0,0.0,0.0,0.0,0.0,0.0,0.0,0.0,0.0,0.0
1012,Br.CN1[C@@H]2C[C@@H](OC(=O)[C@H](CO)c3ccccc3)C[C@H]1[C@@H]1O[C@@H]12,0.0,0.0,0.0,0.0,0.0,0.0,0.0,0.0,0.0,0.0,0.0,0.0
1013,O=c1[nH]c(=O)n([C@H]2O[C@H](CO)[C@@H](O)[C@@H]2O)cc1/C=C\Br,0.0,,0.0,,,,,,,,,
1014,FC(F)(F)C(Cl)Br,0.0,0.0,0.0,0.0,0.0,0.0,0.0,0.0,0.0,0.0,0.0,0.0
1015,Nc1nc(=O)c(Br)c(-c2ccccc2)[nH]1,0.0,0.0,0.0,0.0,0.0,0.0,0.0,0.0,0.0,0.0,0.0,
1016,O=c1[nH]c(=O)n([C@H]2C[C@H](O)[C@@H](CO)O2)cc1Br,0.0,0.0,0.0,,0.0,0.0,0.0,,0.0,0.0,0.0,0.0
1017,CCNC(=O)/C=C/c1cccc(Br)c1,0.0,0.0,0.0,,0.0,,0.0,,0.0,0.0,0.0,
1018,CO[C@]12C[C@@H](COC(=O)c3cncc(Br)c3)CN(C)[C@@H]1Cc1cn(C)c3cccc2c13,0.0,0.0,0.0,,0.0,1.0,0.0,0.0,0.0,0.0,0.0,0.0
1019,Brc1c(NC2=NCCN2)ccc2nccnc12,0.0,0.0,0.0,0.0,0.0,0.0,,0.0,0.0,0.0,0.0,0.0
1020,O=C(O)Cn1c(=O)n(Cc2ccc(Br)cc2F)c(=O)c2ccc(Cl)cc21,0.0,0.0,0.0,0.0,0.0,0.0,0.0,0.0,0.0,0.0,0.0,0.0
1021,C#CC(O)(/C=C\Cl)CC,0.0,,0.0,,,,,,,,,
1022,c1ccc(OCc2ccc(CCCN3CCOCC3)cc2)cc1,0.0,0.0,1.0,0.0,0.0,0.0,0.0,0.0,0.0,0.0,0.0,0.0
1023,C/C(=N\O)[C@@H](C)NCC(C)(C)CN[C@H](C)/C(C)=N/O,0.0,,0.0,,,,,,,,,
1024,C[C@@H](C1=C(CCN(C)C)Cc2ccccc21)c1ccccn1.O=C(O)/C=C\C(=O)O,0.0,0.0,0.0,0.0,0.0,0.0,0.0,0.0,0.0,0.0,0.0,0.0
1025,C[C@@H]1CN(c2c(F)c(N)c3c(=O)c(C(=O)O)cn(C4CC4)c3c2F)C[C@H](C)N1,0.0,1.0,0.0,0.0,0.0,0.0,0.0,0.0,0.0,0.0,0.0,0.0
1026,CC1(C)O[C@H]2CC(=O)OC[C@]23[C@H]2CC[C@@]4(C)[C@H](c5ccoc5)OC(=O)[C@H]5O[C@]54[C@]2(C)C(=O)C[C@@H]13,0.0,1.0,0.0,,0.0,0.0,0.0,1.0,0.0,0.0,0.0,0.0
1027,C[C@@H]1CCN(C(=O)[C@H](CCCNC(=N)N)NS(=O)(=O)c2cccc3c2NC[C@H](C)C3)[C@@H](C(=O)O)C1,0.0,0.0,0.0,0.0,0.0,0.0,,0.0,0.0,0.0,0.0,0.0
1028,C[N+](C)(C)CCCCCC[N+](C)(C)C,0.0,0.0,0.0,0.0,0.0,0.0,0.0,0.0,0.0,0.0,0.0,0.0
1029,CC(C)=CCC/C(C)=C/CC/C(C)=C/CCC(=O)OC/C=C(\C)CCC=C(C)C,0.0,0.0,0.0,0.0,0.0,0.0,,0.0,0.0,0.0,0.0,0.0
1030,C=C1CC[C@@]2(O)[C@H]3Cc4ccc(O)c5c4[C@@]2(CCN3CC2CC2)[C@H]1O5,0.0,0.0,0.0,0.0,0.0,0.0,0.0,1.0,0.0,0.0,0.0,0.0
1031,C=CCN1CCc2nc(N)sc2CC1,0.0,0.0,0.0,0.0,0.0,0.0,0.0,0.0,0.0,0.0,0.0,0.0
1032,c1ccc(N2CCNCC2)cc1,0.0,,0.0,,,,,,,,,
1033,C1COC(NC(C2CC2)C2CC2)=N1,0.0,,0.0,,,,,,,,,
1034,c1ccc2c(c1)Nc1ccccc1S2,0.0,0.0,0.0,0.0,0.0,0.0,1.0,1.0,0.0,0.0,0.0,0.0
1035,c1ccc2[nH]ccc2c1,0.0,0.0,0.0,0.0,0.0,1.0,0.0,0.0,0.0,0.0,0.0,0.0
1036,c1ccc2sc(SN3CCOCC3)nc2c1,0.0,,0.0,,,,,,,,,
1037,c1ccc2sc(SSc3nc4ccccc4s3)nc2c1,1.0,0.0,1.0,0.0,0.0,0.0,0.0,0.0,0.0,0.0,0.0,0.0
1038,C1CCC(NC2CCCCC2)CC1,0.0,0.0,0.0,0.0,0.0,0.0,0.0,0.0,0.0,0.0,0.0,0.0
1039,C1CN2CCC1CC2,0.0,,0.0,,,,,,,,,
1040,C1CCN2C[C@@H]3C[C@@H](CN4CCCC[C@@H]34)[C@H]2C1,0.0,0.0,0.0,0.0,0.0,0.0,0.0,0.0,0.0,0.0,0.0,0.0
1041,CC(=O)O[C@]1(C(C)=O)CC[C@H]2[C@@H]3C=C(Cl)C4=CC(=O)CC[C@]4(C)[C@H]3CC[C@@]21C,0.0,1.0,1.0,,0.0,0.0,,,0.0,1.0,0.0,1.0
1042,CC(=O)[C@@]1(O)CC[C@H]2[C@@H]3C[C@H](C)C4=CC(=O)C=C[C@]4(C)[C@@]3(F)[C@@H](O)C[C@@]21C,0.0,1.0,0.0,,0.0,0.0,,0.0,0.0,0.0,0.0,1.0
1043,CC(=O)[C@H]1CC[C@H]2[C@@H]3CC[C@H]4C[C@H](O)CC[C@]4(C)[C@H]3C(=O)C[C@]12C,0.0,0.0,0.0,0.0,0.0,,0.0,0.0,0.0,0.0,0.0,0.0
1044,CC(=O)[C@H]1CC[C@H]2[C@@H]3C[C@H](C)C4=CC(=O)CC[C@]4(C)[C@H]3[C@@H](O)C[C@]12C,0.0,1.0,0.0,,,,0.0,0.0,0.0,0.0,0.0,1.0
1045,CC(=O)[C@H]1CC[C@H]2[C@@H]3CC[C@H]4C[C@](C)(O)CC[C@]4(C)[C@H]3CC[C@]12C,0.0,0.0,0.0,0.0,0.0,0.0,0.0,0.0,0.0,0.0,0.0,0.0
1046,CC(=O)c1cc2ccccc2s1,0.0,,0.0,,,,,,,,,
1047,CC(=O)C1CCOC1=O,0.0,0.0,0.0,0.0,0.0,0.0,0.0,0.0,0.0,0.0,0.0,0.0
1048,CC(=O)O[C@H]1CC[C@@]2(C)C(=CC[C@@H]3[C@@H]2CC[C@]2(C)C(C(C)=O)=CC[C@@H]32)C1,0.0,,1.0,,,,,,,,,
1049,COc1cc(C(C)=O)ccc1OCCCN1CCC(c2noc3cc(F)ccc23)CC1,0.0,0.0,0.0,,0.0,0.0,,0.0,,0.0,0.0,0.0
1050,COc1ccc2cc(CCC(C)=O)ccc2c1,0.0,0.0,1.0,,0.0,,0.0,1.0,0.0,0.0,1.0,0.0
1051,CC(=O)CCCCn1c(=O)c2c(ncn2C)n(C)c1=O,0.0,0.0,0.0,0.0,0.0,0.0,0.0,0.0,0.0,0.0,0.0,0.0
1052,CCCn1cnc2c1c(=O)n(CCCCC(C)=O)c(=O)n2C,0.0,0.0,0.0,0.0,0.0,,0.0,0.0,0.0,0.0,0.0,0.0
1053,CCN(C(C)=O)c1cccc(-c2ccnc3c(C#N)cnn23)c1,0.0,0.0,0.0,,0.0,0.0,0.0,0.0,0.0,0.0,0.0,0.0
1054,CC(=O)Nc1ccc(OCCOCCOc2ccc(NC(C)=O)cc2)cc1,0.0,0.0,0.0,0.0,0.0,0.0,0.0,0.0,0.0,0.0,0.0,0.0
1055,COc1ccc2cccc(CCNC(C)=O)c2c1,0.0,,0.0,,,,,,,,,
1056,COc1ccc2[nH]cc(CCNC(C)=O)c2c1,0.0,0.0,0.0,0.0,0.0,1.0,0.0,1.0,0.0,0.0,0.0,0.0
1057,CC(=O)NO,0.0,,0.0,,,,,,,,,
1058,CC(=O)O.N=C(N)NCCC[C@H](NC(=O)[C@@H]1CCCN1C(=O)[C@@H]1CSSCCC(=O)N[C@@H](Cc2ccc(O)cc2)C(=O)N[C@@H](Cc2ccccc2)C(=O)N[C@@H](CCC(N)=O)C(=O)N[C@@H](CC(N)=O)C(=O)N1)C(=O)NCC(N)=O,0.0,0.0,0.0,0.0,0.0,0.0,0.0,0.0,0.0,0.0,0.0,0.0
1059,CC(=O)O[C@@H]1CC2C3CCc4cc(OC(=O)c5ccccc5)ccc4C3CCC2(C)[C@H]1OC(C)=O,0.0,,0.0,,,,,,,,,
1060,CC(=O)OC[C@H]1O[C@@](COC(C)=O)(O[C@H]2O[C@H](COC(C)=O)[C@@H](OC(C)=O)[C@H](OC(C)=O)[C@H]2OC(C)=O)[C@@H](OC(C)=O)[C@@H]1OC(C)=O,0.0,0.0,0.0,0.0,0.0,0.0,0.0,0.0,0.0,0.0,0.0,0.0
1061,CC(=O)Oc1c(C)c(C)c2c(c1C)CC[C@@](C)(CCC[C@H](C)CCC[C@H](C)CCCC(C)C)O2,0.0,0.0,0.0,0.0,0.0,0.0,0.0,0.0,0.0,0.0,0.0,0.0
1062,CC(=O)Oc1cccc2c1C(=O)c1c(OC(C)=O)cc(C(=O)O)cc1C2=O,0.0,0.0,1.0,0.0,0.0,0.0,1.0,0.0,0.0,0.0,0.0,
1063,CC(=O)OCC(=O)[C@@]1(O)CC[C@H]2[C@@H]3CCC4=CC(=O)CC[C@]4(C)[C@H]3C(=O)C[C@@]21C,0.0,0.0,0.0,0.0,0.0,0.0,0.0,0.0,0.0,0.0,0.0,1.0
1064,CC(=O)OCC(=O)[C@@]1(O)[C@H](C)C[C@H]2[C@@H]3CCC4=CC(=O)C=C[C@]4(C)[C@@]3(F)[C@@H](O)C[C@@]21C,0.0,1.0,0.0,,0.0,0.0,0.0,0.0,0.0,0.0,0.0,1.0
1065,CC(=O)OCC(=O)[C@@]1(O)CC[C@H]2[C@@H]3CCC4=CC(=O)C=C[C@]4(C)[C@@]3(F)[C@@H](O)C[C@@]21C,0.0,1.0,0.0,,0.0,,0.0,0.0,0.0,0.0,0.0,1.0
1066,CC(=O)OCC(=O)[C@@]1(O)CC[C@H]2[C@@H]3CCC4=CC(=O)C=C[C@]4(C)[C@H]3[C@@H](O)C[C@@]21C,0.0,1.0,0.0,,,0.0,0.0,1.0,0.0,0.0,0.0,1.0
1067,CC(=O)OCC(=O)[C@@]1(O)CCC2C3CCC4=CC(=O)CC[C@]4(C)C3[C@@H](O)C[C@@]21C,0.0,1.0,0.0,,0.0,0.0,0.0,,0.0,0.0,0.0,1.0
1068,CC(=O)OCC(=O)[C@@]1(OC(C)=O)[C@@H](C)C[C@H]2[C@@H]3C[C@H](F)C4=CC(=O)C=C[C@]4(C)[C@@]3(F)[C@@H](O)C[C@@]21C,0.0,1.0,0.0,,0.0,,1.0,,0.0,0.0,0.0,1.0
1069,CC(=O)OCC(=O)[C@H]1CC[C@H]2[C@@H]3CCC4=CC(=O)CC[C@]4(C)[C@H]3CC[C@]12C,0.0,1.0,0.0,0.0,0.0,0.0,0.0,1.0,0.0,0.0,0.0,1.0
1070,CC(=O)OCC(CCn1cnc2cnc(N)nc21)COC(C)=O,0.0,0.0,0.0,0.0,0.0,0.0,0.0,0.0,0.0,0.0,0.0,0.0
1071,CC(=O)SC[C@@H](Cc1ccccc1)C(=O)NCC(=O)OCc1ccccc1,0.0,0.0,0.0,0.0,0.0,0.0,0.0,0.0,0.0,0.0,0.0,0.0
1072,CCN(CC)CCOC(=O)C(C)(c1ccccc1)c1ccccc1,0.0,0.0,0.0,0.0,0.0,0.0,,0.0,0.0,0.0,0.0,0.0
1073,COC(=O)N[C@H](C(=O)N[C@@H](Cc1ccccc1)[C@@H](O)CN(Cc1ccc(-c2ccccn2)cc1)NC(=O)[C@@H](NC(=O)OC)C(C)(C)C)C(C)(C)C,0.0,0.0,0.0,0.0,0.0,0.0,,,,0.0,0.0,0.0
1074,CC(C)(C)C(=O)C(Oc1ccc(Cl)cc1)n1ccnc1,1.0,0.0,0.0,1.0,0.0,1.0,,0.0,0.0,0.0,0.0,0.0
1075,CC(C)(C)C(=O)OCOC(=O)[C@@H]1N2C(=O)[C@@H](NC(=O)[C@H](N)c3ccccc3)[C@H]2SC1(C)C,0.0,0.0,0.0,0.0,0.0,0.0,0.0,0.0,0.0,0.0,0.0,0.0
1076,CC(C)(C)C(=O)OCOP(=O)(COCCn1cnc2c(N)ncnc21)OCOC(=O)C(C)(C)C,0.0,,1.0,,,,,,,,,
1077,Cc1cc(-n2nc3ccc(Cl)cc3n2)c(O)c(C(C)(C)C)c1,0.0,0.0,0.0,0.0,0.0,0.0,0.0,1.0,0.0,0.0,0.0,0.0
1078,CC(C)(C)c1cc(C=O)cc(C(C)(C)C)c1O,0.0,,0.0,,,,,,,,,
1079,CC(C)(C)c1ccc(C(=O)CCCCl)cc1,0.0,,0.0,,,,,,,,,
1080,CC(C)(C)c1ccc(O)cc1,0.0,0.0,0.0,0.0,0.0,0.0,1.0,0.0,0.0,0.0,0.0,0.0
1081,CC(C)(Sc1cc(C(C)(C)C)c(O)c(C(C)(C)C)c1)Sc1cc(C(C)(C)C)c(O)c(C(C)(C)C)c1,0.0,0.0,0.0,0.0,0.0,0.0,0.0,0.0,0.0,0.0,0.0,0.0
1082,Cc1cccc(OCC(O)CNC(C)(C)C)c1C,0.0,,0.0,,,,,,,,,
1083,CC(C)OC(=O)c1cc2c(OCC(O)CNC(C)(C)C)cccc2[nH]1,0.0,0.0,0.0,0.0,0.0,,0.0,0.0,0.0,0.0,0.0,0.0
1084,CC(C)(C)NCC(O)COc1ccccc1OCC1CCCO1,0.0,,0.0,,,,,,,,,
1085,Cc1cc2c(OCC(CNC(C)(C)C)OC(=O)c3ccccc3)cccc2[nH]1,0.0,0.0,0.0,0.0,0.0,0.0,,0.0,0.0,0.0,0.0,0.0
1086,CC(C)(C(=O)c1cccnc1)c1cccnc1,0.0,0.0,0.0,0.0,0.0,0.0,0.0,0.0,0.0,0.0,0.0,0.0
1087,CN(C(=O)CN(CCO)CC(=O)N(C)C(C)(C)Cc1ccccc1)C(C)(C)Cc1ccccc1,0.0,0.0,0.0,0.0,0.0,0.0,,0.0,0.0,0.0,0.0,0.0
1088,CC(C)(CO)[C@@H](O)C(=O)NCCCO,0.0,0.0,0.0,0.0,0.0,0.0,0.0,0.0,0.0,0.0,0.0,0.0
1089,CCS(=O)(=O)C(C)(C)S(=O)(=O)CC,0.0,0.0,0.0,0.0,0.0,0.0,0.0,0.0,0.0,0.0,0.0,0.0
1090,CC(C)[C@@H]1CC[C@@H](C)CC1=O,0.0,0.0,0.0,0.0,0.0,0.0,0.0,0.0,0.0,0.0,0.0,0.0
1091,CC(C)[N+](C)(CCC(C(N)=O)(c1ccccc1)c1ccccc1)C(C)C,0.0,0.0,0.0,0.0,0.0,0.0,0.0,0.0,0.0,0.0,0.0,0.0
1092,CC(C)C(=O)c1c(C(C)C)nn2ccccc12,0.0,0.0,0.0,0.0,0.0,0.0,0.0,0.0,0.0,0.0,0.0,0.0
1093,CC(C)C(=O)Nc1cccc(C2CN3CCSC3=N2)c1,0.0,,0.0,,,,,,,,,
1094,CC(C)C(=O)OCc1cccc(OC(=O)[C@@H]2N3C(=O)[C@@H](NC(=O)Cc4ccccc4)[C@H]3SC2(C)C)c1,0.0,,0.0,,,,,,,,,
1095,CC(C)C(Br)C(=O)NC(N)=O,0.0,0.0,1.0,0.0,0.0,0.0,0.0,0.0,0.0,0.0,0.0,0.0
1096,CC(CC(C#N)(c1ccccc1)C(C)C)N(C)C,0.0,,0.0,,,,,,,,,
1097,CC(C)C[C@@H](N)C(=O)O,0.0,0.0,0.0,0.0,0.0,0.0,0.0,0.0,0.0,0.0,0.0,0.0
1098,Cc1c(C(C)C)c(=O)n(-c2ccccc2)n1C,0.0,0.0,0.0,0.0,0.0,0.0,0.0,0.0,0.0,0.0,0.0,0.0
1099,CC(C)c1ccc2oc3nc(N)c(C(=O)O)cc3c(=O)c2c1,0.0,1.0,1.0,,,1.0,,,0.0,0.0,1.0,
1100,Cc1ccc(C(C)C)c(O)c1,0.0,0.0,0.0,0.0,0.0,0.0,1.0,0.0,0.0,0.0,0.0,0.0
1101,CC(C)Cc1ccc(C(C)C(=O)OCc2ccccn2)cc1,0.0,,0.0,,,,,,,,,
1102,CC(C)Cc1ccc(CC(=O)O)cc1,0.0,,0.0,,,,,,,,,
1103,COc1cc2c(cc1OC)C1CC(=O)C(CC(C)C)CN1CC2,0.0,0.0,0.0,0.0,0.0,0.0,,0.0,0.0,0.0,0.0,0.0
1104,Cc1c(C)c2c(c(C)c1OC(=O)c1cccnc1)CC[C@@](C)(CCC[C@H](C)CCC[C@H](C)CCCC(C)C)O2,0.0,0.0,0.0,0.0,0.0,0.0,,0.0,,0.0,0.0,0.0
1105,CC1=C(C/C=C(\C)CCC[C@H](C)CCC[C@H](C)CCCC(C)C)C(=O)c2ccccc2C1=O,0.0,,0.0,,,,,,,,,
1106,CC(C)CCCC(C)NCCC(C)C,0.0,,0.0,,,,,,,,,
1107,CCN(CC)CCNC(C(=O)OCCC(C)C)c1ccccc1,0.0,0.0,0.0,0.0,0.0,0.0,,0.0,0.0,0.0,0.0,0.0
1108,CC(C)Cn1cnc2c1c(=O)n(C)c(=O)n2C,0.0,0.0,0.0,0.0,0.0,0.0,0.0,0.0,0.0,0.0,0.0,0.0
1109,CC(C)N(CCC(C(N)=O)(c1ccccc1)c1ccccn1)C(C)C,0.0,0.0,0.0,0.0,0.0,0.0,0.0,0.0,0.0,0.0,0.0,0.0
1110,CC[C@H](NC(C)C)[C@H](O)c1ccc(O)c2[nH]c(=O)ccc12,0.0,0.0,0.0,0.0,0.0,0.0,0.0,0.0,0.0,0.0,0.0,0.0
1111,CC(C)NC(C)C,0.0,0.0,0.0,,0.0,0.0,0.0,0.0,0.0,0.0,0.0,0.0
1112,CC(C)NC[C@@H](O)COc1ccc(CC(N)=O)cc1,0.0,0.0,0.0,0.0,0.0,0.0,0.0,0.0,0.0,0.0,0.0,0.0
1113,CC(C)NC[C@@H](O)COc1cccc2ccccc12,0.0,0.0,0.0,0.0,0.0,,,0.0,0.0,0.0,0.0,0.0
1114,Cc1c(NC(C)C)c(=O)n(-c2ccccc2)n1C,0.0,0.0,0.0,0.0,0.0,0.0,0.0,0.0,0.0,0.0,0.0,0.0
1115,CC(C)NCC(O)c1ccc2ccccc2c1,0.0,0.0,0.0,0.0,0.0,,0.0,0.0,0.0,0.0,0.0,0.0
1116,CC(C)NCC(O)COc1ccc(CCOCC2CC2)cc1,0.0,0.0,0.0,0.0,0.0,0.0,0.0,0.0,0.0,0.0,0.0,0.0
1117,C=CCc1ccccc1OCC(O)CNC(C)C,0.0,0.0,0.0,0.0,0.0,0.0,,0.0,0.0,0.0,0.0,0.0
1118,CC(C)NCC(O)COc1cccc2[nH]ccc12,0.0,0.0,0.0,0.0,0.0,,0.0,0.0,0.0,0.0,0.0,0.0
1119,COC(C)(C)CCCC(C)C/C=C/C(C)=C/C(=O)OC(C)C,0.0,0.0,1.0,0.0,0.0,1.0,1.0,0.0,,0.0,0.0,0.0
1120,CCCCCCCCCCCCCC(=O)OC(C)C,0.0,0.0,0.0,0.0,0.0,0.0,0.0,0.0,0.0,0.0,0.0,0.0
1121,CCCCCCCCCCCCCCCC(=O)OC(C)C,0.0,0.0,0.0,0.0,0.0,0.0,0.0,0.0,0.0,0.0,0.0,0.0
1122,COc1cc2c(N3CCN(C(=O)Nc4ccc(OC(C)C)cc4)CC3)ncnc2cc1OCCCN1CCCCC1,0.0,0.0,1.0,,,,,0.0,0.0,1.0,,
1124,CCOC(=O)c1cncn1C(C)c1ccccc1,0.0,0.0,0.0,0.0,0.0,0.0,,0.0,0.0,0.0,0.0,0.0
1125,CCCOC(=O)c1cncn1C(C)c1ccccc1,0.0,,0.0,,,,,,,,,
1126,CCCCC(CC)CNC(=O)CC(C)OC(=O)CCC(=O)O,0.0,,0.0,,,,,,,,,
1127,CCC(C)C(N)C(=O)O,0.0,,0.0,,,,,,,,,
1128,CCC(C)n1ncn(-c2ccc(N3CCN(c4ccc(OC[C@H]5CO[C@](Cn6cncn6)(c6ccc(Cl)cc6Cl)O5)cc4)CC3)cc2)c1=O,0.0,0.0,1.0,0.0,0.0,,0.0,,0.0,0.0,0.0,0.0
1129,COCC(=O)N(c1c(C)cccc1C)C(C)C(=O)OC,0.0,0.0,0.0,0.0,0.0,0.0,0.0,0.0,0.0,0.0,0.0,0.0
1130,COC(=O)C=C(C)N,0.0,,0.0,,,,,,,,,
1131,CC(Cc1ccccc1)NCCCCl,0.0,,0.0,,,,,,,,,
1132,CC(O)CCCCn1c(=O)c2c(ncn2C)n(C)c1=O,0.0,0.0,0.0,0.0,0.0,0.0,0.0,0.0,0.0,0.0,0.0,0.0
1133,CC(O)CN(CCN(CC(C)O)CC(C)O)CC(C)O,0.0,0.0,0.0,0.0,0.0,0.0,0.0,0.0,0.0,0.0,0.0,0.0
1134,CC(O)Cn1cnc2c1c(=O)n(C)c(=O)n2C,0.0,0.0,0.0,0.0,0.0,0.0,0.0,0.0,0.0,0.0,0.0,0.0
1135,CC(O)COc1ccccc1,0.0,0.0,0.0,0.0,0.0,0.0,0.0,0.0,0.0,0.0,0.0,0.0
1136,CC[C@@H](CO)NC(=O)[C@@H]1C=C2c3cccc4[nH]cc(c34)C[C@H]2N(C)C1,0.0,0.0,0.0,0.0,0.0,,0.0,0.0,0.0,0.0,0.0,0.0
1137,CC[C@@H](CO)NC(=O)[C@@H]1C=C2c3cccc4c3c(cn4C)C[C@H]2N(C)C1,0.0,0.0,0.0,0.0,0.0,1.0,0.0,0.0,0.0,0.0,0.0,0.0
1138,CC[C@@]1(c2ccccc2)NC(=O)N(C)C1=O,0.0,0.0,0.0,0.0,0.0,0.0,0.0,0.0,0.0,0.0,0.0,0.0
1139,CC1=C(C(=O)O)N2C(=O)[C@@H](N)[C@H]2SC1,0.0,,0.0,,,,,,,,,
1140,COC(=O)C1=C(C)NC(C)=C(C(=O)OC)C1c1ccccc1[N+](=O)[O-],0.0,0.0,0.0,1.0,0.0,1.0,0.0,0.0,0.0,0.0,0.0,0.0
1141,COC(=O)C1=C(C)NC(C)=C(C(=O)OC)C1c1ccccc1OC(F)F,0.0,0.0,0.0,0.0,0.0,,,0.0,0.0,0.0,0.0,0.0
1142,COC(=O)C1=C(C)NC(C)=C(C(=O)OCC(C)=O)C1c1ccccc1[N+](=O)[O-],0.0,0.0,0.0,,0.0,,1.0,0.0,,0.0,0.0,0.0
1143,CCCC(=O)OCOC(=O)C1=C(C)NC(C)=C(C(=O)OC)C1c1cccc(Cl)c1Cl,0.0,,0.0,,,,,,,,,
1144,CC1=C(C(=O)O)N2C(=O)[C@@H](NC(=O)[C@H](N)C3=CCC=CC3)[C@H]2SC1,0.0,0.0,0.0,0.0,0.0,0.0,0.0,0.0,0.0,0.0,0.0,0.0
1145,CC1=C(C(=O)O)N2C(=O)[C@@H](NC(=O)[C@H](N)c3ccc(O)cc3)[C@H]2SC1,0.0,,1.0,,,,,,,,,
1146,Cc1nc2n(c(=O)c1CCN1CCC(c3noc4cc(F)ccc34)CC1)CCC[C@H]2O,0.0,0.0,0.0,0.0,0.0,0.0,0.0,0.0,0.0,0.0,0.0,0.0
1147,Cc1oc(=O)oc1CN1CCN(c2cc3c(cc2F)c(=O)c(C(=O)O)c2n3C(C)S2)CC1,0.0,1.0,0.0,,1.0,0.0,,1.0,0.0,0.0,0.0,1.0
1148,CN1C(=O)C(C)(C2=CCCCC2)C(=O)N=C1O,0.0,0.0,0.0,0.0,0.0,0.0,0.0,0.0,0.0,0.0,0.0,0.0
1149,CN1C(C)(C)CCCC1(C)C.O=C(O)[C@@H](O)[C@H](O)C(=O)O,0.0,0.0,0.0,0.0,0.0,0.0,0.0,0.0,0.0,0.0,0.0,0.0
1150,CC1(C)CO[C@@H](CC(=O)O)CN1,0.0,,0.0,,,,,,,,,
1151,Cc1ccc(C(C)OC(=O)C2(C)CCC(C(=O)O)C2(C)C)cc1.OCCNCCO,0.0,,0.0,,,,,,,,,
1152,CC1(c2ccccc2)OC(C(=O)O)=CC1=O,0.0,0.0,0.0,0.0,0.0,0.0,0.0,0.0,0.0,0.0,0.0,0.0
1153,CC(C)=CCC[C@@](C)(O)[C@H]1CC=C(C)CC1,0.0,,0.0,,,,,,,,,
1154,Cc1cn([C@@H]2O[C@H](CO)[C@@H](O)[C@@H]2F)c(=O)[nH]c1=O,0.0,,0.0,,,,,,,,,
1155,Cc1cn([C@H]2C[C@H](N=[N+]=[N-])[C@@H](CO)O2)c(=O)[nH]c1=O,0.0,0.0,0.0,0.0,0.0,0.0,0.0,1.0,0.0,0.0,0.0,0.0
1156,Cc1cn([C@H]2C[C@H](F)[C@@H](CO)O2)c(=O)[nH]c1=O,0.0,0.0,0.0,0.0,0.0,,0.0,0.0,0.0,0.0,0.0,0.0
1157,Cc1cn([C@H]2C=C[C@@H](CO)O2)c(=O)[nH]c1=O,0.0,0.0,0.0,0.0,0.0,0.0,0.0,0.0,0.0,0.0,0.0,0.0
1158,CC12CC3CC(C)(C1)CC(N)(C3)C2,0.0,0.0,0.0,0.0,0.0,0.0,0.0,0.0,0.0,0.0,0.0,0.0
1159,Cc1c(N)cccc1C(F)(F)F,0.0,,0.0,,,,,,,,,
1160,CC(=O)N(c1onc(C)c1C)S(=O)(=O)c1ccc(N)cc1,0.0,,0.0,,,,,,,,,
1161,Cc1cc(C)cc(OCC2CNC(=O)O2)c1,0.0,0.0,0.0,0.0,0.0,0.0,0.0,0.0,0.0,0.0,0.0,0.0
1162,COP(=S)(OC)Oc1ccc(SC)c(C)c1,0.0,0.0,0.0,0.0,0.0,1.0,0.0,1.0,0.0,0.0,0.0,0.0
1163,CCOP(=S)(OCC)Oc1cc(C)nc(C(C)C)n1,0.0,0.0,0.0,0.0,0.0,1.0,0.0,0.0,0.0,0.0,0.0,0.0
1164,Cc1ccc(/C(=C\CN2CCCC2)c2ccccn2)cc1,0.0,0.0,0.0,0.0,0.0,0.0,0.0,0.0,0.0,0.0,0.0,0.0
1165,Cc1ccc(-c2ccccc2C#N)cc1,0.0,,0.0,,,,,,,,,
1166,CCCCNC(=O)NS(=O)(=O)c1ccc(C)cc1,0.0,0.0,0.0,0.0,0.0,0.0,0.0,0.0,0.0,0.0,0.0,0.0
1167,Cc1ccc(S(=O)(=O)NC(=O)NN2CC3CCCC3C2)cc1,0.0,0.0,0.0,0.0,0.0,,0.0,0.0,0.0,0.0,0.0,0.0
1168,Cc1ccc(S(=O)(=O)NC(=O)NN2CCCCCC2)cc1,0.0,0.0,0.0,0.0,0.0,0.0,0.0,1.0,0.0,0.0,0.0,0.0
1169,Cc1ccc(O)cc1,0.0,0.0,0.0,0.0,0.0,0.0,0.0,1.0,0.0,0.0,0.0,0.0
1170,CCN(CC)C(=O)c1cccc(C)c1,0.0,0.0,0.0,0.0,1.0,0.0,0.0,1.0,0.0,0.0,0.0,0.0
1171,COc1c(N2CCNC(C)C2)c(F)cc2c(=O)c(C(=O)O)cn(C3CC3)c12,0.0,0.0,0.0,0.0,0.0,0.0,0.0,1.0,0.0,0.0,0.0,0.0
1172,Cc1cnc(C(=O)NCCc2ccc(S(=O)(=O)NC(=O)NC3CCCCC3)cc2)cn1,0.0,0.0,1.0,0.0,0.0,0.0,0.0,0.0,0.0,0.0,0.0,0.0
1173,Cc1ncc([N+](=O)[O-])n1CC(C)O,0.0,0.0,0.0,0.0,0.0,0.0,0.0,0.0,0.0,0.0,0.0,0.0
1174,Cc1ncc([N+](=O)[O-])n1CCO,0.0,0.0,0.0,0.0,0.0,0.0,0.0,0.0,0.0,0.0,0.0,0.0
1175,CC1OC(C)OC(C)O1,0.0,0.0,0.0,0.0,0.0,0.0,0.0,0.0,0.0,0.0,0.0,0.0
1176,Cc1cc2cc3c(C)cc(=O)oc3c(C)c2o1,0.0,0.0,0.0,0.0,0.0,,0.0,0.0,0.0,0.0,0.0,0.0
1177,Cc1sccc1Br,0.0,,0.0,,,,,,,,,
1178,CC1(C)[C@@H]2CC[C@@]1(C)C(=O)C2,0.0,0.0,0.0,0.0,0.0,0.0,0.0,0.0,0.0,0.0,0.0,0.0
1179,CC(=O)/C=C/C=C1/C2CCC(C2)C1(C)C,0.0,,0.0,,,,,,,,,
1180,CC12CCC(CC1)C(C)(C)O2,0.0,0.0,0.0,0.0,0.0,1.0,0.0,0.0,0.0,0.0,0.0,0.0
1181,C/C=C1\[C@H]2C=C(C)C[C@]1(N)c1ccc(=O)[nH]c1C2,0.0,0.0,0.0,0.0,0.0,0.0,0.0,0.0,0.0,0.0,0.0,0.0
1182,Cc1ccc(=O)n(-c2ccccc2)c1,0.0,0.0,0.0,0.0,0.0,0.0,0.0,,0.0,0.0,0.0,0.0
1183,Cc1cc(NS(=O)(=O)c2ccc(N)cc2)nc(C)n1,0.0,0.0,0.0,0.0,0.0,0.0,0.0,0.0,0.0,0.0,0.0,0.0
1184,Cc1cc(NS(=O)(=O)c2ccc(N)cc2)no1,0.0,0.0,0.0,0.0,0.0,0.0,0.0,0.0,0.0,0.0,0.0,0.0
1185,CC(=O)Nc1ccc(S(=O)(=O)Nc2cc(C)on2)cc1,0.0,0.0,0.0,0.0,0.0,0.0,0.0,0.0,0.0,0.0,0.0,0.0
1186,Cc1ccc(/N=C/N(C)/C=N/c2ccc(C)cc2C)c(C)c1,0.0,0.0,0.0,,0.0,1.0,1.0,0.0,0.0,0.0,0.0,0.0
1187,Cc1cccc(C)c1NC(=O)CN1CCCCCC1,0.0,0.0,0.0,0.0,0.0,0.0,0.0,0.0,0.0,0.0,0.0,0.0
1188,Cc1cccc(C)c1NC1=NCCCS1,0.0,0.0,0.0,0.0,0.0,0.0,0.0,0.0,0.0,0.0,0.0,0.0
1189,Cc1ccsc1/C=C/C1=NCCCN1C.O=C(O)[C@@H](O)[C@@H](O)C(=O)O,0.0,,0.0,,,,,,,,,
1190,Cc1c[nH]c2ccccc12,0.0,0.0,0.0,0.0,0.0,0.0,0.0,0.0,0.0,0.0,0.0,0.0
1191,Cc1nc2c([nH]1)c(=O)n(C)c(=O)n2Cc1ccco1,0.0,0.0,0.0,,0.0,,0.0,0.0,0.0,0.0,0.0,0.0
1192,Cc1nnc(NS(=O)(=O)c2ccc(N)cc2)s1,0.0,0.0,0.0,0.0,0.0,0.0,0.0,0.0,0.0,0.0,0.0,0.0
1193,COc1ccc2[nH]c(S(=O)Cc3ncc(C)c(OC)c3C)nc2c1,0.0,0.0,1.0,0.0,0.0,1.0,0.0,,0.0,0.0,0.0,0.0
1194,COc1ccc2[nH]c(S(=O)Cc3ncc(C)c(OC)c3C)nc2n1,0.0,0.0,1.0,0.0,,1.0,0.0,0.0,0.0,0.0,0.0,0.0
1195,COc1ccc2[nH]c(SCc3ncc(C)c(OC)c3C)nc2c1,0.0,,0.0,,,,,,,,,
1196,Cc1ccc2c(c1)C1CN(C)CCC1N2,0.0,0.0,0.0,0.0,0.0,0.0,0.0,0.0,0.0,0.0,0.0,0.0
1197,Cc1cccc(C)c1NC(=O)CC12CCCN1CCC2,0.0,1.0,0.0,,0.0,,0.0,0.0,0.0,0.0,0.0,
1198,CC1CCCCN1CCCOC(=O)c1ccc(OC2CCCCC2)cc1,0.0,,0.0,,,,,,,,,
1199,Cc1ccccc1/N=N/c1ccc(/N=N/c2c(O)ccc3ccccc23)c(C)c1,0.0,0.0,1.0,0.0,,1.0,0.0,1.0,0.0,0.0,0.0,0.0
1200,CCC(=O)C(CCN(C)C)(c1ccccc1)c1ccccc1,0.0,,0.0,,,,,,,,,
1201,CCC(=O)O.CCC(=O)O.O=C(Nc1cccc(C2=NCCN2)c1)Nc1cccc(C2=NCCN2)c1,0.0,0.0,0.0,0.0,0.0,0.0,0.0,,0.0,0.0,0.0,0.0
1202,CCC(=O)O[C@@H]1C=C2CCC3C(CCC4(C)C3CC[C@@H]4OC(=O)CC)C2CC1,0.0,,0.0,,,,,,,,,
1203,CCC(=O)Oc1ccc2c(c1)CC[C@@H]1[C@@H]2CC[C@@]2(C)[C@H]1C[C@@H](OC(=O)CC)[C@@H]2OC(=O)CC,0.0,,0.0,,,,,,,,,
1204,CCC(C(=O)OCCN(CC)CC)c1ccccc1,0.0,0.0,0.0,0.0,0.0,,0.0,0.0,0.0,0.0,0.0,0.0
1205,CCC(C(=O)OCCOCCN(CC)CC)c1ccccc1.O=C(O)CC(O)(CC(=O)O)C(=O)O,0.0,0.0,0.0,0.0,0.0,0.0,0.0,0.0,0.0,0.0,0.0,0.0
1206,CCC(C(=O)OCCN1CCOC(c2ccccc2)C1C)c1ccccc1,0.0,,0.0,,,,,,,,,
1207,CCC1(CC)C(=O)C=CNC1=O,0.0,0.0,0.0,0.0,0.0,0.0,0.0,0.0,0.0,0.0,0.0,0.0
1208,CCC1(C2=NCCN2)Cc2ccccc2O1,0.0,0.0,0.0,0.0,0.0,0.0,0.0,0.0,0.0,1.0,0.0,
1209,CCC1(c2ccc(N)cc2)CCC(=O)NC1=O,0.0,0.0,0.0,1.0,0.0,0.0,0.0,0.0,0.0,0.0,0.0,0.0
1210,CCC1(c2ccccc2)CCC(=O)NC1=O,0.0,,0.0,,,,,,,,,
1211,CCc1cc(C(N)=S)ccn1,0.0,0.0,0.0,0.0,0.0,0.0,0.0,1.0,0.0,0.0,0.0,0.0
1212,CCc1ccc(C2CCNCC2)cc1,0.0,,0.0,,,,,,,,,
1213,CCc1cccc2c(CCO)c[nH]c12,0.0,,0.0,,,,,,,,,
1214,CCCC(CCC)C(=O)O,0.0,0.0,0.0,0.0,0.0,0.0,0.0,0.0,0.0,0.0,0.0,0.0
1215,CCCC(O)C(CC)CO,0.0,0.0,0.0,0.0,0.0,0.0,0.0,0.0,0.0,0.0,0.0,0.0
1216,CCCc1cc(C(N)=S)ccn1,0.0,0.0,0.0,0.0,0.0,0.0,0.0,0.0,0.0,0.0,0.0,0.0
1217,CCCCOCCOCCOCc1cc2c(cc1CCC)OCO2,0.0,0.0,0.0,0.0,0.0,1.0,,0.0,0.0,0.0,0.0,0.0
1218,CCCC1CCCCN1,0.0,,0.0,,,,,,,,,
1219,CCCc1ncc(C(=O)O)s1,0.0,,0.0,,,,,,,,,
1220,CCCCC(=O)OCC(=O)[C@H]1[C@H](C)C[C@H]2[C@@H]3C[C@H](F)C4=CC(=O)C=C[C@]4(C)[C@@]3(F)[C@@H](O)C[C@@]21C,0.0,1.0,0.0,,0.0,,0.0,0.0,0.0,0.0,0.0,1.0
1221,CCCCCC(N)=O,0.0,0.0,0.0,0.0,0.0,0.0,0.0,0.0,0.0,0.0,0.0,0.0
1222,CCCCCCCCCCCCCCCCCCO,0.0,0.0,0.0,0.0,0.0,0.0,0.0,0.0,0.0,0.0,0.0,0.0
1223,CCCCCCCCCCCCCCCCO,0.0,0.0,1.0,0.0,0.0,0.0,0.0,0.0,0.0,0.0,0.0,0.0
1224,CCCCN1CCCC1C(=O)Nc1c(C)cc(C)cc1C,0.0,0.0,0.0,0.0,0.0,,,0.0,0.0,0.0,0.0,0.0
1225,CCCN(CCC)CCc1cccc2c1CC(=O)N2,0.0,0.0,0.0,0.0,0.0,0.0,0.0,0.0,0.0,0.0,0.0,0.0
1226,CCCN[C@H]1CCc2nc(N)sc2C1,0.0,0.0,0.0,0.0,0.0,0.0,0.0,0.0,0.0,0.0,0.0,0.0
1227,CCCOc1ccccc1-c1nc2[nH]nnc2c(=O)[nH]1,0.0,0.0,0.0,0.0,0.0,0.0,0.0,0.0,0.0,0.0,0.0,
1228,CC=CC(=O)N(CC)c1ccccc1C,0.0,0.0,0.0,0.0,0.0,0.0,0.0,0.0,0.0,0.0,0.0,0.0
1229,CCN(CC)C(=O)C1CN2CCc3cc(OC)c(OC)cc3C2CC1OC(C)=O,0.0,,0.0,,,,,,,,,
1230,CCN(CC)C(=O)N[C@@H]1C=C2c3cccc4[nH]cc(c34)C[C@@H]2N(C)C1,0.0,0.0,0.0,,0.0,1.0,1.0,0.0,0.0,0.0,,0.0
1231,CCN(CC)c1cc(C)nc2ncnn12,0.0,0.0,0.0,0.0,0.0,0.0,0.0,0.0,0.0,0.0,0.0,0.0
1232,CCN(CC)CCN,0.0,,0.0,,,,,,,,,
1233,CCN(CC)CCOC(=O)C1(C2CCCCC2)CCCCC1,0.0,0.0,0.0,,0.0,0.0,,0.0,0.0,0.0,0.0,0.0
1234,CCN(CC)CCOCCOC(=O)C1(c2ccccc2)CCCC1,0.0,0.0,0.0,0.0,0.0,0.0,,0.0,0.0,0.0,0.0,0.0
1235,CCN(CC)CCOc1ccccc1C(=O)CCc1ccccc1,0.0,0.0,0.0,0.0,0.0,0.0,,0.0,0.0,0.0,0.0,0.0
1236,CCN1CCN(c2cc3c(cc2F)c(=O)c(C(=O)O)cn3C2CC2)CC1,0.0,0.0,0.0,0.0,0.0,0.0,,0.0,0.0,0.0,0.0,0.0
1237,CCN1CCC[C@H]1CNC(=O)c1c(O)c(Cl)cc(Cl)c1OC,0.0,0.0,0.0,0.0,0.0,0.0,0.0,0.0,0.0,0.0,0.0,0.0
1238,CCN1CCC[C@H]1CNC(=O)c1c(OC)ccc(Br)c1OC,0.0,0.0,0.0,0.0,0.0,0.0,0.0,0.0,0.0,0.0,0.0,0.0
1239,CCN1CCC[C@H]1CNC(=O)c1cc(S(N)(=O)=O)ccc1OC,0.0,0.0,0.0,0.0,0.0,0.0,0.0,0.0,,0.0,0.0,0.0
1240,CCN1CCCC1CNC(=O)c1cc(S(=O)(=O)CC)c(N)cc1OC,0.0,0.0,0.0,0.0,0.0,0.0,0.0,0.0,0.0,0.0,0.0,0.0
1241,CCN1CCCC1CNC(=O)C(O)(c1ccccc1)c1ccccc1,0.0,,0.0,,,,,,,,,
1242,CCn1ccnc1CC1COc2ccccc2O1,0.0,0.0,0.0,0.0,0.0,0.0,0.0,0.0,0.0,0.0,0.0,0.0
1243,C=CCN1C[C@H](C(=O)N(CCCN(C)C)C(=O)NCC)C[C@@H]2c3cccc4[nH]cc(c34)C[C@H]21,0.0,,0.0,,,,,,,,,
1244,CCOc1c(N2CCOCC2)cnn(C)c1=O,0.0,,0.0,,,,,,,,,
1245,CCOc1nc(=O)c(F)c[nH]1,0.0,,0.0,,,,,,,,,
1246,CCOc1cc(NC(C)=O)ccc1C(=O)OC,0.0,0.0,0.0,0.0,0.0,,0.0,0.0,0.0,0.0,0.0,0.0
1247,CCOc1cc(OCC)c(C(=O)CCC(=O)O)cc1OCC,0.0,0.0,1.0,0.0,0.0,0.0,,0.0,,0.0,0.0,
1248,CCOc1ccc(C(=O)OCCN(CC)CC)cc1,0.0,0.0,0.0,0.0,0.0,0.0,,0.0,0.0,0.0,0.0,0.0
1249,CCOc1ccc(NC(=O)CC(C)O)cc1,0.0,0.0,0.0,0.0,0.0,0.0,0.0,0.0,0.0,0.0,0.0,0.0
1250,CCOc1ccc(NC(C)=O)cc1,0.0,0.0,0.0,0.0,0.0,0.0,0.0,0.0,0.0,0.0,0.0,0.0
1251,CCOP(=S)(OCC)O/N=C(\C#N)c1ccccc1,0.0,0.0,0.0,0.0,0.0,1.0,,1.0,0.0,0.0,0.0,0.0
1252,C#CCN(C)[C@H](C)Cc1ccccc1.Cl,0.0,0.0,0.0,0.0,0.0,0.0,0.0,0.0,0.0,0.0,0.0,0.0
1253,Cl.c1ccc(CN(CC2=NCCN2)c2ccccc2)cc1,0.0,0.0,0.0,0.0,0.0,0.0,0.0,0.0,0.0,,0.0,0.0
1254,C[C@@H]1CCC[C@H](C)N1.Cl,0.0,0.0,0.0,0.0,0.0,0.0,0.0,0.0,0.0,0.0,0.0,0.0
1255,C[N+](C)(C)CC(O)CC(=O)[O-].Cl,0.0,0.0,0.0,0.0,0.0,0.0,0.0,0.0,0.0,0.0,0.0,0.0
1256,Cl.c1cnc2cc3c(cc2n1)C1CNCC3C1,0.0,0.0,0.0,0.0,0.0,0.0,0.0,0.0,0.0,0.0,0.0,0.0
1257,Cl.c1cc2c(c(N3CCNCC3)c1)OCCO2,0.0,0.0,0.0,0.0,0.0,0.0,0.0,0.0,0.0,0.0,0.0,0.0
1258,Cl.c1ccc2cc(CC3=NCCN3)ccc2c1,0.0,0.0,0.0,0.0,0.0,0.0,0.0,0.0,0.0,0.0,0.0,0.0
1259,Cl.c1ccc(CC2=NCCN2)cc1,0.0,0.0,0.0,0.0,0.0,0.0,0.0,0.0,0.0,0.0,0.0,0.0
1260,Cl.c1ccc2c(c1)CCCC2C1=NCCN1,0.0,0.0,0.0,0.0,0.0,,,0.0,0.0,0.0,0.0,0.0
1261,CC(=O)Oc1cc(C(C)C)c(OCCN(C)C)cc1C.Cl,0.0,0.0,0.0,0.0,0.0,0.0,0.0,0.0,0.0,0.0,0.0,0.0
1262,CC(=O)OCC(=O)NCCCOc1cccc(CN2CCCCC2)c1.Cl,0.0,0.0,0.0,0.0,1.0,0.0,0.0,1.0,0.0,0.0,0.0,0.0
1263,CC(C)(C)NC[C@H](O)COc1cccc2c1CCCC2=O.Cl,0.0,0.0,0.0,0.0,0.0,0.0,0.0,0.0,0.0,0.0,0.0,0.0
1264,CC(C)(C)NCC(O)COc1cccc2c1CCC(=O)N2.Cl,0.0,0.0,0.0,0.0,0.0,0.0,0.0,0.0,0.0,0.0,0.0,0.0
1265,CC(N)CCCC(C)(C)O.Cl,0.0,0.0,0.0,0.0,0.0,,0.0,0.0,0.0,0.0,0.0,0.0
1266,CC(C)[C@H](N)C(=O)OCCOCn1cnc2c(=O)[nH]c(N)nc21.Cl,0.0,0.0,0.0,0.0,0.0,0.0,0.0,0.0,0.0,0.0,0.0,0.0
1267,CC(C)C[C@@H]1[C@H](c2ccccc2)OC(=O)N1CCCN1CCCCCC1.Cl,0.0,,0.0,,,,,,,,,
1268,COC(=O)CCc1ccc(OCC(O)CNC(C)C)cc1.Cl,0.0,0.0,0.0,0.0,0.0,0.0,0.0,0.0,0.0,0.0,0.0,0.0
1269,CCCC(=O)Nc1ccc(OCC(O)CNC(C)C)c(C(C)=O)c1.Cl,0.0,0.0,0.0,0.0,0.0,0.0,0.0,0.0,0.0,0.0,0.0,0.0
1270,C=CCOc1ccccc1OCC(O)CNC(C)C.Cl,0.0,0.0,0.0,0.0,0.0,0.0,,0.0,0.0,0.0,0.0,0.0
1271,COC(=O)c1cncn1C(C)c1ccccc1.Cl,0.0,0.0,0.0,0.0,0.0,0.0,0.0,0.0,0.0,0.0,0.0,0.0
1272,Cc1ccc(C(=O)C(C)CN2CCCCC2)cc1.Cl,0.0,0.0,1.0,0.0,0.0,0.0,0.0,1.0,0.0,0.0,0.0,0.0
1273,CCc1ccc(C(=O)C(C)CN2CCCCC2)cc1.Cl,0.0,0.0,1.0,,0.0,0.0,0.0,0.0,0.0,0.0,0.0,0.0
1274,CC(CNC1CCCCC1)OC(=O)c1ccccc1.Cl,0.0,0.0,0.0,0.0,0.0,0.0,,0.0,0.0,0.0,0.0,0.0
1275,CC(N)C12CC3CC(CC(C3)C1)C2.Cl,0.0,0.0,0.0,0.0,0.0,0.0,,0.0,0.0,0.0,0.0,0.0
1276,Cc1cccc(C)c1OCC(C)N.Cl,0.0,0.0,0.0,0.0,0.0,0.0,0.0,0.0,0.0,0.0,0.0,0.0
1277,COC(=O)C1=C(C)NC(C)=C(C(=O)OC(C)(C)CN(C)CCC(c2ccccc2)c2ccccc2)C1c1cccc([N+](=O)[O-])c1.Cl,0.0,0.0,0.0,1.0,0.0,0.0,1.0,,0.0,0.0,0.0,0.0
1278,Cc1ccc(S(=O)(=O)N[C@@H](CCCCN)C(=O)CCl)cc1.Cl,0.0,0.0,0.0,0.0,,0.0,,,,,1.0,1.0
1279,Cc1cn[nH]c1.Cl,0.0,0.0,0.0,0.0,0.0,0.0,0.0,0.0,0.0,0.0,0.0,0.0
1280,CCCCN1CCCC[C@H]1C(=O)Nc1c(C)cccc1C.Cl,0.0,0.0,0.0,0.0,0.0,0.0,,0.0,0.0,0.0,0.0,0.0
1281,CC1NCCOC1c1ccccc1.Cl,0.0,0.0,0.0,0.0,0.0,0.0,0.0,0.0,0.0,0.0,0.0,0.0
1282,Cc1ccsc1C(=CCCN1CCC[C@@H](C(=O)O)C1)c1sccc1C.Cl,0.0,0.0,0.0,0.0,0.0,0.0,,1.0,0.0,0.0,0.0,0.0
1283,Cc1ccccc1N1CCN(CCc2nnc3n2CCCC3)CC1.Cl,0.0,0.0,0.0,0.0,1.0,0.0,0.0,1.0,0.0,0.0,0.0,0.0
1284,Cc1nc[nH]c1CN1CCc2c(c3ccccc3n2C)C1=O.Cl,0.0,0.0,0.0,0.0,0.0,,0.0,0.0,0.0,0.0,0.0,0.0
1285,CCc1ccc(CCOc2ccc(CC3SC(=O)NC3=O)cc2)nc1.Cl,0.0,0.0,1.0,0.0,0.0,0.0,1.0,,1.0,0.0,0.0,0.0
1286,CCCCOc1ccc(OCCCN2CCOCC2)cc1.Cl,0.0,0.0,1.0,,0.0,,,0.0,0.0,0.0,0.0,0.0
1287,CCCN1CCC[C@@H]2Cc3n[nH]cc3C[C@H]21.Cl,0.0,0.0,0.0,0.0,0.0,1.0,0.0,0.0,0.0,0.0,0.0,0.0
1288,CCCN1CCCC[C@H]1C(=O)Nc1c(C)cccc1C.Cl,0.0,0.0,0.0,0.0,0.0,0.0,,0.0,0.0,0.0,0.0,0.0
1289,CCN(CC)C(=O)Nc1ccc(OCC(O)CNC(C)(C)C)c(C(C)=O)c1.Cl,0.0,0.0,0.0,0.0,0.0,0.0,0.0,0.0,0.0,0.0,0.0,0.0
1290,CCN(CC)C(C)CN1c2ccccc2Sc2ccccc21.Cl,0.0,0.0,0.0,0.0,0.0,0.0,0.0,0.0,0.0,0.0,0.0,0.0
1292,CCN(CC)CCNC(=O)COc1ccc(OC)cc1.Cl,0.0,0.0,0.0,0.0,0.0,0.0,0.0,1.0,0.0,0.0,0.0,0.0
1293,CCN(CC)CCOC(=O)C(c1ccccc1)c1ccccc1.Cl,0.0,0.0,0.0,0.0,0.0,0.0,,0.0,0.0,0.0,0.0,0.0
1294,CCN(CC)CCOC(=O)C(c1ccccc1)C1CCCCC1.Cl,1.0,0.0,0.0,0.0,0.0,0.0,,0.0,0.0,0.0,0.0,0.0
1295,CCCOc1ccc(C(=O)OCCN(CC)CC)cc1N.Cl,0.0,0.0,0.0,0.0,0.0,1.0,0.0,0.0,0.0,0.0,0.0,0.0
1296,CCN(CCO)CCn1c(Cc2ccccc2)nc2c1c(=O)n(C)c(=O)n2C.Cl,0.0,0.0,0.0,0.0,0.0,0.0,0.0,0.0,0.0,0.0,0.0,0.0
1297,CCc1cc(Cl)c(OC)c(C(=O)NC[C@@H]2CCCN2CC)c1O.Cl,0.0,0.0,0.0,1.0,0.0,0.0,,1.0,,0.0,0.0,0.0
1298,CCOc1ccccc1OCC1CNCCO1.Cl,0.0,,0.0,,,,,,,,,
1299,Cl.Cl.c1ccc(CNCCNCc2ccccc2)cc1,0.0,,0.0,,,,,,,,,
1300,CC[C@@H](CO)NCCN[C@@H](CC)CO.Cl.Cl,0.0,0.0,0.0,0.0,0.0,0.0,0.0,0.0,0.0,0.0,0.0,0.0
1301,Cc1cc(-c2ccccc2)nnc1NCCN1CCOCC1.Cl.Cl,0.0,0.0,0.0,,0.0,0.0,0.0,,0.0,0.0,0.0,0.0
1302,CCN1CCc2nc(N)oc2CC1.Cl.Cl,0.0,,0.0,,,,,,,,,
1303,CN1CCN(C(c2ccccc2)c2ccccc2)CC1.Cl.Cl,0.0,0.0,0.0,0.0,0.0,0.0,0.0,0.0,0.0,0.0,0.0,0.0
1304,COc1ccc(CN2CCNCC2)c(OC)c1OC.Cl.Cl,0.0,,0.0,,,,,,,,,
1305,Cl.Cl.NC(=O)C1(N2CCCCC2)CCN(CCCC(=O)c2ccc(F)cc2)CC1,0.0,,0.0,,,,,,,,,
1306,Cl.Cl.NC(=O)COCCN1CCN(C(c2ccccc2)c2ccc(Cl)cc2)CC1,0.0,0.0,0.0,0.0,0.0,0.0,,0.0,0.0,0.0,0.0,0.0
1307,Cc1ccc2nc(N)[nH]c(=O)c2c1Sc1ccncc1.Cl.Cl,0.0,0.0,1.0,,0.0,1.0,0.0,,,1.0,0.0,0.0
1308,Cl.Cl.NCCNc1cccc2ccccc12,0.0,0.0,0.0,1.0,0.0,1.0,,0.0,0.0,1.0,0.0,0.0
1309,CN(C)C/C=C(/c1ccc(Br)cc1)c1cccnc1.Cl.Cl.O,0.0,0.0,0.0,0.0,0.0,0.0,,0.0,0.0,0.0,0.0,0.0
1310,CCOC(CN1CCN(CC(C)C(=O)c2ccccc2)CC1)c1ccccc1.Cl.Cl,0.0,0.0,1.0,,0.0,0.0,0.0,0.0,0.0,0.0,0.0,0.0
1311,Cl.Cl.O=C(O)COCCN1CCN(C(c2ccccc2)c2ccc(Cl)cc2)CC1,0.0,0.0,1.0,0.0,0.0,0.0,0.0,0.0,0.0,0.0,0.0,0.0
1312,Cc1ncc(CO)c(CN)c1O.Cl.Cl,0.0,,0.0,,,,,,,,,
1313,Cl.Cl.OCCN1CCN(CCCN2c3ccccc3C=Cc3ccccc32)CC1,0.0,0.0,0.0,0.0,0.0,0.0,,0.0,,0.0,0.0,0.0
1314,Cl.Cl/C(=C\n1cncn1)c1ccc(Cl)cc1Cl,0.0,0.0,0.0,1.0,0.0,0.0,0.0,0.0,0.0,0.0,0.0,0.0
1315,COc1cc(N)c(Cl)cc1C(=O)NC1CN2CCC1CC2.Cl,0.0,0.0,0.0,0.0,0.0,0.0,0.0,0.0,,0.0,0.0,0.0
1316,Cl.Clc1cccc(C(c2ccc3nc[nH]c3c2)n2ccnc2)c1,0.0,0.0,0.0,1.0,0.0,1.0,,,0.0,0.0,0.0,0.0
1317,C#CCN(C)CCCOc1ccc(Cl)cc1Cl.Cl,0.0,0.0,1.0,,0.0,,,1.0,0.0,0.0,0.0,0.0
1318,CC(CN(C)C)C(C)(O)Cc1ccc(Cl)cc1.Cl,0.0,0.0,0.0,0.0,0.0,0.0,0.0,0.0,0.0,0.0,0.0,0.0
1319,CN(C)CC[C@@H](c1ccc(Cl)cc1)c1ccccn1.Cl,0.0,,0.0,,0.0,0.0,0.0,0.0,,0.0,0.0,0.0
1320,CN(CCCN1c2ccccc2CCc2ccccc21)CC(=O)c1ccc(Cl)cc1.Cl,0.0,0.0,1.0,0.0,0.0,,,0.0,,,,0.0
1321,Cl.ClCCCN1CCN(c2cccc(Cl)c2)CC1,0.0,,1.0,,,,,,,,,
1322,Cl.N=C(N)NC(=O)Cc1c(Cl)cccc1Cl,0.0,0.0,0.0,0.0,0.0,0.0,0.0,0.0,0.0,0.0,0.0,0.0
1323,Cl.NCCNC(=O)c1ccc(Cl)cn1,0.0,0.0,0.0,0.0,0.0,0.0,0.0,0.0,0.0,0.0,0.0,0.0
1324,Cl.NC1CCN(c2cccc(Cl)n2)CC1,0.0,0.0,0.0,0.0,0.0,0.0,0.0,0.0,0.0,0.0,0.0,0.0
1325,CC(C)CC(N(C)C)C1(c2ccc(Cl)cc2)CCC1.Cl,0.0,0.0,0.0,0.0,0.0,0.0,0.0,0.0,0.0,0.0,0.0,0.0
1326,CCC(C)(CN(C)C)OC(=O)c1ccccc1.Cl,0.0,0.0,0.0,0.0,0.0,0.0,0.0,1.0,0.0,0.0,0.0,0.0
1327,CN(C)CC/C=C1\c2ccccc2COc2ccccc21.Cl,0.0,0.0,0.0,0.0,0.0,0.0,,0.0,0.0,0.0,0.0,0.0
1328,CN(C)CCCO[C@@H]1[C@H]2OC(C)(C)O[C@H]2O[C@@H]1C(O)CO.Cl,0.0,0.0,0.0,0.0,0.0,,0.0,0.0,0.0,0.0,0.0,0.0
1329,CN(C)CCN(Cc1cccs1)c1ccccn1.Cl,0.0,0.0,0.0,0.0,0.0,0.0,0.0,0.0,0.0,0.0,0.0,0.0
1330,CN(C)CCN1C(=O)c2ccccc2N(C)c2ccccc21.Cl,0.0,0.0,0.0,0.0,0.0,0.0,0.0,0.0,0.0,0.0,0.0,0.0
1331,C#CCOC(C(=O)OCCN(C)C)(c1ccccc1)c1ccccc1.Cl,0.0,0.0,0.0,0.0,0.0,0.0,0.0,0.0,0.0,0.0,0.0,0.0
1332,CCCCNc1ccc(C(=O)OCCN(C)C)cc1.Cl,0.0,0.0,0.0,,0.0,,0.0,0.0,0.0,0.0,0.0,0.0
1333,CCCCc1cc2ccccc2c(OCCN(C)C)n1.Cl,0.0,0.0,0.0,0.0,0.0,0.0,,0.0,0.0,0.0,0.0,
1334,C#CCN(C)Cc1ccccc1.Cl,0.0,0.0,0.0,0.0,0.0,0.0,0.0,0.0,0.0,0.0,0.0,0.0
1335,Cl.Cn1c(NCCN(CCO)CCCc2ccc([N+](=O)[O-])cc2)cc(=O)n(C)c1=O,0.0,0.0,0.0,,0.0,0.0,0.0,0.0,0.0,0.0,0.0,0.0
1336,CN1CCOC(c2ccccc2)c2ccccc2C1.Cl,0.0,0.0,0.0,0.0,0.0,0.0,0.0,1.0,0.0,0.0,0.0,0.0
1337,CNS(=O)(=O)CCc1ccc2[nH]cc(C3CCN(C)CC3)c2c1.Cl,0.0,0.0,0.0,0.0,0.0,0.0,,0.0,0.0,0.0,0.0,0.0
1338,CCC1(c2cccc(O)c2)CCCCN(C)C1.Cl,0.0,0.0,0.0,0.0,0.0,0.0,,0.0,0.0,0.0,0.0,0.0
1339,CN1CCN(c2c(F)cc3c(=O)c(C(=O)O)cn4c3c2SCC4)CC1.Cl,0.0,0.0,0.0,0.0,0.0,0.0,0.0,0.0,0.0,0.0,0.0,0.0
1340,CCCOC(C(=O)OC1CCN(C)CC1)(c1ccccc1)c1ccccc1.Cl,0.0,0.0,0.0,0.0,0.0,0.0,,0.0,,0.0,0.0,0.0
1341,CN1CCCN=C1COC(=O)C(O)(c1ccccc1)C1CCCCC1.Cl,0.0,0.0,0.0,0.0,0.0,0.0,,0.0,0.0,0.0,0.0,0.0
1342,Cl.Cn1ccc2cc3c(cc21)CCN3C(=O)Nc1cccnc1,0.0,0.0,0.0,,,1.0,,1.0,0.0,0.0,1.0,0.0
1343,CNCc1ccccc1.Cl,0.0,0.0,0.0,0.0,0.0,0.0,0.0,0.0,0.0,0.0,0.0,0.0
1344,COc1cc(C(=O)NCc2ccc(OCCN(C)C)cc2)cc(OC)c1OC.Cl,0.0,0.0,0.0,,0.0,0.0,0.0,0.0,0.0,0.0,0.0,0.0
1345,COc1ccc(CCN(C)CCCC(C#N)(c2cc(OC)c(OC)c(OC)c2)C(C)C)cc1OC.Cl,0.0,0.0,0.0,0.0,0.0,0.0,0.0,0.0,0.0,0.0,0.0,0.0
1346,COc1ccc(C(=O)NCc2ccc(OCCN(C)C)cc2)cc1OC.Cl,0.0,0.0,0.0,0.0,0.0,0.0,0.0,0.0,0.0,0.0,0.0,0.0
1347,CCN(CCCCOC(=O)c1ccc(OC)c(OC)c1)C(C)Cc1ccc(OC)cc1.Cl,0.0,0.0,0.0,0.0,0.0,0.0,0.0,0.0,0.0,0.0,0.0,0.0
1348,COc1ccc(CN(CCN(C)C)c2ncccn2)cc1.Cl,0.0,0.0,0.0,0.0,0.0,0.0,,0.0,0.0,0.0,0.0,0.0
1349,COc1ccc(CCN(C)CCCN2CCc3cc(OC)c(OC)cc3CC2=O)cc1OC.Cl,0.0,0.0,0.0,0.0,0.0,,0.0,0.0,0.0,0.0,0.0,0.0
1350,COc1ccccc1N1CCNCC1.Cl,0.0,0.0,0.0,0.0,0.0,0.0,0.0,0.0,0.0,0.0,0.0,0.0
1351,COc1cc(OC)c(C(=O)CCCN2CCCC2)c(OC)c1.Cl,0.0,0.0,0.0,0.0,0.0,0.0,0.0,0.0,0.0,0.0,0.0,0.0
1352,COc1ccccc1N1CCN(CCCNc2cc(=O)n(C)c(=O)n2C)CC1.Cl,0.0,0.0,0.0,0.0,0.0,0.0,0.0,0.0,0.0,0.0,0.0,0.0
1353,CCN[C@@H](C)Cc1cccc(C(F)(F)F)c1.Cl,0.0,0.0,0.0,0.0,0.0,0.0,0.0,0.0,0.0,0.0,0.0,0.0
1354,Cl.O=C(CCCN1CCC(O)(c2cccc(C(F)(F)F)c2)CC1)c1ccc(F)cc1,0.0,0.0,0.0,0.0,0.0,0.0,,,,0.0,,0.0
1355,Cl.NCCCC(N)(C(=O)O)C(F)F,0.0,0.0,0.0,0.0,0.0,0.0,,0.0,0.0,0.0,0.0,0.0
1356,C[C@@H]1CN([C@H]2CC[C@](C#N)(c3ccc(F)cc3)CC2)CC[C@]1(C(=O)O)c1ccccc1.Cl,0.0,0.0,0.0,0.0,0.0,0.0,0.0,0.0,0.0,0.0,0.0,0.0
1357,CCNC(=O)N1CCN(CCCC(c2ccc(F)cc2)c2ccc(F)cc2)CC1.Cl,0.0,0.0,1.0,,0.0,0.0,0.0,,,0.0,0.0,
1358,CC(=O)Oc1cc2c(s1)CCN(C(C(=O)C1CC1)c1ccccc1F)C2.Cl,0.0,0.0,0.0,0.0,0.0,0.0,0.0,0.0,0.0,0.0,0.0,0.0
1359,Cc1[nH]c(=O)c(C#N)cc1-c1ccc2nccn2c1.Cl,0.0,0.0,0.0,0.0,0.0,0.0,0.0,0.0,0.0,0.0,0.0,0.0
1360,Cl.N[C@@H]1C[C@H]1c1ccccc1,0.0,0.0,0.0,0.0,0.0,0.0,,0.0,0.0,0.0,0.0,0.0
1361,Cc1oc(=O)oc1COC(=O)[C@@H]1N2C(=O)[C@@H](NC(=O)[C@H](N)c3ccccc3)[C@H]2SC1(C)C.Cl,0.0,,0.0,,,,,,,,,
1362,CN(C)C(=N)NC(=N)N.Cl,0.0,,0.0,,,,,,,,,
1363,Cl.N=C(N)NC(=N)N1CCOCC1,0.0,0.0,0.0,0.0,0.0,0.0,0.0,0.0,0.0,0.0,0.0,0.0
1364,Cl.N=C(N)NC(=N)NCCc1ccccc1,0.0,0.0,1.0,0.0,0.0,0.0,0.0,,0.0,0.0,0.0,0.0
1365,Cl.c1ccc([C@H]2CN3CCSC3=N2)cc1,0.0,0.0,0.0,0.0,,0.0,,1.0,0.0,0.0,0.0,0.0
1366,COCCCOc1cc(C[C@@H](C[C@H](N)[C@@H](O)C[C@H](C(=O)NCC(C)(C)C(N)=O)C(C)C)C(C)C)ccc1OC.Cl,0.0,0.0,0.0,0.0,0.0,0.0,0.0,0.0,0.0,0.0,0.0,0.0
1367,Cl.NC[C@H]1CC[C@H](C(=O)Oc2ccc(CCC(=O)O)cc2)CC1,0.0,0.0,0.0,1.0,0.0,0.0,0.0,,0.0,0.0,0.0,0.0
1368,CC(C)(C)NCC(O)c1cc(Cl)c(N)c(C(F)(F)F)c1.Cl,0.0,0.0,0.0,0.0,0.0,0.0,0.0,0.0,0.0,0.0,0.0,0.0
1369,CCN(CC)CCOC(=O)c1ccc(N)cc1.Cl,0.0,0.0,0.0,0.0,0.0,0.0,0.0,0.0,0.0,0.0,0.0,0.0
1370,Cl.NC1=NCC2c3ccccc3Cc3ccccc3N12,0.0,0.0,0.0,0.0,0.0,0.0,0.0,0.0,0.0,,0.0,0.0
1371,Cl.Nc1ccc(N=Nc2ccccc2)c(N)n1,0.0,0.0,1.0,,1.0,1.0,1.0,1.0,0.0,1.0,1.0,0.0
1372,CC(Cc1ccccc1)(NC(=O)CN)c1ccccc1.Cl,0.0,0.0,0.0,0.0,0.0,0.0,,0.0,0.0,0.0,0.0,0.0
1373,Cl.NCCc1cc[nH]n1,0.0,0.0,0.0,0.0,0.0,0.0,0.0,0.0,0.0,0.0,0.0,0.0
1374,Cl.NCCS,0.0,0.0,0.0,0.0,0.0,,0.0,0.0,0.0,0.0,0.0,0.0
1375,CCN[C@H]1C[C@H](C)S(=O)(=O)c2sc(S(N)(=O)=O)cc21.Cl,0.0,0.0,0.0,0.0,0.0,0.0,0.0,0.0,0.0,0.0,0.0,0.0
1376,Cl.Nc1c2c(nc3c1CCC3)CCCC2.O,0.0,0.0,0.0,0.0,0.0,0.0,0.0,0.0,0.0,0.0,0.0,0.0
1377,CCCCS(=O)(=O)N[C@@H](Cc1ccc(OCCCCC2CCNCC2)cc1)C(=O)O.Cl.O,0.0,0.0,0.0,0.0,0.0,0.0,0.0,0.0,0.0,0.0,0.0,0.0
1378,CN[C@@H](C)[C@H](O)c1ccccc1.Cl,0.0,0.0,0.0,0.0,0.0,0.0,0.0,1.0,0.0,0.0,0.0,0.0
1379,CNC[C@H](O)c1cccc(O)c1.Cl,0.0,0.0,0.0,0.0,0.0,0.0,0.0,0.0,0.0,0.0,0.0,0.0
1380,CCC[C@@H]1C[C@@H](C(=O)N[C@@H]([C@H]2O[C@H](SC)[C@H](O)[C@@H](O)[C@H]2O)[C@@H](C)O)N(C)C1.Cl,0.0,0.0,0.0,0.0,0.0,0.0,0.0,0.0,0.0,0.0,0.0,0.0
1381,C[C@@H](N)[C@@H](O)c1ccccc1.Cl,0.0,0.0,0.0,0.0,0.0,0.0,0.0,0.0,0.0,0.0,0.0,0.0
1382,Cl.N[C@H]1C(O)O[C@H](CO)[C@@H](O)[C@@H]1O,0.0,0.0,0.0,0.0,0.0,0.0,0.0,1.0,0.0,0.0,0.0,0.0
1383,CCN(CC)C(C)C(=O)c1ccccc1.Cl,0.0,0.0,0.0,0.0,0.0,,0.0,0.0,0.0,0.0,0.0,0.0
1384,CCN(CC)CCNC(=O)c1ccc(NC(C)=O)cc1.Cl,0.0,0.0,0.0,0.0,0.0,0.0,0.0,0.0,0.0,0.0,0.0,0.0
1385,CC(NC(C)(C)C)C(=O)c1cccc(Cl)c1.Cl,0.0,0.0,0.0,0.0,0.0,0.0,0.0,0.0,0.0,0.0,0.0,0.0
1386,CCN(CC)CC(=O)Nc1c(C)cc(C)cc1C.Cl,0.0,0.0,0.0,,0.0,0.0,0.0,0.0,0.0,0.0,0.0,0.0
1387,Cc1cccc(C)c1NC(=O)C(C)N.Cl,0.0,0.0,0.0,0.0,0.0,0.0,0.0,0.0,0.0,0.0,0.0,0.0
1388,CCCNC(C)C(=O)Nc1c(C)csc1C(=O)OC.Cl,0.0,0.0,0.0,0.0,0.0,0.0,0.0,0.0,0.0,0.0,0.0,0.0
1389,CCCNC(C)C(=O)Nc1ccccc1C.Cl,0.0,0.0,0.0,0.0,0.0,0.0,0.0,0.0,0.0,0.0,0.0,0.0
1390,Cl.O=C(NC1CCN(CCc2c[nH]c3ccccc23)CC1)c1ccccc1,0.0,0.0,0.0,0.0,0.0,,0.0,0.0,0.0,0.0,0.0,0.0
1391,Cl.O=C(O)/C=C/c1ccc(Cn2ccnc2)cc1,0.0,0.0,0.0,0.0,0.0,0.0,0.0,0.0,0.0,0.0,0.0,0.0
1392,COc1c(N2C[C@@H]3CCCN[C@@H]3C2)c(F)cc2c(=O)c(C(=O)O)cn(C3CC3)c12.Cl,0.0,,0.0,,,,,,,,,
1393,CCn1cc(C(=O)O)c(=O)c2cc(F)c(N3CCNC(C)C3)c(F)c21.Cl,0.0,0.0,0.0,0.0,0.0,0.0,0.0,0.0,0.0,0.0,0.0,0.0
1394,Cl.O=C(O)c1ccc(OCCN2CCCCC2)cc1,0.0,,0.0,,,,,,,,,
1395,CN(C)CC/C=C1/c2ccccc2COc2ccc(CC(=O)O)cc21.Cl,0.0,0.0,0.0,0.0,0.0,0.0,,0.0,0.0,0.0,0.0,0.0
1396,COC(=O)c1ccccc1C(=O)c1ccc(OCCN2CCCCC2)cc1.Cl,0.0,1.0,0.0,0.0,0.0,0.0,0.0,0.0,0.0,0.0,0.0,0.0
1397,CN(C)C(=O)Oc1cc(OC(=O)N(C)C)cc(C(O)CNC(C)(C)C)c1.Cl,0.0,0.0,0.0,0.0,0.0,0.0,0.0,0.0,0.0,0.0,0.0,0.0
1398,CCOC(=O)[C@H](CCc1ccccc1)N[C@H]1CS[C@H](c2cccs2)CN(CC(=O)O)C1=O.Cl,0.0,0.0,0.0,0.0,0.0,0.0,0.0,0.0,,0.0,0.0,0.0
1399,CCOC(=O)[C@H](CCc1ccccc1)N[C@@H](C)C(=O)N1Cc2cc(OC)c(OC)cc2C[C@H]1C(=O)O.Cl,0.0,0.0,0.0,0.0,0.0,1.0,0.0,0.0,0.0,0.0,0.0,0.0
1400,CCOC(=O)C1(c2ccccc2)CCN(CCC(C#N)(c2ccccc2)c2ccccc2)CC1.Cl,0.0,0.0,1.0,0.0,1.0,0.0,1.0,,,1.0,0.0,1.0
1401,CCOC(=O)COc1ccc2c(C)c(CCN(CC)CC)c(=O)oc2c1Cl.Cl,0.0,0.0,0.0,,0.0,0.0,,0.0,0.0,0.0,0.0,0.0
1402,CCOC(=O)NNc1nncc2ccccc12.Cl,0.0,0.0,0.0,0.0,0.0,0.0,0.0,0.0,0.0,0.0,0.0,0.0
1403,Cc1c(-c2ccccc2)oc2c(C(=O)OCCN3CCCCC3)cccc2c1=O.Cl,0.0,0.0,0.0,0.0,0.0,0.0,0.0,0.0,0.0,0.0,0.0,0.0
1404,CCc1c(C)[nH]c2c1C(=O)C(CN1CCOCC1)CC2.Cl,0.0,0.0,0.0,0.0,0.0,,0.0,0.0,0.0,0.0,0.0,0.0
1405,Cl.O=C1c2cccc3c2[C@H](CCC3)CN1[C@@H]1CN2CCC1CC2,0.0,0.0,0.0,0.0,0.0,,0.0,0.0,0.0,0.0,0.0,0.0
1406,Cl.O=C1NCC2(CCN(CCc3ccccc3)CC2)O1,0.0,0.0,0.0,0.0,0.0,0.0,0.0,1.0,0.0,0.0,0.0,0.0
1407,CCN(CC)CCNC(=O)c1cc(S(C)(=O)=O)ccc1OC.Cl,0.0,0.0,0.0,0.0,0.0,0.0,0.0,0.0,0.0,0.0,0.0,0.0
1408,Cl.NCc1ccc(S(N)(=O)=O)cc1,0.0,0.0,0.0,0.0,0.0,0.0,0.0,0.0,0.0,0.0,0.0,0.0
1409,CCOC(=O)[C@H](CCc1ccccc1)N[C@@H](C)C(=O)N1C(=O)N(C)C[C@H]1C(=O)O.Cl,0.0,0.0,0.0,0.0,0.0,0.0,0.0,0.0,0.0,0.0,0.0,0.0
1410,Cl.OC(CCN1CCCC1)(c1ccccc1)C1CCCCC1,0.0,0.0,0.0,0.0,0.0,0.0,,0.0,0.0,0.0,0.0,0.0
1411,Cl.OC(CCN1CCCCC1)(c1ccccc1)C1CCCCC1,0.0,0.0,0.0,0.0,0.0,0.0,,0.0,0.0,0.0,0.0,0.0
1412,CC(C)(C)NCC(O)c1ccccc1Cl.Cl,0.0,0.0,0.0,0.0,0.0,,0.0,0.0,0.0,0.0,0.0,0.0
1413,CC(C)NCC(O)c1ccccc1Cl.Cl,0.0,0.0,0.0,0.0,0.0,0.0,0.0,0.0,0.0,0.0,0.0,0.0
1414,CN(C)CCOC(=O)C(c1ccccc1)C1(O)CCCC1.Cl,0.0,0.0,0.0,0.0,0.0,0.0,0.0,0.0,0.0,0.0,0.0,0.0
1415,COC(=O)[C@@H](N)Cc1ccc(O)c(O)c1.Cl,0.0,0.0,0.0,0.0,0.0,,0.0,0.0,0.0,0.0,0.0,0.0
1416,CC(COc1ccccc1)NC(C)C(O)c1ccc(O)cc1.Cl,0.0,0.0,0.0,0.0,0.0,0.0,0.0,0.0,0.0,0.0,0.0,0.0
1417,Cl.NC(CO)C(=O)NNCc1ccc(O)c(O)c1O,0.0,,0.0,,,,,,,,,
1418,CC1(C)C(C=C(Cl)Cl)C1C(=O)OC(C#N)c1cccc(Oc2ccccc2)c1,0.0,0.0,0.0,0.0,0.0,0.0,0.0,0.0,0.0,0.0,0.0,0.0
1419,Cc1onc(-c2c(Cl)cccc2Cl)c1C(=O)Cl,0.0,,0.0,,,,,,,,,
1420,Cc1onc(-c2ccccc2)c1C(=O)Cl,0.0,,0.0,,,,,,,,,
1421,CC(C)(O)C(Cl)(Cl)Cl,0.0,,0.0,,,,,,,,,
1422,O=C(NC(O)C(Cl)(Cl)Cl)NC(O)C(Cl)(Cl)Cl,0.0,0.0,0.0,0.0,0.0,0.0,0.0,0.0,0.0,0.0,0.0,0.0
1423,OC(O)C(Cl)(Cl)Cl,0.0,0.0,0.0,,0.0,0.0,0.0,0.0,0.0,0.0,0.0,0.0
1424,O=C(O)C(Cl)Cl,0.0,0.0,0.0,0.0,0.0,0.0,0.0,0.0,0.0,0.0,0.0,0.0
1425,N[C@@H](C(=O)N[C@@H]1C(=O)N2C(C(=O)O)=C(Cl)CS[C@H]12)c1ccccc1,0.0,0.0,0.0,0.0,0.0,,0.0,0.0,0.0,0.0,0.0,0.0
1426,O=c1cc(O)c(Cl)c[nH]1,0.0,,0.0,,,,,,,,,
1427,N#Cc1cc(NC(=O)C(=O)O)c(Cl)c(NC(=O)C(=O)O)c1,0.0,,0.0,,,,,,,,,
1428,COC(=O)c1cc(Cl)c(NC(C)=O)cc1OC,0.0,,0.0,,,,,,,,,
1429,COC(=O)c1cc(Cl)ccc1NS(=O)(=O)C(F)(F)F,0.0,,0.0,,,,,,,,,
1430,COc1cc(N)c(Cl)cc1C(=O)NC1CCN(CCCOc2ccc(F)cc2)CC1OC,0.0,0.0,0.0,0.0,0.0,,,,0.0,0.0,0.0,0.0
1431,CN1C(=O)COc2c(C(=O)NC3CN4CCC3CC4)cc(Cl)cc21,0.0,0.0,0.0,,0.0,0.0,0.0,0.0,0.0,0.0,0.0,0.0
1432,CC(C)(C)NCC(O)c1cc(Cl)c(N)c(Cl)c1,0.0,0.0,0.0,0.0,0.0,,,0.0,0.0,,,0.0
1433,Clc1cccc(N2CCNCC2)c1,0.0,0.0,0.0,0.0,0.0,0.0,0.0,0.0,0.0,0.0,0.0,0.0
1434,CCNC(=O)NCc1cccc(Cl)c1,0.0,0.0,0.0,0.0,0.0,0.0,0.0,0.0,0.0,0.0,0.0,0.0
1435,O=C1Cc2cc(Cl)ccc2N1,0.0,,1.0,,,,,,,,,
1436,O=C1Nc2cc(Cl)ccc2Oc2ccccc21,0.0,,1.0,,,,,,,,,
1437,O=c1[nH]c2cc(Cl)ccc2o1,0.0,0.0,0.0,0.0,0.0,0.0,,0.0,0.0,0.0,0.0,0.0
1438,Cc1ccc2ccc(Cl)cc2n1,0.0,,0.0,,,,,,,,,
1439,Nc1nc2cc(Cl)ccc2o1,0.0,0.0,0.0,0.0,0.0,,0.0,0.0,0.0,0.0,0.0,0.0
1440,Cc1ccc(Cl)c(OCC(O)CNC(C)(C)C)c1,0.0,,0.0,,,,,,,,,
1441,NC(Cc1ccc(Cl)cc1)C(=O)O,0.0,0.0,0.0,0.0,0.0,0.0,0.0,0.0,0.0,0.0,0.0,0.0
1442,O=C(NCCCN1CCOCC1)c1ccc(Cl)cc1,0.0,0.0,0.0,,0.0,0.0,0.0,0.0,0.0,0.0,0.0,0.0
1443,NCC(CC(=O)O)c1ccc(Cl)cc1,0.0,0.0,0.0,0.0,0.0,0.0,0.0,0.0,0.0,0.0,0.0,0.0
1444,COP(=O)(OC)OC(c1ccc(Cl)cc1)P(=O)(OC)OC,0.0,0.0,0.0,0.0,0.0,0.0,0.0,0.0,0.0,0.0,0.0,0.0
1445,Cc1[nH]cnc1-c1ccc(Cl)cc1,0.0,,0.0,,,,,,,,,
1446,CCCCCN(CCCOC)C(=O)C(CCC(=O)O)NC(=O)c1ccc(Cl)c(Cl)c1,0.0,,0.0,,,,,,,,,
1447,CN(C(=O)Cc1ccc(Cl)c(Cl)c1)[C@H]1CC[C@@]2(CCCO2)C[C@@H]1N1CCCC1,0.0,0.0,0.0,,0.0,0.0,0.0,,0.0,0.0,0.0,0.0
1448,CCN(Cc1ccc(Cl)nc1)/C(=C/[N+](=O)[O-])NC,0.0,0.0,0.0,0.0,0.0,0.0,0.0,0.0,0.0,0.0,0.0,0.0
1449,CN(C)C(=O)Nc1ccc(Cl)c(Cl)c1,0.0,0.0,0.0,0.0,0.0,1.0,1.0,0.0,0.0,0.0,0.0,0.0
1450,CC(C)(Oc1ccc(Cl)cc1)C(=O)O,0.0,0.0,0.0,0.0,0.0,0.0,0.0,0.0,0.0,0.0,0.0,0.0
1451,CCOC(=O)C(C)(C)Oc1ccc(Cl)cc1,0.0,0.0,0.0,0.0,0.0,0.0,0.0,1.0,0.0,0.0,0.0,0.0
1452,CCN(CC)CCNC(=O)COc1ccc(Cl)cc1,0.0,0.0,0.0,0.0,0.0,0.0,0.0,0.0,0.0,0.0,0.0,0.0
1453,CC1=Nc2ccc(Cl)cc2S(=O)(=O)N1,0.0,0.0,0.0,0.0,0.0,0.0,0.0,0.0,0.0,0.0,0.0,0.0
1454,Nc1nnc(-c2cccc(Cl)c2Cl)c(N)n1,0.0,0.0,0.0,0.0,0.0,,,0.0,0.0,0.0,0.0,0.0
1455,N=C(N)NN=Cc1c(Cl)cccc1Cl,0.0,,0.0,,,,,,,,,
1456,CCN(CC)Cc1nccn1-c1ccc([N+](=O)[O-])cc1C(=O)c1ccccc1Cl,0.0,0.0,1.0,0.0,0.0,,0.0,0.0,0.0,0.0,0.0,0.0
1457,O=C1CN2CCOC2(c2ccccc2Cl)c2cc(Cl)ccc2N1,0.0,,0.0,,,,,,,,,
1458,CC(C)(N)Cc1ccccc1Cl,0.0,,0.0,,,,,,,,,
1459,Clc1ccccc1N1CCNCC1,0.0,,1.0,,,,,,,,,
1460,CCNc1nc(Cl)nc(NCC)n1,0.0,0.0,0.0,0.0,0.0,0.0,0.0,0.0,0.0,0.0,0.0,0.0
1461,CC(C)(Oc1ccc(C2CC2(Cl)Cl)cc1)C(=O)O,0.0,0.0,0.0,0.0,0.0,0.0,0.0,0.0,1.0,0.0,0.0,0.0
1462,C[C@H]1CNCCc2ccc(Cl)cc21,0.0,0.0,0.0,0.0,0.0,0.0,0.0,0.0,0.0,0.0,0.0,0.0
1463,CCOC(=O)N1CCC(n2c(=O)[nH]c3cc(Cl)ccc32)CC1,0.0,,1.0,,,,,,,,,
1464,CC(C)(Oc1ccc(Cl)cc1)C(=O)OCCCOC(=O)C(C)(C)Oc1ccc(Cl)cc1,0.0,,0.0,,,,,,,,,
1465,Clc1ccc2nsnc2c1NC1=NCCN1,0.0,1.0,0.0,0.0,0.0,0.0,0.0,0.0,0.0,0.0,0.0,0.0
1466,Clc1cccc(Cl)c1N=C1NCCN1,0.0,0.0,0.0,0.0,0.0,0.0,0.0,0.0,0.0,0.0,0.0,0.0
1467,Clc1cccc(SC2CCNCC2)n1,0.0,0.0,0.0,0.0,0.0,0.0,0.0,0.0,0.0,,0.0,0.0
1468,Clc1ccccc1CN1CCc2sccc2C1,0.0,0.0,0.0,0.0,1.0,0.0,,1.0,0.0,0.0,0.0,0.0
1469,ClCc1cccc(Cl)c1,0.0,,0.0,,,,,,,,,
1470,O=C(CCCl)NCc1ccccc1,0.0,,0.0,,,,,,,,,
1471,O=C(CCCl)NCCc1ccccc1,0.0,,0.0,,,,,,,,,
1472,Cc1ncsc1CCCl,0.0,0.0,0.0,0.0,0.0,0.0,0.0,0.0,0.0,0.0,0.0,0.0
1473,Cn1c(CCCC(=O)O)nc2cc(N(CCCl)CCCl)ccc21,0.0,0.0,0.0,0.0,0.0,0.0,0.0,0.0,0.0,1.0,0.0,0.0
1474,O=c1n(Cl)c(=O)n(Cl)c(=O)n1Cl,0.0,0.0,0.0,0.0,0.0,0.0,0.0,0.0,0.0,0.0,0.0,0.0
1475,CN(C)N=Nc1nc[nH]c1C(N)=O,0.0,0.0,0.0,0.0,0.0,0.0,0.0,0.0,0.0,0.0,0.0,0.0
1476,C[C@H]1[C@H]2CC[C@H]3[C@@H]4CC=C5C[C@@H](N(C)C)CC[C@]5(C)[C@H]4CC[C@]23CN1C,0.0,,0.0,,,,,,,,,
1477,Cc1ccc(-c2nc3ccc(C)cn3c2CC(=O)N(C)C)cc1,0.0,1.0,0.0,,0.0,,0.0,0.0,0.0,0.0,0.0,0.0
1478,Cc1c(N(C)C)c(=O)n(-c2ccccc2)n1C,0.0,0.0,0.0,0.0,0.0,0.0,0.0,0.0,0.0,0.0,0.0,0.0
1479,CCCCC(CC)COC(=O)c1ccc(N(C)C)cc1,0.0,0.0,0.0,0.0,0.0,1.0,1.0,0.0,0.0,0.0,0.0,0.0
1480,CC(C)CCOC(=O)c1ccc(N(C)C)cc1,0.0,0.0,0.0,,0.0,,0.0,1.0,0.0,0.0,1.0,0.0
1481,CN(C)c1nc(N(C)C)nc(N(C)C)n1,0.0,0.0,0.0,0.0,0.0,0.0,0.0,0.0,0.0,0.0,0.0,0.0
1482,CNC(=C[N+](=O)[O-])NCCSCc1csc(CN(C)C)n1,0.0,0.0,0.0,0.0,0.0,0.0,0.0,0.0,0.0,0.0,0.0,0.0
1483,CN(C)CCc1c[nH]c2ccc(C[C@H]3COC(=O)N3)cc12,0.0,,0.0,,,,,,,,,
1484,CCCCCCCCCCCCCCCCCCN(C)C,0.0,,0.0,,,,,,,,,
1485,CN(C)CCCSc1ccccc1NC(=O)/C=C/c1ccccc1,0.0,0.0,0.0,,0.0,0.0,0.0,0.0,0.0,0.0,0.0,0.0
1486,CN(C)CCN(Cc1ccsc1)c1ccccn1,0.0,,0.0,,,,,,,,,
1487,COc1ccc([C@@H]2Sc3ccccc3N(CCN(C)C)C(=O)[C@@H]2OC(C)=O)cc1,0.0,0.0,0.0,0.0,,0.0,0.0,0.0,0.0,,0.0,0.0
1488,CN(C)CCN1CCN(c2cccc(Cl)c2)C1=O,0.0,,0.0,,,,,,,,,
1489,CN(C)CCOC(c1ccccc1)c1ccccc1,0.0,0.0,0.0,0.0,0.0,0.0,,,0.0,,0.0,0.0
1490,CN1C[C@@H](NS(=O)(=O)N(C)C)C[C@@H]2c3cccc4c3c(cn4C)C[C@H]21,0.0,0.0,0.0,0.0,0.0,,0.0,0.0,0.0,0.0,0.0,0.0
1491,CN(C(=O)c1c(O)c2ccccc2n(C)c1=O)c1ccccc1,0.0,0.0,0.0,0.0,0.0,0.0,0.0,0.0,0.0,0.0,0.0,0.0
1492,CC(Cc1ccccc1)N(C)Cc1ccco1,0.0,,0.0,,,,,,,,,
1493,Cn1c([N+](=O)[O-])cnc1COC(N)=O,0.0,0.0,0.0,0.0,0.0,0.0,0.0,0.0,0.0,0.0,0.0,0.0
1494,COC(=O)C1=CCCN(C)C1,0.0,0.0,0.0,0.0,0.0,0.0,0.0,0.0,0.0,0.0,0.0,0.0
1495,CN1CCC(=C2c3ccccc3CC(=O)c3sccc32)CC1,0.0,0.0,0.0,0.0,0.0,0.0,0.0,0.0,0.0,0.0,0.0,0.0
1496,CN1CCC(=C2c3ccccc3CCc3cccnc32)CC1,0.0,0.0,0.0,0.0,0.0,0.0,0.0,0.0,,0.0,0.0,0.0
1497,CN1CCN2c3ccccc3Cc3ccccc3C2C1,0.0,0.0,0.0,0.0,0.0,0.0,,,0.0,0.0,0.0,
1498,CN1CCC(N(Cc2ccccc2)c2ccccc2)CC1,0.0,,0.0,,,,,,,,,
1499,CN1CCN(C(=O)O[C@H]2c3nccnc3C(=O)N2c2ccc(Cl)cn2)CC1,0.0,0.0,0.0,0.0,0.0,0.0,,0.0,0.0,0.0,0.0,0.0
1500,CN1CCN(c2c(F)cc3c(=O)c(C(=O)O)cn(CCF)c3c2F)CC1,0.0,0.0,0.0,0.0,0.0,0.0,0.0,,0.0,0.0,0.0,0.0
1501,CN1CCN(c2cc3c(nn2)Oc2ccccc2N3C)CC1,0.0,,0.0,,,,,,,,,
1502,CCn1cc(C(=O)O)c(=O)c2cc(F)c(N3CCN(C)CC3)cc21.CS(=O)(=O)O,0.0,0.0,0.0,0.0,0.0,0.0,,0.0,0.0,0.0,0.0,0.0
1503,CN1CCN(C2=Nc3ccccc3Sc3ccc(Cl)cc32)CC1,0.0,0.0,0.0,0.0,0.0,,,0.0,,0.0,0.0,0.0
1504,CC1COc2c(N3CCN(C)CC3)c(F)cc3c(=O)c(C(=O)O)cn1c23,0.0,0.0,0.0,0.0,0.0,0.0,0.0,0.0,0.0,0.0,0.0,0.0
1505,CN1CCN(c2c(F)cc3c(=O)c(C(=O)O)cn4c3c2OCN4C)CC1,0.0,0.0,0.0,0.0,0.0,0.0,,1.0,0.0,0.0,0.0,0.0
1506,Cc1scc2c1N(C(=O)CN1CCN(C)CC1)c1ccccc1NC2=O,0.0,0.0,0.0,0.0,0.0,,0.0,0.0,0.0,0.0,0.0,0.0
1507,CCCc1nn(C)c2c(=O)[nH]c(-c3cc(S(=O)(=O)N4CCN(C)CC4)ccc3OCC)nc12.O=C(O)CC(O)(CC(=O)O)C(=O)O,0.0,0.0,0.0,0.0,0.0,0.0,,0.0,0.0,0.0,0.0,0.0
1508,CN1CCN(N)CC1,0.0,,0.0,,,,,,,,,
1509,Cn1cnc2c1c(=O)[nH]c(=O)n2C,0.0,0.0,0.0,0.0,0.0,0.0,0.0,0.0,0.0,0.0,0.0,0.0
1510,CN1C(=O)CC[C@H]1c1cccnc1,0.0,0.0,0.0,0.0,0.0,0.0,0.0,0.0,0.0,0.0,0.0,0.0
1511,CN1CCC[C@@H]1c1cccnc1,0.0,,0.0,,,,,,,,,
1512,CC[C@@H]1C(=O)OC[C@@H]1Cc1cncn1C,0.0,0.0,0.0,0.0,0.0,0.0,0.0,0.0,0.0,0.0,0.0,0.0
1513,CN1[C@@H]2CC[C@H]1CC(OC(=O)c1c[nH]c3ccccc13)C2,0.0,0.0,0.0,0.0,0.0,0.0,0.0,,0.0,,0.0,0.0
1514,CN1CCC[C@@H]1Cc1c[nH]c2ccc(CCS(=O)(=O)c3ccccc3)cc12,0.0,0.0,0.0,0.0,0.0,0.0,0.0,0.0,0.0,0.0,0.0,0.0
1515,CN1N=C(N)c2cn([C@@H]3O[C@H](CO)[C@@H](O)[C@H]3O)c3ncnc1c23,0.0,0.0,1.0,1.0,0.0,1.0,1.0,,0.0,0.0,0.0,0.0
1516,CN1C[C@@H]2C[C@H]1CN2c1cc2c(cc1F)c(=O)c(C(=O)O)cn2C1CC1,0.0,0.0,0.0,,0.0,0.0,,0.0,0.0,0.0,0.0,0.0
1517,CNC(=O)c1cnn(-c2nc(N)c3ncn([C@@H]4O[C@H](CO)[C@@H](O)[C@H]4O)c3n2)c1,0.0,,0.0,,,,,,,,,
1518,CNC(=O)NC(O)C(Cl)(Cl)Cl,0.0,0.0,0.0,0.0,0.0,0.0,,0.0,0.0,0.0,0.0,0.0
1519,CNC(=O)Oc1ccc2c(c1)[C@]1(C)CCN(C)[C@@H]1N2C,0.0,0.0,1.0,0.0,0.0,0.0,0.0,0.0,0.0,0.0,0.0,0.0
1520,CNC[C@H](O)[C@@H](O)[C@@H](O)[C@H](O)CO.Cc1c(Nc2ncccc2C(=O)O)cccc1C(F)(F)F,0.0,0.0,0.0,,0.0,,1.0,,0.0,0.0,0.0,
1521,CNC1CCCN(c2c(F)cc3c(=O)c(C(=O)O)cn(C4CC4)c3c2OC)C1,0.0,0.0,0.0,0.0,0.0,,0.0,0.0,0.0,0.0,0.0,0.0
1522,CNC1(C)C2CCC(C2)C1(C)C,0.0,0.0,0.0,0.0,0.0,0.0,0.0,0.0,0.0,0.0,0.0,0.0
1523,CNS(=O)(=O)Cc1ccc2[nH]cc(CCN(C)C)c2c1,0.0,0.0,0.0,0.0,0.0,0.0,,0.0,0.0,0.0,0.0,0.0
1524,COC(=O)/C=C\C(=O)OC,0.0,0.0,1.0,0.0,0.0,0.0,0.0,0.0,,0.0,0.0,0.0
1525,COC(=O)c1cccnc1,0.0,0.0,0.0,0.0,0.0,0.0,0.0,0.0,0.0,0.0,0.0,0.0
1526,COCCOCC(OC)OC,0.0,,0.0,,,,,,,,,
1527,COc1cc(/C=C/C(N)=O)cc(OC)c1OC,0.0,,0.0,,,,,,,,,
1528,COc1cc(C(=O)NCCCCCC(=O)O)cc(OC)c1OC,0.0,0.0,0.0,0.0,0.0,0.0,0.0,0.0,0.0,0.0,0.0,0.0
1529,CCC(COC(=O)c1cc(OC)c(OC)c(OC)c1)(c1ccccc1)N(C)C.O=C(O)/C=C\C(=O)O,0.0,0.0,1.0,0.0,0.0,0.0,,,0.0,0.0,0.0,0.0
1530,COc1cc(CC#N)cc(OC)c1OC,0.0,,0.0,,,,,,,,,
1531,COc1ccc2c(c1OC)CN1CCc3cc4c(cc3C1C2)OCO4,0.0,0.0,0.0,0.0,0.0,,1.0,0.0,0.0,0.0,0.0,0.0
1532,COc1cc(OC)cc(OC)c1,0.0,0.0,0.0,0.0,0.0,0.0,0.0,0.0,0.0,0.0,0.0,0.0
1533,COc1cc(C(=O)N2CCCCCCC2)cc(OC)c1OC,0.0,0.0,0.0,0.0,0.0,0.0,,0.0,0.0,0.0,0.0,0.0
1534,CCC(CC)(CNC(=O)CCCO)c1cccc(OC)c1,0.0,,0.0,,,,,,,,,
1535,COc1ccc(/C(C)=C/C(=O)O)c(OC)c1,0.0,,0.0,,,,,,,,,
1536,COC(=O)c1ccc(NC(C)=O)cc1OC,0.0,,0.0,,,,,,,,,
1537,COc1cc2c(cc1OC)C(=O)CC2,0.0,,0.0,,,,,,,,,
1538,C=C[C@H]1CN2CCC1C[C@@H]2[C@@H](O)c1ccnc2ccc(OC)cc12,0.0,0.0,0.0,0.0,1.0,1.0,,1.0,0.0,0.0,0.0,0.0
1539,COc1cc2[nH]c(=O)[nH]c(=O)c2cc1OC,0.0,0.0,0.0,0.0,0.0,0.0,0.0,,0.0,0.0,0.0,0.0
1540,COc1ccc2c(c1)c1c3n2CCN(C)C3=NCC1,0.0,0.0,0.0,0.0,0.0,1.0,0.0,0.0,0.0,0.0,0.0,
1541,CCCCC(CC)COC(=O)C=Cc1ccc(OC)cc1,0.0,0.0,0.0,0.0,0.0,0.0,0.0,0.0,0.0,0.0,0.0,0.0
1542,CC=Cc1ccc(OC)cc1,0.0,0.0,0.0,0.0,0.0,0.0,0.0,0.0,0.0,0.0,0.0,0.0
1543,COc1ccc(C(=O)CC(=O)c2ccc(C(C)(C)C)cc2)cc1,0.0,0.0,0.0,,,,,0.0,0.0,0.0,0.0,0.0
1544,CCCCN(CCCC)C(C(N)=O)c1ccc(OC)cc1,0.0,,0.0,,,,,,,,,
1545,COc1ccc(-c2cc(=S)ss2)cc1,1.0,0.0,1.0,,0.0,,,,0.0,0.0,0.0,0.0
1546,COc1ccc(C2C(=O)c3ccccc3C2=O)cc1,0.0,,0.0,,,,,,,,,
1547,COc1ccc(CN(CCN(C)C)c2ccccn2)cc1,0.0,0.0,0.0,0.0,0.0,0.0,1.0,0.0,0.0,0.0,0.0,0.0
1548,CCn1c(=O)c2c(nc(/C=C/c3ccc(OC)c(OC)c3)n2C)n(CC)c1=O,0.0,,0.0,,,,,,,,,
1549,COc1ccc(CCC(C)=O)cc1,0.0,0.0,0.0,0.0,0.0,0.0,0.0,0.0,0.0,0.0,0.0,0.0
1550,COc1ccc(Cl)cc1C(=O)NCCc1ccc(S(N)(=O)=O)cc1,0.0,,0.0,,,,,,,,,
1551,COC(=O)c1cc(Cl)ccc1OC,0.0,,0.0,,,,,,,,,
1552,COc1cccc(N(C)C(=S)Oc2ccc3c(c2)CCCC3)n1,0.0,1.0,1.0,,0.0,0.0,,,0.0,0.0,0.0,0.0
1553,CNC(C)Cc1ccccc1OC,0.0,0.0,0.0,0.0,0.0,0.0,0.0,0.0,0.0,0.0,0.0,0.0
1554,COc1ccc(C2CNC(=O)C2)cc1OC1CCCC1,0.0,0.0,0.0,0.0,0.0,0.0,0.0,0.0,0.0,0.0,0.0,0.0
1555,COc1ccc2c(c1)CCCC2=O,0.0,,0.0,,,,,,,,,
1556,COc1ccccc1OC(=O)Oc1ccccc1OC,0.0,0.0,0.0,0.0,0.0,0.0,0.0,0.0,0.0,0.0,0.0,0.0
1557,CNCCC(Oc1ccccc1OC)c1ccccc1,0.0,0.0,0.0,0.0,0.0,0.0,0.0,0.0,0.0,0.0,0.0,0.0
1558,COc1ccccc1OCC1CNC(=O)O1,0.0,0.0,0.0,0.0,0.0,0.0,0.0,0.0,0.0,0.0,0.0,0.0
1559,COc1nc(C)nc(Cl)c1NC1=NCCN1,0.0,0.0,0.0,,0.0,1.0,0.0,0.0,0.0,0.0,0.0,0.0
1560,COc1cc(NS(=O)(=O)c2ccc(N)cc2)nc(OC)n1,0.0,0.0,0.0,0.0,0.0,0.0,0.0,0.0,0.0,0.0,0.0,0.0
1561,COc1nccnc1NS(=O)(=O)c1ccc(N)cc1,0.0,0.0,0.0,0.0,0.0,0.0,0.0,0.0,0.0,0.0,0.0,0.0
1562,COc1ccnc(CS(=O)c2nc3cc(OC(F)F)ccc3[nH]2)c1OC,0.0,0.0,1.0,,0.0,1.0,0.0,,0.0,0.0,0.0,0.0
1563,COc1ccc2c(c1OC)C(=O)O[C@@H]2[C@H]1c2c(cc3c(c2OC)OCO3)CCN1C,0.0,0.0,0.0,0.0,0.0,0.0,0.0,0.0,0.0,,0.0,0.0
1564,C#C[C@]1(O)CC[C@H]2[C@@H]3CCc4cc(OC)ccc4[C@H]3CC[C@@]21C,0.0,0.0,1.0,0.0,1.0,0.0,0.0,1.0,0.0,0.0,0.0,0.0
1565,CCC(=O)O[C@]1(C(=O)COC)[C@@H](C)C[C@H]2[C@@H]3CCC4=CC(=O)C=C[C@]4(C)C3(F)[C@@H](O)C[C@@]21C,0.0,,0.0,,,,,,,,,
1566,COCCc1ccccn1,0.0,,0.0,,,,,,,,,
1567,COCCc1ccc(OCC2CO2)cc1,0.0,,0.0,,,,,,,,,
1568,COCCCN1CCC(NC(=O)c2cc(Cl)c(N)c3c2OCC3)CC1,0.0,,0.0,,,,,,,,,
1569,CCC1(c2ccccc2)C(=O)N(COC)C(=O)N(COC)C1=O,0.0,0.0,0.0,0.0,0.0,0.0,0.0,0.0,0.0,0.0,0.0,0.0
1570,COP(=S)(OC)Oc1ccc(Sc2ccc(OP(=S)(OC)OC)cc2)cc1,0.0,0.0,0.0,,,,,,0.0,,0.0,0.0
1571,COP(=S)(OC)SCN1C(=O)c2ccccc2C1=O,0.0,0.0,0.0,0.0,0.0,0.0,0.0,0.0,0.0,0.0,0.0,0.0
1572,Cc1ccc(-c2ncc(Cl)cc2-c2ccc(S(C)(=O)=O)cc2)cn1,0.0,0.0,0.0,0.0,0.0,0.0,0.0,0.0,0.0,0.0,0.0,0.0
1573,CN(CCOc1ccc(NS(C)(=O)=O)cc1)CCc1ccc(NS(C)(=O)=O)cc1,0.0,1.0,0.0,,0.0,0.0,,0.0,0.0,0.0,0.0,0.0
1574,C#CCN[C@@H]1CCc2ccccc21.CS(=O)(=O)O,0.0,0.0,0.0,0.0,0.0,0.0,0.0,0.0,0.0,0.0,0.0,0.0
1575,CS(=O)(=O)O.Cc1ccc2c(c1)c1c3n2CCNC3CCC1,0.0,0.0,0.0,0.0,0.0,1.0,,0.0,,0.0,0.0,0.0
1576,CCOc1ccccc1O[C@H](c1ccccc1)[C@H]1CNCCO1.CS(=O)(=O)O,0.0,0.0,0.0,0.0,0.0,0.0,,0.0,0.0,0.0,0.0,0.0
1577,C=CCNc1nc(NCC=C)nc(N2CCN(C(c3ccc(F)cc3)c3ccc(F)cc3)CC2)n1.CS(=O)(=O)O.CS(=O)(=O)O,0.0,,1.0,,,,,,,,,
1578,CCCN1C[C@H](CSC)C[C@@H]2c3cccc4[nH]cc(c34)C[C@H]21.CS(=O)(=O)O,0.0,0.0,0.0,0.0,0.0,,0.0,,0.0,0.0,0.0,0.0
1579,CS(=O)(=O)O.O=C1CC2(CCCC2)CC(=O)N1CCNCC1COc2ccccc2O1,0.0,0.0,0.0,,0.0,0.0,0.0,,,0.0,0.0,0.0
1580,CN1CCCCC1CCN1c2ccccc2Sc2ccc(S(C)=O)cc21,0.0,0.0,0.0,0.0,0.0,,0.0,0.0,0.0,0.0,0.0,0.0
1581,FC(F)(F)C(F)(F)C(F)(F)C(F)(F)C(F)(F)C(F)(F)C(F)(F)C(F)(F)Br,0.0,0.0,0.0,0.0,0.0,0.0,0.0,0.0,0.0,0.0,0.0,0.0
1582,O=C(OCCOCCO)c1ccccc1Nc1cccc(C(F)(F)F)c1,0.0,0.0,0.0,0.0,0.0,0.0,0.0,0.0,0.0,0.0,0.0,0.0
1583,O=C(OCCN1CCOCC1)c1cccnc1Nc1cccc(C(F)(F)F)c1,0.0,,1.0,,,,,,,,,
1584,CC1(C)NC(=O)N(c2ccc([N+](=O)[O-])c(C(F)(F)F)c2)C1=O,0.0,0.0,1.0,0.0,0.0,0.0,0.0,,0.0,0.0,0.0,0.0
1585,NS(=O)(=O)c1cc2c(cc1C(F)(F)F)NC(Cc1ccccc1)NS2(=O)=O,0.0,0.0,0.0,0.0,0.0,0.0,0.0,0.0,0.0,0.0,0.0,0.0
1586,O=C(NCC1CCCCN1)c1cc(OCC(F)(F)F)ccc1OCC(F)(F)F,0.0,0.0,0.0,0.0,0.0,0.0,0.0,0.0,0.0,0.0,0.0,0.0
1587,Cc1c(OCC(F)(F)F)ccnc1CS(=O)c1nc2ccccc2[nH]1,0.0,0.0,1.0,,0.0,1.0,0.0,,0.0,0.0,0.0,0.0
1588,Nc1nc2ccc(OC(F)(F)F)cc2s1,0.0,0.0,0.0,,,1.0,0.0,1.0,0.0,1.0,1.0,0.0
1589,CCCCCCCCCCCCCCCCn1cc[n+](C)c1.O=S(=O)([N-]S(=O)(=O)C(F)(F)F)C(F)(F)F,,0.0,1.0,1.0,,,,,,,,
1590,COc1cc(-c2ccc(=O)[nH]n2)ccc1OC(F)F,0.0,0.0,0.0,0.0,0.0,,0.0,,0.0,0.0,1.0,0.0
1591,O=c1[nH]c(=O)n(C2CCCO2)cc1F,0.0,0.0,0.0,0.0,0.0,0.0,0.0,0.0,0.0,0.0,0.0,0.0
1592,Nc1nc(=O)[nH]cc1F,0.0,0.0,0.0,0.0,0.0,0.0,0.0,0.0,0.0,0.0,0.0,
1593,O=c1[nH]cc(F)c(=O)[nH]1,0.0,0.0,0.0,0.0,0.0,0.0,0.0,0.0,0.0,1.0,1.0,0.0
1594,O=C(c1ccc(F)cc1)C1CCN(CCn2c(=O)[nH]c3ccccc3c2=O)CC1,0.0,0.0,0.0,0.0,0.0,0.0,0.0,0.0,0.0,0.0,0.0,0.0
1595,O=C(CCCN1CC=C(n2c(=O)[nH]c3ccccc32)CC1)c1ccc(F)cc1,0.0,0.0,0.0,0.0,0.0,0.0,0.0,0.0,0.0,0.0,0.0,0.0
1596,N#CC1(c2ccc(F)cc2)CCC(=O)CC1,0.0,,0.0,,,,,,,,,
1597,O=C1NC(=O)[C@@]2(CCOc3ccc(F)cc32)N1,0.0,0.0,0.0,0.0,0.0,0.0,0.0,0.0,0.0,0.0,0.0,0.0
1598,C#Cc1ccc(-c2ccccc2F)cc1,0.0,,0.0,,,,,,,,,
1599,Nc1ncnc2c1ncn2Cc1c(F)cccc1Cl,0.0,,0.0,,,,,,,,,
1600,CCN(CC)CCN1C(=O)CN=C(c2ccccc2F)c2cc(Cl)ccc21,0.0,0.0,0.0,0.0,0.0,,,0.0,0.0,0.0,0.0,0.0
1601,Nc1nc(=O)n([C@@H]2O[C@H](CO)[C@@H](O)[C@@H]2F)cc1I,0.0,,0.0,,,,,,,,,
1602,O=c1[nH]c(=O)n([C@H]2C[C@H](O)[C@@H](CO)O2)cc1I,0.0,0.0,0.0,,0.0,,0.0,0.0,0.0,0.0,0.0,0.0
1603,N[C@@H](Cc1cc(I)c(O)c(I)c1)C(=O)O,0.0,0.0,0.0,0.0,0.0,0.0,0.0,0.0,0.0,0.0,0.0,0.0
1604,Nc1c(I)cc(I)c(C(=O)N(CCC(=O)O)c2ccccc2)c1I,0.0,,0.0,,,,,,,,,
1605,N[C@@H](Cc1ccc(Oc2cc(I)c(O)c(I)c2)c(I)c1)C(=O)O,0.0,0.0,0.0,,0.0,0.0,0.0,0.0,1.0,0.0,0.0,0.0
1606,Cc1cc(OI)c(C(C)C)cc1-c1cc(C(C)C)c(OI)cc1C,0.0,0.0,0.0,0.0,0.0,0.0,,0.0,0.0,0.0,0.0,0.0
1607,CN/C(=N\C#N)NCCSCc1nc[nH]c1C,0.0,0.0,0.0,0.0,0.0,0.0,0.0,0.0,0.0,0.0,0.0,0.0
1608,CC(C)NCC(O)c1ccc(N)c(C#N)c1,0.0,0.0,0.0,0.0,0.0,0.0,0.0,0.0,0.0,0.0,0.0,0.0
1609,CN/C(=N\c1ccc(C2=NNC(=O)CC2C)cc1)NC#N,0.0,0.0,0.0,0.0,0.0,0.0,0.0,0.0,0.0,0.0,0.0,0.0
1610,NC(N)=Nc1nc(CSCC/C(N)=N\S(N)(=O)=O)cs1,0.0,0.0,0.0,0.0,0.0,0.0,0.0,0.0,0.0,0.0,0.0,0.0
1611,CN/C(=N\C#N)NCCSCc1csc(N=C(N)N)n1,0.0,0.0,0.0,0.0,0.0,,0.0,0.0,0.0,0.0,0.0,0.0
1612,N[C@H](C(=O)O)c1ccc(O)cc1,0.0,,0.0,,,,,,,,,
1613,COC(=O)[C@@H](N)CCCN/C(N)=N/[N+](=O)[O-],0.0,0.0,0.0,0.0,0.0,0.0,0.0,0.0,0.0,0.0,0.0,0.0
1614,N=C(N)NCCC[C@H](N)C(=O)O,0.0,,0.0,,,,,,,,,
1615,CCCCCCCCCCCCCCC[C@H](O)[C@@H](N)CO,0.0,0.0,0.0,0.0,0.0,,,0.0,0.0,0.0,0.0,0.0
1616,N[C@@H]1CONC1=O,0.0,0.0,0.0,,0.0,0.0,0.0,0.0,0.0,0.0,0.0,0.0
1617,CN[C@@H]1[C@@H](O)[C@@H](O[C@@H]2[C@H](O)[C@H](O[C@H]3OC(CN)=CC[C@H]3N)[C@@H](N)C[C@H]2N)OC[C@]1(C)O,0.0,,0.0,,,,,,,,,
1618,CN1CC(=O)NC1=N,0.0,,0.0,,,,,,,,,
1619,c1ccc2[nH]c(-c3cscn3)nc2c1,0.0,0.0,0.0,,0.0,1.0,0.0,1.0,0.0,0.0,1.0,0.0
1620,N=C(N)N.N=C(N)N.O=C(O)O,0.0,0.0,0.0,0.0,0.0,0.0,0.0,0.0,0.0,0.0,0.0,0.0
1621,CCCCNC(=N)NC(=N)N,0.0,,1.0,,,,,,,,,
1622,N=C(N)NN.N=C(N)NN.O=S(=O)(O)O,0.0,0.0,0.0,0.0,0.0,,0.0,0.0,0.0,0.0,0.0,0.0
1623,N=C(N)NCCCC[C@@H]1NC(=O)CCSSC[C@@H](C(N)=O)NC(=O)[C@@H]2CCCN2C(=O)[C@H](Cc2c[nH]c3ccccc23)NC(=O)[C@H](CC(=O)O)NC(=O)CNC1=O,0.0,0.0,0.0,0.0,0.0,0.0,0.0,,0.0,0.0,0.0,0.0
1624,CSCC[C@H](NC(=O)[C@H](Cc1c[nH]c2ccccc12)NC(=O)CCNC(=O)OC(C)(C)C)C(=O)N[C@@H](CC(=O)O)C(=O)N[C@@H](Cc1ccccc1)C(N)=O,0.0,0.0,0.0,0.0,0.0,0.0,0.0,0.0,0.0,0.0,0.0,0.0
1625,COc1ccc(S(=O)(=O)N2c3ccc(Cl)cc3[C@@](O)(c3ccccc3Cl)[C@H]2C(=O)N2CCC[C@@H]2C(N)=O)cc1OC,0.0,0.0,0.0,0.0,0.0,0.0,0.0,0.0,0.0,0.0,0.0,0.0
1626,CCCCCCOc1ccccc1C(N)=O,0.0,0.0,1.0,,0.0,1.0,1.0,,0.0,0.0,0.0,0.0
1627,NC(=O)c1cccnc1,0.0,0.0,0.0,0.0,0.0,0.0,0.0,0.0,0.0,0.0,0.0,0.0
1628,NC(=O)c1cnccn1,0.0,0.0,0.0,0.0,0.0,0.0,0.0,0.0,0.0,0.0,0.0,0.0
1629,NC(=O)c1ncn([C@@H]2O[C@H](CO)[C@@H](O)[C@H]2O)n1,0.0,0.0,0.0,,0.0,0.0,0.0,,,1.0,0.0,0.0
1630,Cn1nnc2c(C(N)=O)ncn2c1=O,0.0,0.0,0.0,0.0,0.0,,0.0,0.0,0.0,0.0,0.0,0.0
1631,NC(=O)c1cn(Cc2c(F)cccc2F)nn1,0.0,0.0,0.0,0.0,0.0,0.0,0.0,0.0,0.0,0.0,0.0,0.0
1632,NC(=O)c1ncn([C@@H]2O[C@H](CO)[C@@H](O)[C@H]2O)c1N,0.0,0.0,0.0,,0.0,0.0,0.0,0.0,0.0,0.0,0.0,0.0
1633,NC(=O)c1ncn([C@@H]2O[C@H](CO)[C@@H](O)[C@H]2O)c1O,0.0,,0.0,,,,,,,,,
1634,CC(C)NCCCC1(C(N)=O)c2ccccc2-c2ccccc21,0.0,,0.0,,,,,,,,,
1635,NC(=O)c1cc[n+](CC2=C(C(=O)[O-])N3C(=O)[C@@H](NC(=O)Cc4cccs4)[C@H]3SC2)cc1,0.0,0.0,1.0,0.0,0.0,0.0,0.0,0.0,0.0,0.0,0.0,0.0
1636,NC(=O)CCCCC1CCSS1,0.0,0.0,0.0,0.0,1.0,0.0,0.0,1.0,0.0,0.0,0.0,0.0
1637,CC(c1cc2ccccc2s1)N(O)C(N)=O,0.0,0.0,0.0,0.0,0.0,,0.0,0.0,1.0,0.0,0.0,0.0
1638,NC(=O)N1c2ccccc2C=Cc2ccccc21,0.0,1.0,0.0,0.0,0.0,0.0,0.0,0.0,0.0,0.0,0.0,1.0
1639,NC(=O)N1c2ccccc2CC(=O)c2ccccc21,0.0,0.0,0.0,0.0,0.0,,0.0,0.0,0.0,0.0,0.0,0.0
1640,NC(=O)NNc1ccccc1,0.0,0.0,0.0,0.0,0.0,0.0,0.0,0.0,0.0,0.0,0.0,0.0
1641,NC(=O)NO,0.0,0.0,0.0,0.0,0.0,0.0,0.0,0.0,0.0,0.0,0.0,0.0
1642,CCOC(N)=O,0.0,0.0,0.0,0.0,0.0,0.0,0.0,0.0,0.0,0.0,0.0,0.0
1643,NC(=O)OCC(COC(N)=O)c1ccccc1,0.0,0.0,0.0,0.0,0.0,0.0,0.0,0.0,0.0,0.0,0.0,0.0
1644,COc1ccccc1OCC(O)COC(N)=O,0.0,0.0,0.0,0.0,0.0,0.0,0.0,0.0,0.0,0.0,0.0,0.0
1645,NC(=O)OCCCc1ccccc1,0.0,0.0,0.0,0.0,0.0,0.0,0.0,0.0,0.0,0.0,0.0,0.0
1646,NC(=S)N/N=C/c1cccnc1,0.0,0.0,0.0,0.0,0.0,0.0,0.0,0.0,0.0,0.0,0.0,0.0
1647,C=CCNC(N)=S,0.0,0.0,0.0,0.0,0.0,0.0,0.0,0.0,0.0,0.0,0.0,0.0
1648,CCCCCC(C)N.CCCCCC(C)N.O=S(=O)(O)O,0.0,,0.0,,,,,,,,,
1649,NC/C=C/C(=O)O,0.0,,0.0,,,,,,,,,
1650,C[C@H]1COc2c(C3(N)CC3)c(F)cc3c(=O)c(C(=O)O)cn1c23,0.0,0.0,0.0,0.0,0.0,,0.0,0.0,0.0,0.0,0.0,0.0
1651,Nc1cc(=O)nc(N)[nH]1,0.0,0.0,0.0,0.0,0.0,0.0,0.0,0.0,0.0,0.0,0.0,0.0
1652,NC1=NC(=O)C(c2ccccc2)O1,0.0,0.0,0.0,0.0,0.0,0.0,0.0,0.0,0.0,0.0,0.0,0.0
1653,Nc1ccn([C@H]2CC[C@@H](CO)O2)c(=O)n1,0.0,0.0,0.0,0.0,0.0,0.0,0.0,0.0,0.0,0.0,0.0,0.0
1654,Nc1ncn([C@H]2C[C@H](O)[C@@H](CO)O2)c(=O)n1,0.0,0.0,0.0,,0.0,0.0,0.0,0.0,0.0,,,0.0
1655,NC12CC3CC(CC(C3)C1)C2,0.0,0.0,0.0,0.0,0.0,0.0,0.0,0.0,0.0,0.0,0.0,0.0
1656,NC(=O)Cc1cccc(C(=O)c2ccccc2)c1N,0.0,0.0,0.0,0.0,0.0,,0.0,0.0,0.0,0.0,0.0,0.0
1657,Nc1c2c(nc3ccccc13)CCCC2,0.0,0.0,0.0,0.0,0.0,1.0,0.0,0.0,0.0,0.0,0.0,0.0
1658,Nc1cc(C(Cl)=C(Cl)Cl)c(S(N)(=O)=O)cc1S(N)(=O)=O,0.0,0.0,0.0,0.0,0.0,0.0,0.0,0.0,0.0,0.0,0.0,0.0
1659,CCOC(=O)c1cccc(N)c1.CS(=O)(=O)O,0.0,0.0,0.0,,0.0,,0.0,,0.0,0.0,0.0,0.0
1660,Nc1cc(N2CCCCC2)nc(N)[n+]1[O-],0.0,0.0,0.0,0.0,0.0,0.0,0.0,0.0,0.0,0.0,0.0,0.0
1661,CCN(CC)CCNC(=O)c1cc(Br)c(N)cc1OC,0.0,0.0,0.0,0.0,0.0,,0.0,0.0,0.0,0.0,0.0,0.0
1662,CCN(CC)CCNC(=O)c1cc(Cl)c(N)cc1OC,0.0,0.0,0.0,0.0,0.0,0.0,0.0,0.0,0.0,0.0,0.0,0.0
1663,Nc1ccc(C(=O)N2CC3CC(CN(Cc4ccccc4)C3)C2)cc1,0.0,,0.0,,,,,,,,,
1664,CCOC(=O)c1ccc(N)cc1,0.0,0.0,0.0,,0.0,,0.0,,0.0,0.0,0.0,0.0
1665,CC(C)COC(=O)c1ccc(N)cc1,0.0,0.0,0.0,0.0,,,0.0,1.0,0.0,0.0,,0.0
1666,Nc1ccc(C(=O)OCC(O)CO)cc1,0.0,,0.0,,,,,,,,,
1667,CCCOC(=O)c1ccc(N)cc1,0.0,0.0,0.0,0.0,0.0,,0.0,,0.0,0.0,0.0,0.0
1668,CCCCOC(=O)c1ccc(N)cc1,0.0,0.0,0.0,0.0,0.0,1.0,0.0,1.0,,0.0,1.0,0.0
1669,CCCCN(CCCC)CCCOC(=O)c1ccc(N)cc1,0.0,0.0,0.0,0.0,0.0,0.0,0.0,0.0,0.0,0.0,0.0,0.0
1670,N=C(N)NS(=O)(=O)c1ccc(N)cc1,0.0,0.0,0.0,0.0,0.0,0.0,0.0,0.0,0.0,0.0,0.0,0.0
1671,Nc1ccc(S(=O)(=O)NC(=O)c2ccccc2)cc1,0.0,0.0,0.0,0.0,0.0,0.0,0.0,0.0,0.0,0.0,0.0,0.0
1672,CCCCNC(=O)NS(=O)(=O)c1ccc(N)cc1,0.0,0.0,0.0,0.0,0.0,0.0,0.0,0.0,0.0,0.0,0.0,0.0
1673,CC(=O)NS(=O)(=O)c1ccc(N)cc1,0.0,0.0,0.0,0.0,0.0,0.0,0.0,0.0,0.0,0.0,0.0,0.0
1674,NC(=O)NS(=O)(=O)c1ccc(N)cc1,0.0,1.0,0.0,,0.0,0.0,,,0.0,0.0,0.0,1.0
1675,Nc1ccc(S(=O)(=O)Nc2ccccc2)cc1,0.0,0.0,0.0,0.0,0.0,0.0,0.0,0.0,0.0,0.0,0.0,0.0
1676,Nc1ccc(S(=O)(=O)Nc2ccnn2-c2ccccc2)cc1,0.0,0.0,0.0,0.0,0.0,0.0,0.0,0.0,0.0,0.0,0.0,0.0
1677,Nc1ccc(S(=O)(=O)NCc2ccccc2)cc1,0.0,0.0,0.0,0.0,0.0,0.0,0.0,0.0,0.0,0.0,0.0,0.0
1678,Nc1ccc(S(N)(=O)=O)cc1,0.0,0.0,0.0,1.0,0.0,0.0,0.0,0.0,0.0,0.0,0.0,0.0
1679,Nc1ccncc1,0.0,0.0,0.0,0.0,0.0,0.0,0.0,0.0,0.0,0.0,0.0,0.0
1680,COC(=O)CCCCC(CCSS/C(CCO)=C(\C)N(C=O)Cc1cnc(C)nc1N)SC(C)=O,0.0,,0.0,,,,,,,,,
1681,Cc1ncc(CNC(=O)N(CCCl)N=O)c(N)n1,0.0,0.0,0.0,0.0,0.0,0.0,0.0,0.0,0.0,0.0,0.0,0.0
1682,Nc1nc(N)nc(-c2cc(Cl)ccc2Cl)n1.O=C(O)/C=C\C(=O)O,0.0,0.0,0.0,0.0,0.0,0.0,0.0,0.0,0.0,0.0,0.0,0.0
1683,Nc1ncnc2[nH]cnc12,1.0,0.0,0.0,,0.0,0.0,0.0,0.0,0.0,0.0,0.0,0.0
1684,Nc1nc2c(ncn2COCCO)c(=O)[nH]1,0.0,0.0,0.0,0.0,0.0,0.0,0.0,0.0,0.0,0.0,0.0,0.0
1685,C/C(=C(\CCOC(=O)C(C)C)SS/C(CCOC(=O)C(C)C)=C(/C)N(C=O)Cc1cnc(C)nc1N)N(C=O)Cc1cnc(C)nc1N,0.0,,0.0,,,,,,,,,
1686,CC(=C(CCOP(=O)(O)O)SC(=O)c1ccccc1)N(C=O)Cc1cnc(C)nc1N,0.0,,0.0,,,,,,,,,
1687,COc1cc2nc(Cl)nc(N)c2cc1OC,0.0,,0.0,,,,,,,,,
1688,COc1cc(Cc2cnc(N)nc2N)cc(OC)c1OC,0.0,0.0,0.0,0.0,0.0,0.0,0.0,0.0,0.0,0.0,0.0,0.0
1689,COc1cc(C)c(Cc2cnc(N)nc2N)cc1OC,0.0,0.0,0.0,0.0,0.0,0.0,0.0,0.0,0.0,0.0,0.0,0.0
1690,COc1ccc(Cc2cnc(N)nc2N)cc1OC,0.0,0.0,0.0,0.0,0.0,0.0,0.0,0.0,0.0,0.0,0.0,0.0
1691,Nc1nnnn1-c1ccccc1,0.0,0.0,0.0,0.0,0.0,0.0,0.0,0.0,0.0,0.0,0.0,0.0
1692,C=CCn1c(=O)n([C@@H]2O[C@H](CO)[C@@H](O)[C@H]2O)c2nc(N)[nH]c(=O)c21,0.0,0.0,0.0,0.0,0.0,0.0,0.0,0.0,0.0,0.0,0.0,0.0
1693,Nc1nc(F)nc2c1ncn2[C@@H]1O[C@H](CO)[C@@H](O)[C@@H]1O,0.0,0.0,1.0,0.0,0.0,0.0,0.0,0.0,0.0,1.0,0.0,0.0
1694,COc1nc(N)nc2c1ncn2[C@@H]1O[C@H](CO)[C@@H](O)[C@@H]1O,0.0,0.0,0.0,,0.0,,,0.0,0.0,0.0,0.0,0.0
1695,Nc1ncnc2c1ncn2[C@@H]1O[C@H](CO)[C@@H](O)[C@H]1O,0.0,0.0,0.0,0.0,0.0,0.0,0.0,0.0,0.0,0.0,0.0,0.0
1696,Nc1ncnc2c1ncn2[C@@H]1O[C@@H]2COP(=O)(O)O[C@H]2[C@H]1O,0.0,0.0,0.0,0.0,0.0,0.0,0.0,0.0,0.0,0.0,0.0,0.0
1697,NCC(=O)O,0.0,,0.0,,,,,,,,,
1698,NCC[C@H](O)C(=O)N[C@@H]1C[C@H](N)[C@@H](O[C@H]2O[C@H](CN)[C@@H](O)[C@H](O)[C@H]2O)[C@H](O)[C@H]1O[C@H]1O[C@H](CO)[C@@H](O)[C@H](N)[C@H]1O,0.0,0.0,0.0,0.0,0.0,0.0,0.0,1.0,0.0,0.0,0.0,0.0
1699,NCC1(CC(=O)O)CCCCC1,0.0,0.0,0.0,0.0,0.0,0.0,0.0,0.0,0.0,0.0,0.0,0.0
1700,CCN1CCCC1CN,0.0,,0.0,,,,,,,,,
1701,NCc1cccnc1,0.0,0.0,0.0,0.0,0.0,0.0,0.0,0.0,0.0,0.0,0.0,0.0
1702,NCc1ccccc1Sc1ccccc1CO,0.0,0.0,0.0,0.0,0.0,0.0,0.0,0.0,0.0,0.0,0.0,0.0
1703,C[C@@H]1NC(=O)[C@@H](N)CNC(=O)[C@H]([C@@H]2CCNC(N)=N2)NC(=O)/C(=C/NC(N)=O)NC(=O)[C@H](CNC(=O)C[C@@H](N)CCCN)NC1=O,0.0,,0.0,,,,,,,,,
1704,NCCc1cnc[nH]1,0.0,0.0,0.0,0.0,0.0,0.0,0.0,0.0,0.0,0.0,0.0,0.0
1705,NCCCCCC(=O)O,0.0,,0.0,,,,,,,,,
1706,NCCNCCNCCN,0.0,0.0,0.0,0.0,0.0,0.0,0.0,,0.0,0.0,0.0,0.0
1707,NCCS(=O)(=O)O,0.0,0.0,1.0,0.0,0.0,1.0,1.0,0.0,0.0,0.0,0.0,0.0
1708,NNc1nnc(NN)c2ccccc12,0.0,,0.0,,,,,,,,,
1709,CC1Cc2ccccc2N1NC(=O)c1ccc(Cl)c(S(N)(=O)=O)c1,0.0,0.0,0.0,0.0,0.0,0.0,0.0,0.0,0.0,0.0,0.0,0.0
1710,NS(=O)(=O)c1cc(C(=O)NN2C[C@H]3[C@H]4CCC(C4)[C@H]3C2)ccc1Cl,0.0,,0.0,,,,,,,,,
1711,CCN[C@H]1CN(CCCOC)S(=O)(=O)c2sc(S(N)(=O)=O)cc21,0.0,0.0,0.0,0.0,0.0,0.0,0.0,0.0,0.0,0.0,0.0,0.0
1712,Cc1ccccc1N1C(=O)c2cc(S(N)(=O)=O)c(Cl)cc2NC1C,0.0,0.0,0.0,0.0,0.0,0.0,0.0,0.0,0.0,0.0,0.0,0.0
1713,NS(=O)(=O)c1cc2c(cc1Cl)CN(C1CCCCC1)C2=O,0.0,,0.0,,,,,,,,,
1714,CCC1NC(=O)c2cc(S(N)(=O)=O)c(Cl)cc2N1,0.0,0.0,0.0,0.0,0.0,0.0,,0.0,0.0,0.0,0.0,0.0
1715,COc1ccc(-c2cc(C(F)F)nn2-c2ccc(S(N)(=O)=O)cc2)cc1F,0.0,0.0,1.0,0.0,0.0,0.0,,0.0,0.0,0.0,0.0,0.0
1716,NS(=O)(=O)c1cc(C(=O)O)c(NCc2ccco2)cc1Cl,0.0,0.0,0.0,0.0,0.0,0.0,0.0,1.0,0.0,0.0,0.0,0.0
1717,NS(=O)(=O)c1cc(-c2nnn[nH]2)c(NCc2cccs2)cc1Cl,0.0,0.0,1.0,0.0,0.0,0.0,,0.0,0.0,0.0,0.0,0.0
1718,Cc1cc2c(cc1S(N)(=O)=O)S(=O)(=O)CCC2,0.0,0.0,0.0,0.0,0.0,0.0,0.0,0.0,0.0,0.0,0.0,0.0
1719,CN1C(CCl)Nc2cc(Cl)c(S(N)(=O)=O)cc2S1(=O)=O,0.0,0.0,1.0,0.0,0.0,0.0,,0.0,0.0,0.0,0.0,0.0
1720,CCC1Nc2cc(Cl)c(S(N)(=O)=O)cc2S(=O)(=O)N1,0.0,0.0,0.0,0.0,0.0,0.0,0.0,0.0,0.0,0.0,0.0,0.0
1721,C=CCSCC1Nc2cc(Cl)c(S(N)(=O)=O)cc2S(=O)(=O)N1,0.0,0.0,0.0,0.0,0.0,0.0,0.0,1.0,0.0,0.0,0.0,0.0
1722,NS(=O)(=O)c1cc2c(cc1Cl)NCNS2(=O)=O,0.0,0.0,0.0,0.0,0.0,0.0,0.0,0.0,0.0,0.0,0.0,0.0
1723,NS(=O)(=O)c1cc2c(cc1Cl)N=C(CSCc1ccccc1)NS2(=O)=O,0.0,0.0,0.0,0.0,0.0,0.0,0.0,0.0,0.0,0.0,0.0,0.0
1724,NS(=O)(=O)c1cc2c(cc1Cl)NC(CC1CCCC1)NS2(=O)=O,0.0,0.0,0.0,0.0,0.0,0.0,0.0,0.0,0.0,0.0,0.0,0.0
1725,NS(=O)(=O)c1cc2c(cc1Cl)NC(C1CC3C=CC1C3)NS2(=O)=O,0.0,0.0,0.0,0.0,0.0,0.0,0.0,0.0,0.0,0.0,0.0,0.0
1726,NS(=O)(=O)Cc1noc2ccccc12,0.0,0.0,0.0,0.0,0.0,0.0,0.0,0.0,0.0,0.0,0.0,0.0
1727,CC1(C)O[C@@H]2[C@@H](CO[C@@]3(COS(N)(=O)=O)OC(C)(C)O[C@@H]23)O1,0.0,0.0,0.0,0.0,0.0,0.0,0.0,0.0,0.0,0.0,0.0,0.0
1728,c1ccc(C2CC2)c(OCC2=NCCN2)c1,0.0,0.0,0.0,0.0,0.0,0.0,0.0,0.0,0.0,0.0,0.0,0.0
1729,CC(N/C(=N\C#N)Nc1ccncc1)C(C)(C)C.O,0.0,0.0,0.0,,0.0,0.0,0.0,0.0,0.0,0.0,0.0,0.0
1730,CS(=O)(=O)O.C[C@H]1NCc2cc(-c3ccc4c(=O)c(C(=O)O)cn(C5CC5)c4c3OC(F)F)ccc21.O,0.0,,0.0,,,,,,,,,
1731,C[C@](N)(Cc1ccc(O)c(O)c1)C(=O)O.C[C@](N)(Cc1ccc(O)c(O)c1)C(=O)O.O.O.O,0.0,0.0,0.0,0.0,0.0,0.0,0.0,0.0,0.0,0.0,0.0,0.0
1732,CC(=O)Nc1c(I)c(NC(C)=O)c(I)c(C(=O)O)c1I.O.O,0.0,0.0,0.0,0.0,0.0,0.0,0.0,0.0,0.0,0.0,0.0,0.0
1733,O.O=C(O)[C@@H]1[C@H]2C[C@H]3c4[nH]c5ccccc5c4CCN3C[C@@H]2CC[C@@H]1O,0.0,0.0,0.0,0.0,0.0,,,0.0,0.0,0.0,0.0,0.0
1734,O.O=P1(N(CCCl)CCCl)NCCCO1,0.0,0.0,0.0,0.0,0.0,0.0,0.0,1.0,0.0,0.0,0.0,0.0
1735,Cc1ncc(COP(=O)(O)O)c(C=O)c1O.O,0.0,,0.0,,,,,,,,,
1736,C[C@@H]1C[C@H]2[C@@H]3C[C@H](F)C4=CC(=O)C(Cl)=C[C@]4(C)[C@@]3(F)[C@@H](O)C[C@]2(C)[C@@]1(O)C(=O)CO.O,0.0,1.0,0.0,,0.0,0.0,,0.0,0.0,0.0,0.0,1.0
1737,COc1cccc([C@@]2(O)CCCC[C@@H]2CN(C)C)c1,0.0,0.0,0.0,0.0,0.0,0.0,0.0,0.0,0.0,0.0,0.0,0.0
1738,CC(=O)N[C@H]1[C@H]([C@H](O)[C@H](O)CO)OC(C(=O)O)=C[C@@H]1NC(=N)N,0.0,0.0,0.0,0.0,0.0,0.0,0.0,0.0,0.0,0.0,0.0,0.0
1739,O=C(O)[C@@H](O)[C@H](O)[C@H](O)[C@@H](O)C(=O)O,0.0,0.0,0.0,0.0,0.0,0.0,0.0,0.0,0.0,0.0,0.0,0.0
1740,CCCCCCC(=O)CCCCCC/C=C/C[C@@H](O)[C@H](O)[C@@](N)(CO)C(=O)O,0.0,0.0,0.0,0.0,0.0,0.0,0.0,0.0,0.0,0.0,0.0,0.0
1741,O=C(O)[C@H](O)c1ccccc1,0.0,0.0,0.0,0.0,0.0,0.0,0.0,,0.0,0.0,0.0,0.0
1742,O[C@H]1[C@H](O)[C@@H](O)[C@H](O)[C@@H](O)[C@H]1O,0.0,0.0,0.0,0.0,0.0,0.0,,0.0,0.0,0.0,0.0,0.0
1743,CC(=O)N1C[C@H](O)C[C@H]1C(=O)O,0.0,1.0,0.0,0.0,,,0.0,1.0,0.0,0.0,0.0,1.0
1744,CCCCC[C@H](O)/C=C/[C@H]1[C@H](O)CC(=O)[C@@H]1C/C=C\CCCC(=O)O,0.0,0.0,0.0,0.0,,0.0,0.0,,0.0,0.0,0.0,
1745,C[C@@H](c1ncncc1F)[C@](O)(Cn1cncn1)c1ccc(F)cc1F,0.0,0.0,0.0,0.0,0.0,,0.0,0.0,0.0,0.0,0.0,0.0
1746,OC[C@@H](O)[C@H](O)[C@H](O)[C@@H](O)CO,0.0,0.0,0.0,0.0,0.0,0.0,0.0,0.0,0.0,0.0,0.0,0.0
1748,OC[C@@H](O)[C@@H](O)[C@H](O)[C@H](O)CO,0.0,0.0,0.0,0.0,0.0,0.0,0.0,0.0,0.0,0.0,0.0,0.0
1749,O=C(CO)[C@@H](O)[C@H](O)[C@@H](O)CO,0.0,,0.0,,,,,,,,,
1750,C[C@@H](O)[C@H]1C(=O)N2C(C(=O)O)=C(SCCNC=N)C[C@H]12,0.0,0.0,0.0,0.0,0.0,0.0,0.0,0.0,0.0,0.0,0.0,0.0
1751,C[C@@H](O)[C@H]1C(=O)N2C(C(=O)O)=C(S[C@@H]3CN[C@H](CNS(N)(=O)=O)C3)[C@H](C)[C@H]12,0.0,0.0,0.0,0.0,0.0,0.0,0.0,,0.0,0.0,0.0,0.0
1752,C[C@@H](O)[C@H]1C(=O)N2C(C(=O)O)=C(S[C@@H]3CN[C@H](C(=O)N(C)C)C3)[C@H](C)[C@H]12,0.0,0.0,0.0,0.0,0.0,0.0,,0.0,0.0,0.0,0.0,0.0
1754,C[C@H](N)[C@H](O)c1cccc(O)c1.O=C(O)[C@@H](O)[C@@H](O)C(=O)O,0.0,,0.0,,,,,,,,,
1755,[O-][n+]1cccc(/C(Cl)=N/OC[C@H](O)CN2CCCCC2)c1,0.0,,0.0,,,,,,,,,
1756,CC(C)(C)NC(=O)[C@@H]1CN(Cc2cccnc2)CCN1C[C@@H](O)C[C@@H](Cc1ccccc1)C(=O)N[C@H]1c2ccccc2C[C@H]1O.O=S(=O)(O)O,0.0,,0.0,,0.0,0.0,0.0,,0.0,0.0,0.0,0.0
1757,CC(C)(C)NC[C@H](O)COc1nsnc1N1CCOCC1,0.0,0.0,0.0,0.0,0.0,0.0,0.0,0.0,0.0,0.0,0.0,0.0
1758,OCC(CO)N[C@H]1C[C@](O)(CO)[C@@H](O)[C@H](O)[C@H]1O,0.0,0.0,1.0,0.0,0.0,0.0,0.0,0.0,0.0,0.0,0.0,0.0
1759,OC[C@H]1O[C@H](O[C@]2(CCl)O[C@H](CCl)[C@@H](O)[C@@H]2O)[C@H](O)[C@@H](O)[C@H]1Cl,0.0,0.0,0.0,0.0,0.0,0.0,0.0,0.0,0.0,0.0,0.0,0.0
1760,O[C@@H]1CO[C@H]2[C@@H]1OC[C@@H]2O,0.0,0.0,0.0,0.0,0.0,0.0,0.0,0.0,0.0,0.0,0.0,0.0
1761,CN(N=O)C(=O)N[C@@H]1[C@@H](O)[C@H](O)[C@@H](CO)O[C@@H]1O,0.0,0.0,0.0,0.0,0.0,0.0,0.0,0.0,0.0,0.0,0.0,0.0
1762,OC[C@H]1O[C@@H](O[C@@H]2[C@@H](CO)O[C@](O)(CO)[C@H]2O)[C@H](O)[C@@H](O)[C@H]1O,0.0,0.0,0.0,0.0,0.0,0.0,0.0,0.0,0.0,0.0,0.0,0.0
1763,C[C@H]1C[C@H](O)c2ccsc2S1(=O)=O,0.0,,0.0,,,,,,,,,
1764,Cc1cc(=O)oc2cc(O[C@@H]3SC[C@@H](O)[C@H](O)[C@H]3O)ccc12,0.0,,0.0,,,,,,,,,
1765,O=[N+]([O-])O.[NH3+]c1ccccc1,0.0,0.0,0.0,0.0,0.0,0.0,0.0,0.0,0.0,0.0,0.0,0.0
1766,Nc1ccc([As](=O)(O)O)cc1,0.0,0.0,0.0,0.0,0.0,0.0,0.0,0.0,0.0,0.0,0.0,0.0
1767,NC(=O)c1cc([N+](=O)[O-])cc([N+](=O)[O-])c1,0.0,0.0,1.0,0.0,0.0,0.0,0.0,,0.0,0.0,0.0,0.0
1768,NC(=O)N/N=C/c1ccc([N+](=O)[O-])o1,0.0,0.0,1.0,0.0,0.0,0.0,1.0,0.0,0.0,0.0,0.0,0.0
1769,CC(C)NCC(O)c1ccc([N+](=O)[O-])cc1,0.0,0.0,0.0,0.0,0.0,0.0,0.0,0.0,0.0,0.0,0.0,0.0
1770,Nc1ccc([N+](=O)[O-])c(C(F)(F)F)c1,0.0,,0.0,,,,,,,,,
1771,O=C1CN(N=Cc2ccc([N+](=O)[O-])o2)C(=O)N1,0.0,0.0,1.0,,0.0,0.0,1.0,0.0,,0.0,0.0,
1772,O=C(N/N=C/c1ccc([N+](=O)[O-])o1)c1cc([N+](=O)[O-])cc([N+](=O)[O-])c1O,0.0,0.0,1.0,,0.0,,,0.0,0.0,0.0,0.0,0.0
1773,Cn1cnc([N+](=O)[O-])c1Sc1ncnc2nc[nH]c12,0.0,0.0,1.0,,0.0,1.0,,0.0,0.0,1.0,0.0,0.0
1774,C[C@@H](CSC(=O)c1ccccc1)C(=O)N1C[C@@H](Sc2ccccc2)C[C@H]1C(=O)O,0.0,0.0,0.0,0.0,0.0,0.0,0.0,0.0,0.0,0.0,0.0,0.0
1775,CC(C(=O)c1ccccc1)N(C)C,0.0,,0.0,,,,,,,,,
1776,CC(=O)N[C@@H](CC(C)C)C(=O)O,0.0,0.0,0.0,0.0,0.0,0.0,0.0,,0.0,0.0,0.0,0.0
1777,CC(=O)N[C@@H](CCC(=O)O)C(=O)O,0.0,0.0,0.0,0.0,0.0,,0.0,,0.0,0.0,0.0,0.0
1778,CC(=O)N1CCN(c2ccc(O)cc2)CC1,0.0,,1.0,,,,,,,,,
1779,CC(=O)NC(CCC(N)=O)C(=O)O,0.0,0.0,0.0,0.0,0.0,0.0,0.0,0.0,0.0,0.0,0.0,0.0
1780,CC(=O)NCc1c(I)c(NC(C)=O)c(I)c(C(=O)O)c1I,0.0,0.0,0.0,0.0,0.0,0.0,0.0,1.0,0.0,0.0,0.0,0.0
1781,CC(=O)Nc1c(I)cc(I)c(C(=O)O)c1I,0.0,0.0,0.0,0.0,0.0,0.0,0.0,0.0,0.0,0.0,0.0,0.0
1782,CC(=O)Nc1ccc(/C=N/NC(N)=S)cc1,0.0,1.0,0.0,,0.0,0.0,0.0,0.0,0.0,0.0,0.0,0.0
1783,CC(=O)Nc1ccc(C(=O)O)cc1,0.0,0.0,0.0,0.0,0.0,0.0,0.0,0.0,0.0,0.0,0.0,0.0
1784,CC(=O)Nc1ccc(CC(=O)O)cc1,0.0,0.0,0.0,0.0,0.0,0.0,0.0,0.0,0.0,0.0,0.0,0.0
1785,CC(=O)Nc1ncc([N+](=O)[O-])s1,0.0,0.0,0.0,0.0,0.0,0.0,,0.0,0.0,0.0,0.0,0.0
1786,CC(=O)OC[C@H]1O[C@@H](OC(C)=O)[C@H](OC(C)=O)[C@@H]1OC(C)=O,0.0,,0.0,,,,,,,,,
1787,CC(=O)OCC(COC(C)=O)OC(C)=O,0.0,0.0,0.0,0.0,0.0,1.0,0.0,1.0,0.0,0.0,0.0,0.0
1788,CC(=O)Oc1cccc(C)c1,0.0,,0.0,,,,,,,,,
1789,CC(=O)Oc1ccc(C)cc1,0.0,0.0,0.0,0.0,0.0,0.0,0.0,0.0,0.0,0.0,0.0,0.0
1790,C/C=C(C(=C/C)/c1ccc(OC(C)=O)cc1)\c1ccc(OC(C)=O)cc1,1.0,,1.0,,,,,,,,,
1791,CC(=O)Oc1cccc(O)c1,0.0,0.0,0.0,0.0,0.0,0.0,0.0,0.0,0.0,0.0,0.0,0.0
1792,CC(=O)Oc1ccccc1C(=O)O,0.0,0.0,0.0,0.0,0.0,0.0,0.0,0.0,0.0,0.0,0.0,0.0
1793,CSc1ccc(C(=O)c2[nH]c(=O)[nH]c2C)cc1,0.0,0.0,0.0,0.0,0.0,0.0,0.0,,0.0,0.0,0.0,0.0
1794,COC(=O)Nc1nc2cc(C(=O)c3cccs3)ccc2[nH]1,0.0,,1.0,,,1.0,1.0,0.0,,1.0,1.0,
1795,COc1ccc(C(=O)c2ccccc2)c(O)c1,0.0,0.0,0.0,0.0,1.0,1.0,0.0,1.0,0.0,0.0,0.0,0.0
1796,CCCCCCCCOc1ccc(C(=O)c2ccccc2)c(O)c1,0.0,1.0,0.0,0.0,0.0,0.0,0.0,0.0,0.0,0.0,0.0,0.0
1797,O=C(c1ccccc1)c1ccccc1,0.0,1.0,0.0,0.0,0.0,0.0,0.0,1.0,0.0,0.0,0.0,0.0
1798,CCC(=O)c1c(O)cc(O)cc1O,0.0,0.0,0.0,0.0,0.0,1.0,1.0,0.0,0.0,0.0,0.0,0.0
1799,CCC(=O)N(c1ccccc1)C1CCNCC1,0.0,,0.0,,,,,,,,,
1800,CN(C(=O)Cc1ccccc1)[C@H]1CC[C@@]2(CCCO2)C[C@@H]1N1CCCC1,0.0,0.0,0.0,0.0,0.0,0.0,,0.0,0.0,0.0,0.0,0.0
1801,NC(=O)NC(=O)Cc1ccccc1,0.0,0.0,0.0,0.0,0.0,0.0,0.0,1.0,0.0,0.0,0.0,0.0
1802,O=C(CCBr)N1CCN(C(=O)CCBr)CC1,0.0,,1.0,,,,,,,,,
1803,O=C(O)CCC(=O)c1ccc(-c2ccccc2)cc1,0.0,0.0,0.0,,0.0,,,0.0,0.0,0.0,0.0,
1804,CCCCCCCC(=O)OCC(COC(=O)CCCCCCC)OC(=O)CCCCCCC,0.0,0.0,0.0,0.0,0.0,0.0,0.0,0.0,0.0,0.0,0.0,0.0
1805,CCCCOC(=O)CCCCCCCCC(=O)OCCCC,0.0,0.0,0.0,0.0,0.0,0.0,0.0,0.0,0.0,0.0,0.0,0.0
1806,CCCCCCCCCCCCCCCC(=O)NCCO,0.0,0.0,0.0,0.0,0.0,0.0,0.0,0.0,0.0,0.0,0.0,0.0
1807,CCOC(=O)C(=O)CCCCCCl,0.0,,0.0,,,,,,,,,
1808,O=C(CCCCl)c1ccc(F)cc1,0.0,,0.0,,,,,,,,,
1809,CCN(CC)CC1CCCCN1CC(=O)N1c2ccccc2C(=O)Nc2cccnc21,0.0,0.0,0.0,0.0,0.0,0.0,0.0,0.0,0.0,0.0,0.0,0.0
1810,CN1CCN(CC(=O)N2c3ccccc3C(=O)Nc3cccnc32)CC1,0.0,0.0,0.0,0.0,0.0,0.0,0.0,0.0,0.0,0.0,0.0,0.0
1811,COc1ccc(C(=O)N2CCN(CC(=O)N3CCOCC3)CC2)cc1,0.0,0.0,0.0,0.0,0.0,,0.0,0.0,0.0,0.0,0.0,0.0
1812,O=C(Cn1ccnc1[N+](=O)[O-])NCc1ccccc1,0.0,0.0,0.0,0.0,0.0,0.0,0.0,0.0,0.0,0.0,0.0,0.0
1813,O=C(Cn1ccnc1[N+](=O)[O-])NCCO,0.0,0.0,0.0,0.0,0.0,0.0,,0.0,0.0,0.0,0.0,0.0
1814,O=C(CN1CCNCC1)NC1CCCCC1,0.0,0.0,0.0,0.0,0.0,0.0,0.0,0.0,0.0,0.0,0.0,0.0
1815,CC(=O)c1ccc(O)c(C(N)=O)c1,0.0,,0.0,,,,,,,,,
1816,NC(=O)c1ccccc1O,0.0,0.0,0.0,0.0,0.0,0.0,0.0,0.0,0.0,0.0,0.0,0.0
1817,NC(=O)CC[C@@H](N)C(=O)O,0.0,0.0,0.0,0.0,0.0,0.0,0.0,0.0,0.0,0.0,0.0,0.0
1818,NC(=O)N[C@@H](CCC(=O)O)C(=O)O,0.0,0.0,0.0,0.0,0.0,,0.0,0.0,0.0,0.0,0.0,0.0
1819,NC(=O)Nc1ccc([As](=O)(O)O)cc1,0.0,0.0,0.0,0.0,0.0,0.0,0.0,0.0,0.0,0.0,0.0,0.0
1820,NC(=O)NC1N=C(O[Al](O)O)NC1=O,0.0,,0.0,,,,,,,,,
1821,CCC(C)C(C)(COC(N)=O)COC(N)=O,0.0,,0.0,,,,,,,,,
1822,COc1ccc(/C=N/NC(=O)c2ccncc2)cc1OC,0.0,0.0,0.0,0.0,0.0,1.0,0.0,0.0,0.0,0.0,0.0,0.0
1823,C/C(=N/NC(=O)c1ccncc1)C(=O)O,0.0,,0.0,,,,,,,,,
1824,CN1CCN(C(=O)C2CCCCC2)CC1,0.0,0.0,0.0,0.0,0.0,0.0,0.0,0.0,0.0,0.0,0.0,0.0
1825,CCN(CC)C(=O)N1CCN(C)CC1.O=C(O)CC(O)(CC(=O)O)C(=O)O,0.0,1.0,0.0,,0.0,0.0,0.0,0.0,0.0,0.0,0.0,0.0
1826,O=C(c1ccco1)N1CCNCC1,0.0,,0.0,,,,,,,,,
1827,CC(=O)NC(=O)c1ccccc1O,0.0,0.0,0.0,0.0,0.0,0.0,0.0,0.0,0.0,0.0,0.0,0.0
1828,CC(C)NC(=O)c1ccc(C=O)cc1,0.0,,0.0,,,,,,,,,
1829,CCCC(C)(COC(N)=O)COC(=O)NC(C)C,0.0,0.0,0.0,0.0,0.0,0.0,0.0,0.0,0.0,0.0,0.0,0.0
1830,CCCN(CCC)C(=O)C(CCC(=O)O)NC(=O)c1ccccc1,0.0,0.0,0.0,0.0,0.0,0.0,0.0,0.0,0.0,0.0,0.0,0.0
1831,CCN(CC)CC(=O)Nc1c(C)cccc1C(=O)OC,0.0,,0.0,,,,,,,,,
1832,CC[N+](CC)(CC(=O)Nc1c(C)cccc1C)Cc1ccccc1.O=C([O-])c1ccccc1,0.0,0.0,0.0,0.0,0.0,0.0,,0.0,0.0,0.0,0.0,0.0
1833,Cc1cccc(C)c1NC(=O)c1ccc(N)cc1,0.0,,0.0,,,,,,,,,
1834,Cc1cccc(C)c1NC(=O)c1ccccc1C(=O)O,0.0,0.0,0.0,0.0,0.0,,0.0,,0.0,0.0,0.0,0.0
1835,Cc1cccc(C)c1NC(=O)CN(CC(=O)O)CC(=O)O,0.0,0.0,0.0,0.0,0.0,,0.0,0.0,0.0,0.0,0.0,0.0
1836,CCN(CC)CC(=O)Nc1c(C)cccc1C,0.0,0.0,0.0,0.0,0.0,0.0,0.0,0.0,0.0,0.0,0.0,0.0
1837,Cc1cccc(C)c1NC(=O)CN1CCCC1,0.0,0.0,0.0,0.0,0.0,,0.0,0.0,0.0,0.0,0.0,0.0
1838,CNC(=N)NC(=O)Nc1c(C)cccc1C,0.0,0.0,0.0,0.0,0.0,0.0,0.0,0.0,0.0,0.0,0.0,0.0
1839,CCc1cccc(CC)c1NC(=O)CN(CC(=O)O)CC(=O)O,0.0,0.0,0.0,0.0,0.0,0.0,0.0,0.0,0.0,0.0,0.0,0.0
1840,COCC(=O)Nc1c(I)c(C(=O)NCC(O)CO)c(I)c(C(=O)N(C)CC(O)CO)c1I,0.0,,0.0,,,,,,,,,
1841,C[C@H](O)C(=O)Nc1c(I)c(C(=O)NC(CO)CO)c(I)c(C(=O)NC(CO)CO)c1I,0.0,1.0,0.0,,0.0,0.0,0.0,0.0,0.0,0.0,0.0,0.0
1842,CNC(=O)c1c(I)c(NC(=O)CCCCC(=O)Nc2c(I)c(C(=O)O)c(I)c(C(=O)NC)c2I)c(I)c(C(=O)O)c1I,0.0,,0.0,,,,,,,,,
1843,O=C(CCOCCOCCOCCOCCC(=O)Nc1c(I)cc(I)c(C(=O)O)c1I)Nc1c(I)cc(I)c(C(=O)O)c1I,0.0,,0.0,,,,,,,,,
1844,CC(C)C(=O)Nc1ccc([N+](=O)[O-])c(C(F)(F)F)c1,0.0,0.0,1.0,1.0,0.0,0.0,1.0,,0.0,0.0,0.0,0.0
1845,CC(C)C(=O)Nc1cccc(C(F)(F)F)c1,0.0,,0.0,,,,,,,,,
1846,O=C(Nc1ccc(Cl)c(Cl)c1)C1CC1,0.0,0.0,1.0,0.0,0.0,1.0,,,0.0,,0.0,0.0
1847,CC(C)(C)NCC(O)COc1ccc(NC(=O)NC2CCCCC2)cc1,0.0,0.0,0.0,,0.0,,,,0.0,0.0,0.0,0.0
1848,Cc1ccc(S(=O)(=O)NC(=O)NC2CCCCC2)cc1,0.0,0.0,0.0,0.0,0.0,0.0,0.0,0.0,0.0,0.0,0.0,0.0
1849,CC(=O)c1ccc(S(=O)(=O)NC(=O)NC2CCCCC2)cc1,0.0,0.0,0.0,0.0,0.0,0.0,0.0,0.0,0.0,0.0,0.0,0.0
1850,COc1ccc2c(c1)C(=O)N(CCc1ccc(S(=O)(=O)NC(=O)NC3CCCCC3)cc1)C(=O)C2(C)C,0.0,0.0,1.0,0.0,0.0,0.0,,0.0,0.0,0.0,0.0,0.0
1851,COc1cc(C(=O)NC2CCCNC2)cc(OC)c1OC,0.0,0.0,0.0,0.0,0.0,0.0,0.0,0.0,0.0,0.0,0.0,0.0
1852,CO/N=C(\C(=O)O)c1csc(NC(=O)CCl)n1,0.0,,1.0,,,,,,,,,
1853,N[C@@H](CCC(=O)N[C@@H](CS)C(=O)NCC(=O)O)C(=O)O,0.0,0.0,0.0,0.0,0.0,0.0,0.0,0.0,0.0,0.0,0.0,0.0
1854,Nc1ccc(C(=O)NCC(=O)O)cc1,0.0,0.0,0.0,0.0,0.0,0.0,0.0,0.0,0.0,0.0,0.0,0.0
1855,O=C(O)CNC(=O)c1ccccc1,0.0,0.0,0.0,0.0,0.0,0.0,0.0,0.0,0.0,0.0,0.0,0.0
1856,O=C(O)CNC(=O)c1ccccc1I,0.0,0.0,0.0,0.0,0.0,0.0,0.0,0.0,0.0,0.0,0.0,0.0
1857,CCNC(=O)[C@@H]1CCCN1C(=O)[C@H](CCCNC(=N)N)NC(=O)[C@H](CC(C)C)NC(=O)CNC(=O)[C@H](Cc1ccc(O)cc1)NC(=O)[C@H](CO)NC(=O)[C@H](Cc1c[nH]c2ccccc12)NC(=O)[C@H](Cc1cnc[nH]1)NC(=O)[C@@H]1CCC(=O)N1,0.0,,0.0,,,,,,,,,
1858,O=C(NCC1CN(c2ccc(N3CCOCC3=O)cc2)C(=O)O1)c1ccc(Cl)s1,0.0,,0.0,,,,,,,,,
1859,O=C(O)CCNC(=O)c1ccccc1,0.0,0.0,0.0,,0.0,0.0,0.0,,0.0,0.0,0.0,0.0
1860,CC(C)(Oc1ccc(CCNC(=O)c2ccc(Cl)cc2)cc1)C(=O)O,0.0,0.0,0.0,0.0,0.0,0.0,0.0,0.0,1.0,0.0,0.0,0.0
1861,O=C(NCCc1c[nH]c2ccccc12)c1cccnc1,0.0,0.0,0.0,1.0,0.0,1.0,0.0,0.0,0.0,0.0,0.0,0.0
1862,CC(C)(C)C(=O)NCCCC(=O)O,0.0,0.0,0.0,0.0,0.0,,0.0,0.0,0.0,0.0,0.0,0.0
1863,O=NN(CCCl)C(=O)NCCCl,0.0,0.0,1.0,0.0,0.0,0.0,0.0,0.0,0.0,,0.0,0.0
1864,CCN(CC)CCNC(=O)c1ccc(N)cc1,0.0,,0.0,,,,,,,,,
1865,O=C(NCN1CCOCC1)c1cnccn1,0.0,,0.0,,,,,,,,,
1866,CC(C)NNC(=O)c1ccncc1.O=S(=O)(O)O,0.0,0.0,0.0,0.0,1.0,,0.0,1.0,0.0,0.0,0.0,0.0
1867,O=C(CCNNC(=O)c1ccncc1)NCc1ccccc1,0.0,0.0,0.0,0.0,0.0,,0.0,0.0,0.0,0.0,0.0,0.0
1868,NP(N)(=O)NC(=O)c1ccc(F)cc1,0.0,0.0,0.0,0.0,0.0,0.0,0.0,,0.0,0.0,0.0,0.0
1869,Cc1ccc(S(=O)(=O)NC(=O)NC2CCCC2)cc1,0.0,0.0,0.0,0.0,0.0,0.0,0.0,0.0,0.0,0.0,0.0,0.0
1870,CC(C)NCC(O)COc1ccc(COCCOC(C)C)cc1.CC(C)NCC(O)COc1ccc(COCCOC(C)C)cc1.O=C(O)/C=C/C(=O)O,0.0,0.0,0.0,0.0,0.0,0.0,0.0,0.0,0.0,0.0,0.0,0.0
1871,O=C(O)/C=C\C(=O)O,0.0,0.0,0.0,0.0,0.0,0.0,0.0,0.0,0.0,0.0,0.0,0.0
1872,CN(C)CC[C@@H](c1ccc(Br)cc1)c1ccccn1.O=C(O)/C=C\C(=O)O,0.0,0.0,0.0,0.0,0.0,0.0,0.0,0.0,0.0,0.0,0.0,0.0
1873,COc1cc(N)c(Cl)cc1C(=O)NC1CCN(Cc2ccccc2)CC1.O=C(O)/C=C\C(=O)O,0.0,0.0,0.0,0.0,0.0,0.0,0.0,0.0,0.0,0.0,0.0,0.0
1874,CC(CN(C)C)CN1c2ccccc2CCc2ccccc21.O=C(O)/C=C\C(=O)O,0.0,0.0,0.0,0.0,0.0,0.0,,0.0,,0.0,0.0,0.0
1875,O=C(O)/C=C\C(=O)O.c1ccc2nc(N3CCNCC3)ccc2c1,0.0,,0.0,,,,,,,,,
1876,Nc1c2c(nc3ccccc13)CCCC2O.O=C(O)/C=C\C(=O)O,0.0,0.0,0.0,0.0,0.0,0.0,0.0,0.0,0.0,0.0,0.0,0.0
1877,C[C@@H](O)[C@H](N)C(=O)O,0.0,,0.0,,,,,,,,,
1878,N[C@@H](Cc1c[nH]c2ccc(O)cc12)C(=O)O,0.0,0.0,0.0,0.0,0.0,1.0,,0.0,0.0,0.0,0.0,0.0
1879,COC(c1ccccc1)(c1ccccc1)[C@H](Oc1nc(C)cc(C)n1)C(=O)O,0.0,0.0,0.0,0.0,0.0,0.0,0.0,0.0,0.0,0.0,0.0,0.0
1880,O=C(O)[C@@H](S)[C@H](S)C(=O)O,0.0,0.0,1.0,0.0,0.0,0.0,0.0,,,,0.0,0.0
1881,O=C1CC[C@@H](C(=O)O)N1,0.0,0.0,0.0,0.0,0.0,0.0,0.0,0.0,0.0,0.0,0.0,0.0
1882,O=C(O)[C@@H]1CSCN1,0.0,,0.0,,,,,,,,,
1883,COc1cc2c(cc1OC)CN(C(=O)[C@H](C)N[C@@H](CCc1ccccc1)C(=O)O)[C@H](C(=O)O)C2,0.0,,0.0,,,,,,,,,
1884,N[C@H](Cc1c[nH]c2ccccc12)C(=O)O,0.0,0.0,0.0,0.0,0.0,,0.0,0.0,0.0,0.0,0.0,0.0
1885,O=C(O)[C@H](O)[C@@H](O)[C@H](O[C@@H]1O[C@H](CO)[C@H](O)[C@H](O)[C@H]1O)[C@H](O)CO,0.0,,0.0,,,,,,,,,
1886,COCCc1ccc(OCC(O)CNC(C)C)cc1.COCCc1ccc(OCC(O)CNC(C)C)cc1.O=C(O)[C@H](O)[C@@H](O)C(=O)O,0.0,0.0,0.0,0.0,0.0,0.0,0.0,0.0,0.0,0.0,0.0,0.0
1887,C[C@]12CC[C@H]3[C@@H](CCC4=CC(=O)CC[C@@]43C)[C@@H]1CC[C@@H]2C(=O)O,0.0,,0.0,,,,,,,,,
1888,O=C(O)C(=O)Nc1cccc(-c2nnn[nH]2)c1,0.0,0.0,0.0,0.0,0.0,0.0,0.0,,0.0,0.0,0.0,0.0
1889,CCN(CC)CCOC(=O)C(Cc1cccc2ccccc12)CC1CCCO1.O=C(O)C(=O)O,0.0,0.0,0.0,0.0,0.0,0.0,0.0,0.0,0.0,0.0,0.0,0.0
1890,Cc1ccc(C)c(OCCCC(C)(C)C(=O)O)c1,0.0,0.0,0.0,0.0,0.0,0.0,0.0,0.0,0.0,0.0,0.0,0.0
1891,Cc1nc(-c2ccc(Cl)cc2)oc1COC(C)(C)C(=O)O,0.0,0.0,0.0,0.0,0.0,0.0,0.0,1.0,1.0,0.0,0.0,0.0
1892,CCC(C)(Oc1ccc(C2(c3ccc(OC(C)(CC)C(=O)O)cc3)CCCCC2)cc1)C(=O)O,0.0,0.0,0.0,0.0,0.0,0.0,0.0,0.0,0.0,0.0,0.0,0.0
1893,CC(C(=O)O)c1ccc(CC2CCCC2=O)cc1,0.0,0.0,0.0,0.0,0.0,0.0,0.0,0.0,0.0,0.0,0.0,0.0
1894,CC(O)C(=O)O,0.0,1.0,0.0,0.0,0.0,0.0,0.0,0.0,0.0,0.0,0.0,0.0
1895,CCC(C(=O)O)c1ccc(N2Cc3ccccc3C2=O)cc1,0.0,,0.0,,,,,,,,,
1896,NC(CS)C(=O)O,0.0,,0.0,,,,,,,,,
1897,CC(=O)NC(Cc1ccccc1)C(=O)O,0.0,0.0,0.0,0.0,0.0,,0.0,0.0,0.0,0.0,0.0,0.0
1898,CCN(CC)CCc1nc(-c2ccccc2)no1.O=C(O)CC(O)(CC(=O)O)C(=O)O,0.0,0.0,1.0,0.0,0.0,0.0,0.0,0.0,0.0,0.0,0.0,0.0
1899,CCN(CCCc1ccccc1)CCCc1ccccc1.O=C(O)CC(O)(CC(=O)O)C(=O)O,0.0,0.0,0.0,0.0,0.0,0.0,0.0,0.0,0.0,0.0,0.0,0.0
1900,CCCc1nc(C)c2c(=O)nc(-c3cc(S(=O)(=O)N4CCN(CC)CC4)ccc3OCC)[nH]n12.O=C(O)CC(O)(CC(=O)O)C(=O)O,0.0,0.0,1.0,0.0,0.0,0.0,0.0,0.0,0.0,0.0,0.0,0.0
1901,CN(C)CCN(Cc1ccccc1)c1ccccn1.O=C(O)CC(O)(CC(=O)O)C(=O)O,0.0,0.0,0.0,0.0,0.0,0.0,,0.0,0.0,0.0,0.0,0.0
1902,Cc1ccccc1C(OCCN(C)C)c1ccccc1.O=C(O)CC(O)(CC(=O)O)C(=O)O,0.0,0.0,0.0,0.0,0.0,0.0,,0.0,0.0,0.0,0.0,0.0
1903,CN(C)CCOc1ccccc1Cc1ccccc1.O=C(O)CC(O)(CC(=O)O)C(=O)O,0.0,0.0,0.0,0.0,0.0,0.0,,0.0,0.0,0.0,0.0,0.0
1904,COC(=O)[C@H](Cc1ccccc1)NC(=O)[C@@H](N)CC(=O)O,0.0,0.0,0.0,0.0,0.0,1.0,,0.0,0.0,0.0,0.0,0.0
1905,CC(=O)OCC1=C(C(=O)O)N2C(=O)[C@@H](N)[C@H]2SC1,0.0,0.0,0.0,0.0,0.0,0.0,0.0,0.0,0.0,0.0,0.0,0.0
1906,CO[C@@]1(NC(=O)Cc2cccs2)C(=O)N2C(C(=O)O)=C(COC(N)=O)CS[C@@H]21,0.0,0.0,0.0,0.0,0.0,0.0,0.0,0.0,0.0,0.0,0.0,0.0
1907,CC1Sc2c(C(=O)O)c(=O)c3cc(F)c(N4CCNCC4)cc3n21,0.0,,0.0,,,,,,,,,
1908,Cc1nnc(SCC2=C(C(=O)O)N3C(=O)[C@@H](NC(=O)Cn4cnnn4)[C@H]3SC2)s1,0.0,0.0,1.0,0.0,0.0,0.0,0.0,0.0,0.0,0.0,0.0,0.0
1909,O=C(O)c1c(O)c(-c2ccccc2)nc2ccccc12,0.0,,0.0,,,,,,,,,
1910,O=C(O)c1cc(-c2ccccc2)nc2ccccc12,0.0,0.0,0.0,,0.0,0.0,0.0,0.0,1.0,0.0,0.0,
1911,O=C(O)c1ccc(OCCCOc2ccc(C(=O)O)cc2)cc1,0.0,0.0,0.0,0.0,0.0,0.0,0.0,0.0,0.0,0.0,0.0,0.0
1912,O=C(O)C1CCC1,0.0,,0.0,,,,,,,,,
1913,O=C(O)c1ccccc1O.Oc1cccc2cccnc12,0.0,0.0,0.0,,1.0,0.0,,1.0,,,0.0,0.0
1914,O=C(O)c1ccccn1,0.0,0.0,0.0,0.0,0.0,0.0,0.0,0.0,0.0,0.0,0.0,0.0
1915,O=C(O)c1cccnc1,0.0,0.0,0.0,0.0,0.0,0.0,0.0,0.0,0.0,0.0,0.0,0.0
1916,CCCc1c2oc(C(=O)O)cc(=O)c2cc2c(=O)cc(C(=O)O)n(CC)c12,0.0,0.0,0.0,0.0,0.0,0.0,0.0,0.0,0.0,0.0,0.0,0.0
1917,O=C(O)c1cn(C2CC2)c2cc(Cl)c(F)cc2c1=O,0.0,,0.0,,,,,,,,,
1918,CCn1cc(C(=O)O)c(=O)c2cc(F)c(N3CCNCC3)cc21,0.0,0.0,0.0,0.0,0.0,0.0,0.0,0.0,0.0,0.0,0.0,0.0
1919,CCn1cc(C(=O)O)c(=O)c2cc3c(cc21)OCO3,0.0,0.0,0.0,0.0,0.0,0.0,0.0,0.0,0.0,0.0,0.0,0.0
1920,CCn1cc(C(=O)O)c(=O)c2cc(F)c(N3CCNCC3)nc21,0.0,0.0,0.0,0.0,0.0,0.0,0.0,0.0,0.0,0.0,0.0,0.0
1921,CCn1cc(C(=O)O)c(=O)c2ccc(C)nc21,0.0,0.0,0.0,0.0,0.0,0.0,0.0,0.0,0.0,0.0,0.0,0.0
1922,CCn1cc(C(=O)O)c(=O)c2cnc(N3CCCC3)nc21,0.0,0.0,0.0,0.0,0.0,0.0,0.0,0.0,0.0,0.0,0.0,0.0
1923,CCn1cc(C(=O)O)c(=O)c2cnc(N3CCNCC3)nc21,0.0,0.0,0.0,0.0,0.0,0.0,0.0,0.0,0.0,0.0,0.0,0.0
1924,CCn1nc(C(=O)O)c(=O)c2cc3c(cc21)OCO3,0.0,0.0,0.0,0.0,0.0,0.0,0.0,0.0,0.0,0.0,0.0,0.0
1925,NS(=O)(=O)c1cc(C(=O)O)cc(N2CCCC2)c1Oc1ccccc1,0.0,1.0,0.0,,0.0,0.0,0.0,0.0,0.0,0.0,0.0,0.0
1926,Cc1c(F)cc2c(=O)c(C(=O)O)cn3c2c1CCC3C,0.0,,0.0,,,,,,,,,
1927,CC1CCc2c(N3CCC(O)CC3)c(F)cc3c(=O)c(C(=O)O)cn1c23,0.0,0.0,0.0,0.0,0.0,0.0,,0.0,0.0,0.0,0.0,0.0
1928,C[C@H](CCC(=O)O)[C@H]1CC[C@H]2[C@@H]3C(=O)C[C@@H]4CC(=O)CC[C@]4(C)[C@H]3CC(=O)[C@]12C,0.0,0.0,0.0,,0.0,0.0,,0.0,0.0,0.0,0.0,0.0
1929,O=C(O)Cc1cn(-c2ccccc2)nc1-c1ccc(Cl)cc1,0.0,0.0,0.0,0.0,0.0,0.0,0.0,0.0,1.0,0.0,0.0,
1930,O=C(O)Cc1csc(-c2ccc(Cl)cc2)n1,0.0,0.0,0.0,0.0,0.0,0.0,0.0,0.0,0.0,0.0,0.0,
1931,O=C(O)Cc1sc(-c2ccccc2)nc1-c1ccc(Cl)cc1,0.0,0.0,0.0,0.0,0.0,1.0,1.0,0.0,1.0,0.0,0.0,
1932,CCc1cccc2c3c([nH]c12)C(CC)(CC(=O)O)OCC3,0.0,0.0,1.0,0.0,0.0,0.0,0.0,0.0,0.0,0.0,0.0,0.0
1933,O=C(O)CCC(=O)O,0.0,0.0,0.0,0.0,0.0,0.0,0.0,0.0,0.0,0.0,0.0,0.0
1934,CN(C)CCOC(C)(c1ccccc1)c1ccccn1.O=C(O)CCC(=O)O,0.0,0.0,0.0,0.0,0.0,0.0,0.0,1.0,0.0,0.0,0.0,0.0
1935,CN1CCN(C2=Nc3ccccc3Oc3ccc(Cl)cc32)CC1.O=C(O)CCC(=O)O,0.0,0.0,0.0,0.0,0.0,0.0,,0.0,0.0,0.0,0.0,0.0
1936,CCCCC1(COC(=O)CCC(=O)O)C(=O)N(c2ccccc2)N(c2ccccc2)C1=O,0.0,0.0,1.0,1.0,0.0,0.0,0.0,0.0,0.0,0.0,0.0,0.0
1937,O=C(O)CCc1nc2ccccc2[nH]1,0.0,0.0,0.0,0.0,0.0,0.0,0.0,0.0,0.0,0.0,0.0,0.0
1938,O=C(O)CCCc1ccc(N(CCCl)CCCl)cc1,0.0,0.0,1.0,0.0,0.0,0.0,0.0,0.0,0.0,1.0,1.0,0.0
1939,O=C(O)CCCCCCCC(=O)O,0.0,0.0,0.0,0.0,1.0,0.0,0.0,1.0,0.0,0.0,0.0,0.0
1940,C=CCCCCCCCCC(=O)O,0.0,0.0,0.0,0.0,0.0,0.0,0.0,0.0,0.0,0.0,0.0,0.0
1941,CCCCCCCCCCCCCCCC(=O)O,0.0,0.0,0.0,0.0,1.0,0.0,0.0,1.0,0.0,0.0,0.0,0.0
1942,CCCCCCCCCCCCCCCCCC(=O)O,0.0,0.0,0.0,0.0,1.0,0.0,0.0,1.0,0.0,0.0,0.0,0.0
1943,CC(=O)NCCCCCC(=O)O,0.0,0.0,0.0,0.0,0.0,,0.0,0.0,0.0,0.0,0.0,0.0
1944,Cc1c(Cn2ccnc2)c2ccccc2n1CCC(=O)O,0.0,0.0,0.0,0.0,0.0,0.0,0.0,0.0,0.0,0.0,0.0,0.0
1945,O=C(O)CN(CCOCCOCCN(CC(=O)O)CC(=O)O)CC(=O)O,0.0,,0.0,,,,,,,,,
1946,O=C(O)Cn1cnnn1,0.0,,0.0,,,,,,,,,
1947,Cn1c(=O)c2c(ncn2CC(=O)O)n(C)c1=O,0.0,,0.0,,,,,,,,,
1948,O=C(O)CN1C(=O)c2cccc3cccc(c23)C1=O,0.0,0.0,0.0,0.0,0.0,0.0,0.0,0.0,0.0,0.0,0.0,0.0
1949,O=C(O)COc1ccccc1,0.0,0.0,0.0,0.0,0.0,0.0,0.0,0.0,0.0,0.0,0.0,0.0
1950,O=C(O)CP(=O)(O)O,0.0,0.0,0.0,0.0,0.0,0.0,0.0,0.0,0.0,0.0,0.0,0.0
1951,CC[C@]12CCCN3CCc4c(n(c5ccccc45)[C@@](O)(C(=O)OC)C1)[C@@H]32,0.0,0.0,0.0,0.0,0.0,0.0,,0.0,0.0,0.0,0.0,0.0
1952,COC(=O)[C@@H]1CC2=CC(=O)CC[C@]2(C)[C@@]23O[C@@H]2C[C@@]2(C)[C@@H](CC[C@@]24CCC(=O)O4)[C@H]13,0.0,,0.0,,0.0,0.0,0.0,0.0,0.0,0.0,0.0,0.0
1953,COC(=O)[C@@H]1[C@H]2C[C@H]3c4[nH]c5ccccc5c4CCN3C[C@@H]2CC[C@@H]1O,0.0,0.0,0.0,0.0,0.0,1.0,0.0,0.0,0.0,0.0,0.0,0.0
1954,COC(=O)N/N=C/c1c[n+]([O-])c2ccccc2[n+]1[O-],0.0,,0.0,,,,,,,,,
1955,CCN(C)C(=O)Oc1cccc([C@H](C)N(C)C)c1.O=C(O)[C@@H](O)[C@H](O)C(=O)O,0.0,0.0,0.0,0.0,0.0,0.0,0.0,0.0,0.0,0.0,0.0,0.0
1956,CCOC(=O)c1ccc(OC(=O)CCCCCNC(=N)N)cc1.CS(=O)(=O)O,0.0,0.0,0.0,0.0,0.0,0.0,0.0,1.0,0.0,0.0,0.0,0.0
1957,CN(C)C(=O)COC(=O)Cc1ccc(OC(=O)c2ccc(NC(=N)N)cc2)cc1.CS(=O)(=O)O,0.0,0.0,0.0,0.0,0.0,0.0,0.0,0.0,0.0,0.0,0.0,0.0
1958,CCN(CC)CC(=O)Oc1ccc(NC(C)=O)cc1,0.0,,0.0,,,,,,,,,
1959,O=C(Oc1ccccc1C(=O)O)c1ccccc1O,0.0,0.0,0.0,0.0,0.0,0.0,0.0,1.0,0.0,0.0,0.0,0.0
1960,O=C(OCC(COC(=O)c1cccnc1)(COC(=O)c1cccnc1)COC(=O)c1cccnc1)c1cccnc1,0.0,0.0,0.0,0.0,0.0,0.0,0.0,0.0,0.0,0.0,0.0,0.0
1961,CCC[C@H](N[C@@H](C)C(=O)N1[C@H](C(=O)O)C[C@@H]2CCCC[C@@H]21)C(=O)OCC,0.0,0.0,0.0,0.0,0.0,0.0,0.0,0.0,0.0,0.0,0.0,0.0
1962,CCOC(=O)[C@H](CCc1ccccc1)N[C@@H](C)C(=O)N1[C@H](C(=O)O)C[C@@H]2CCC[C@@H]21,0.0,0.0,0.0,0.0,0.0,0.0,,0.0,0.0,0.0,0.0,0.0
1963,CCOC(=O)[N-]c1c[n+](N2CCOCC2)no1,0.0,0.0,0.0,0.0,0.0,0.0,0.0,0.0,0.0,0.0,0.0,0.0
1964,CCOC(=O)C(=O)CCc1ccccc1,0.0,,0.0,,,,,,,,,
1965,CCOC(=O)C1=C[C@]2(CC)CCCN3CCc4c(n1c1ccccc41)[C@@H]32,0.0,0.0,0.0,0.0,0.0,0.0,,0.0,0.0,0.0,0.0,0.0
1966,CCCCCCCCCCOc1cc2c(O)c(C(=O)OCC)cnc2cc1OCC,0.0,0.0,0.0,0.0,0.0,0.0,0.0,0.0,0.0,0.0,0.0,0.0
1967,CCOC(=O)C1(c2ccccc2)CCN(CCc2ccc(N)cc2)CC1,0.0,,0.0,,,,,,,,,
1968,CCOC(=O)c1ncn2c1CN(C)C(=O)c1cc(F)ccc1-2,0.0,0.0,0.0,0.0,0.0,0.0,0.0,0.0,0.0,0.0,0.0,0.0
1969,CCOC(=O)N1CCC(=O)CC1,0.0,,0.0,,,,,,,,,
1970,CCOC(=O)NNc1ccc(N(CC)CC(C)O)nn1,0.0,0.0,0.0,0.0,0.0,0.0,0.0,0.0,0.0,0.0,0.0,0.0
1971,CCOC(=O)OC(C)OC1=C(C(=O)Nc2ccccn2)N(C)S(=O)(=O)c2ccccc21,0.0,,0.0,,,,,,,,,
1972,O=C(C=Cc1ccccc1)OCc1ccccc1,0.0,0.0,1.0,0.0,0.0,0.0,0.0,1.0,0.0,0.0,0.0,0.0
1973,O=C(OCc1ccccc1)c1ccccc1,0.0,0.0,0.0,0.0,0.0,0.0,0.0,0.0,0.0,0.0,0.0,0.0
1974,O=C(OCC1(COC(=O)c2cccnc2)CCCC(COC(=O)c2cccnc2)(COC(=O)c2cccnc2)C1O)c1cccnc1,0.0,0.0,0.0,0.0,0.0,0.0,0.0,0.0,0.0,0.0,0.0,0.0
1975,CCCOC(=O)c1ccccc1,0.0,0.0,0.0,0.0,0.0,0.0,0.0,0.0,0.0,0.0,0.0,0.0
1976,CCCCCOC(=O)Nc1nc(=O)n([C@@H]2O[C@H](C)[C@@H](O)[C@H]2O)cc1F,0.0,0.0,0.0,0.0,0.0,0.0,0.0,0.0,0.0,0.0,0.0,0.0
1977,CCCCOCCOC(=O)c1cccnc1,0.0,,0.0,,,,,,,,,
1978,CCC(=O)O[C@]1(C(=O)SCF)[C@H](C)C[C@H]2C3C[C@H](F)C4=CC(=O)C=C[C@]4(C)[C@@]3(F)[C@@H](O)C[C@@]21C,0.0,1.0,0.0,,0.0,,1.0,0.0,0.0,0.0,0.0,0.0
1979,CN1C(=O)CC(c2ccccc2)C1=O,0.0,0.0,0.0,0.0,0.0,0.0,0.0,,0.0,0.0,0.0,0.0
1980,Cc1nccn1CC1CCc2c(c3ccccc3n2C)C1=O,0.0,0.0,0.0,0.0,0.0,0.0,0.0,0.0,0.0,0.0,0.0,0.0
1981,Cc1cc(=O)[nH]c(=S)[nH]1,0.0,1.0,0.0,0.0,0.0,0.0,0.0,0.0,0.0,0.0,0.0,1.0
1982,O=c1cc(CO)occ1O,0.0,0.0,0.0,0.0,0.0,0.0,0.0,0.0,0.0,0.0,0.0,0.0
1983,CC1=C2[C@H]3OC(=O)[C@@H](C)[C@@H]3CC[C@@]2(C)C=CC1=O,0.0,0.0,0.0,0.0,0.0,0.0,0.0,0.0,0.0,0.0,0.0,0.0
1984,C[C@@H]1C[C@H]2[C@@H]3CCC4=CC(=O)C=C[C@]4(C)[C@@]3(F)[C@@H](O)C[C@]2(C)[C@@]1(O)C(=O)COC(=O)c1ccncc1,0.0,,0.0,,,,,,,,,
1985,O=c1ccc2ccccc2o1,0.0,0.0,0.0,0.0,0.0,0.0,0.0,1.0,0.0,0.0,0.0,0.0
1986,O=c1cc[nH]c(=O)[nH]1,0.0,0.0,0.0,0.0,0.0,0.0,0.0,0.0,0.0,0.0,0.0,0.0
1987,O=c1cc[nH]c(=S)[nH]1,0.0,0.0,0.0,0.0,0.0,0.0,0.0,0.0,0.0,0.0,0.0,0.0
1988,O=c1[nH]c2ccccc2c(=O)n1CCCl,0.0,,0.0,,,,,,,,,
1989,Cc1coc2ccccc2c1=O,0.0,,0.0,,,,,,,,,
1990,O=C1c2ccccc2CCc2ccccc21,0.0,0.0,0.0,,,0.0,,1.0,0.0,0.0,0.0,0.0
1991,O=C1CC(c2ccc(Cl)cc2)CC(=O)N1,0.0,,0.0,,,,,,,,,
1992,O=C1CCc2cc(OCCCCc3nnnn3C3CCCCC3)ccc2N1,0.0,0.0,1.0,0.0,0.0,0.0,0.0,0.0,0.0,0.0,0.0,0.0
1993,CCCCC(O)/C=C(C)/C=C/C=C/C(=O)N1CCCC1=O,0.0,,0.0,,,,,,,,,
1994,CCC(C(N)=O)N1CCCC1=O,0.0,0.0,0.0,0.0,0.0,0.0,0.0,1.0,0.0,0.0,0.0,0.0
1995,CCN1CCCC1=O,0.0,0.0,0.0,0.0,0.0,0.0,0.0,0.0,0.0,0.0,0.0,0.0
1996,NC(=O)CN1CCCC1=O,0.0,0.0,0.0,0.0,0.0,0.0,0.0,0.0,0.0,0.0,0.0,0.0
1997,CN1C(=O)CCS(=O)(=O)C1c1ccc(Cl)cc1,0.0,0.0,0.0,0.0,0.0,0.0,0.0,0.0,0.0,0.0,0.0,0.0
1998,CC1(C)OC(=O)NC1=O,0.0,0.0,0.0,0.0,0.0,0.0,0.0,1.0,0.0,0.0,0.0,0.0
1999,O=C1NC(=O)C(c2ccccc2)(c2ccccc2)N1,0.0,0.0,0.0,0.0,0.0,0.0,0.0,0.0,0.0,0.0,0.0,0.0
2000,Nc1cccc2c1CN(C1CCC(=O)NC1=O)C2=O,0.0,0.0,0.0,0.0,0.0,0.0,0.0,0.0,0.0,0.0,0.0,0.0
2001,C=CCC1(C(C)CC)C(=O)NC(=O)NC1=O,0.0,,0.0,,,,,,,,,
2002,NC(=O)NC1NC(=O)NC1=O,0.0,1.0,0.0,0.0,0.0,0.0,0.0,0.0,0.0,0.0,0.0,0.0
2003,C/C(=C1\CCOC(=O)S1)N(C=O)Cc1cnc(C)nc1N,0.0,,0.0,,,,,,,,,
2004,C[C@H]1C(=O)O[C@@H]2CCN3CC=C(COC(=O)[C@](C)(O)[C@]1(C)O)[C@H]23,0.0,0.0,0.0,0.0,0.0,0.0,0.0,0.0,0.0,0.0,0.0,0.0
2005,CC(=O)NC1CCSC1=O,0.0,0.0,0.0,0.0,0.0,0.0,0.0,0.0,0.0,0.0,0.0,0.0
2006,O=C(O)CSCC(=O)NC1CCSC1=O,0.0,0.0,0.0,0.0,0.0,0.0,0.0,0.0,0.0,0.0,0.0,0.0
2007,Cc1c(I)c(=O)n(-c2ccccc2)n1C,0.0,0.0,0.0,0.0,0.0,0.0,0.0,0.0,0.0,0.0,0.0,0.0
2008,Cc1c(N)c(=O)n(-c2ccccc2)n1C,0.0,0.0,0.0,0.0,0.0,0.0,0.0,0.0,0.0,0.0,0.0,0.0
2009,Cc1cc(=O)n(-c2ccccc2)n1C,0.0,0.0,0.0,0.0,0.0,0.0,0.0,0.0,0.0,0.0,0.0,0.0
2010,O=C1c2ccccc2C(=O)C1c1ccccc1,0.0,0.0,0.0,0.0,0.0,,0.0,0.0,0.0,0.0,0.0,0.0
2011,O=C1c2ccccc2C(=O)c2ccccc21,0.0,0.0,0.0,0.0,0.0,0.0,1.0,,0.0,0.0,0.0,0.0
2012,CCCCCCn1c(=O)c2c(ncn2C)n(C)c1=O,0.0,,0.0,,,,,,,,,
2013,Cn1c(=O)c2[nH]c(Br)nc2n(C)c1=O,0.0,0.0,0.0,0.0,0.0,0.0,0.0,0.0,0.0,0.0,0.0,0.0
2014,Cn1c(=O)c2[nH]cnc2n(C)c1=O,0.0,0.0,0.0,0.0,0.0,0.0,0.0,1.0,0.0,0.0,0.0,0.0
2015,C[C@]12CCC(=O)C(O)=C1CC[C@@H]1[C@@H]2CC[C@]2(C)C(=O)CC[C@@H]12,0.0,1.0,0.0,1.0,1.0,0.0,0.0,1.0,0.0,0.0,0.0,1.0
2016,C[C@]12CCC(=O)C=C1CC[C@@H]1[C@@H]2CC[C@]2(C)C(=O)CC[C@@H]12,0.0,1.0,0.0,,1.0,0.0,0.0,1.0,0.0,0.0,0.0,1.0
2017,O=C1CC2(CCCC2)CC(=O)N1,0.0,,0.0,,,,,,,,,
2018,COc1ccc(C(=O)N2CCCC2=O)cc1,0.0,0.0,0.0,0.0,0.0,0.0,0.0,0.0,0.0,0.0,0.0,0.0
2019,Cc1cccc(C)c1NC(=O)CN1CCCC1=O,0.0,0.0,0.0,0.0,0.0,0.0,0.0,0.0,0.0,0.0,0.0,0.0
2020,C[C@@H](CN1CC(=O)NC(=O)C1)N1CC(=O)NC(=O)C1,0.0,,0.0,,,,,,,,,
2021,CN1CC(=O)N=C1NC(=O)Nc1cccc(Cl)c1,0.0,0.0,0.0,,0.0,1.0,1.0,1.0,0.0,0.0,0.0,0.0
2022,O=c1[nH]c(=O)c2ccccc2o1,0.0,0.0,0.0,0.0,0.0,0.0,0.0,0.0,0.0,0.0,0.0,0.0
2023,O=c1[nH]cnc2nc[nH]c12,0.0,,0.0,,,,,,,,,
2024,O=c1[nH]c2ccccc2n1C1CCNCC1,0.0,,0.0,,,,,,,,,
2025,O=c1[nH]oc2c1CCNC2,0.0,0.0,0.0,0.0,0.0,0.0,0.0,0.0,0.0,0.0,0.0,0.0
2026,N[Pt]1(N)OC(=O)C2(CCC2)C(=O)O1,0.0,0.0,1.0,0.0,0.0,0.0,,0.0,0.0,0.0,0.0,0.0
2027,CCCCC1C(=O)N(c2ccccc2)N(c2ccccc2)C1=O,0.0,0.0,0.0,0.0,0.0,0.0,1.0,0.0,0.0,0.0,0.0,0.0
2028,C[C@]12C=CC(=O)C=C1CC[C@@H]1[C@@H]2CC[C@@]2(C)[C@H]1CC[C@]2(C)O,0.0,1.0,1.0,,1.0,0.0,0.0,1.0,0.0,,0.0,1.0
2029,O=C1/C(=C2\Nc3ccccc3C2=O)Nc2ccccc21,0.0,0.0,1.0,0.0,0.0,0.0,,0.0,0.0,0.0,0.0,0.0
2030,CC1(C)Oc2ccc(C#N)cc2[C@@H](N2CCCC2=O)[C@@H]1O,0.0,0.0,0.0,0.0,0.0,0.0,0.0,0.0,0.0,0.0,0.0,0.0
2031,O=c1[nH]cnc2c1ncn2[C@H]1CC[C@@H](CO)O1,0.0,0.0,0.0,0.0,0.0,0.0,0.0,0.0,0.0,0.0,0.0,0.0
2032,Cc1ccnc2c1NC(=O)c1cccnc1N2C1CC1,0.0,0.0,0.0,0.0,0.0,0.0,0.0,0.0,0.0,0.0,0.0,0.0
2033,C[C@@H]1CC[C@@]2(OC1)O[C@H]1C[C@H]3[C@@H]4CC[C@H]5C[C@@H](O)CC[C@]5(C)[C@H]4CC(=O)[C@]3(C)[C@H]1[C@@H]2C,0.0,0.0,0.0,0.0,0.0,0.0,0.0,0.0,0.0,0.0,0.0,0.0
2034,O=C1c2ccccc2S(=O)(=O)N1CCCCN1CCN(c2ncccn2)CC1,0.0,0.0,0.0,0.0,0.0,0.0,0.0,0.0,0.0,0.0,0.0,0.0
2035,C#C[C@]1(O)CC[C@H]2[C@@H]3CCC4=CC(=O)CC[C@]4(C)[C@H]3CC[C@@]21C,0.0,1.0,0.0,0.0,1.0,0.0,0.0,1.0,0.0,0.0,0.0,1.0
2036,O=C1N(c2ccccc2)c2ccccc2C1(Cc1ccncc1)Cc1ccncc1,0.0,0.0,0.0,0.0,0.0,0.0,0.0,0.0,0.0,0.0,0.0,0.0
2037,O=C1NCN(c2ccccc2)C12CCN(CC1COc3ccccc3O1)CC2,0.0,0.0,0.0,0.0,0.0,0.0,0.0,,0.0,0.0,0.0,0.0
2038,CN1CC(=O)N2[C@H](c3ccc4c(c3)OCO4)c3[nH]c4ccccc4c3C[C@@H]2C1=O,0.0,0.0,0.0,0.0,0.0,0.0,,0.0,0.0,0.0,0.0,0.0
2039,CCCCCC(C=O)=Cc1ccccc1,0.0,0.0,0.0,0.0,0.0,0.0,0.0,1.0,0.0,0.0,0.0,0.0
2040,COc1ccc2cc(C=O)ccc2c1,0.0,,0.0,,,,,,,,,
2041,O=Cc1ccccc1C=O,0.0,0.0,0.0,,0.0,0.0,1.0,1.0,,1.0,1.0,1.0
2042,CCOC(=O)C(=O)c1csc(NC=O)n1,0.0,,0.0,,,,,,,,,
2043,NNC(=O)CP(=O)(c1ccccc1)c1ccccc1,0.0,0.0,0.0,0.0,0.0,0.0,,0.0,0.0,0.0,0.0,0.0
2044,CC(C)OP(=O)(CP(=O)(OC(C)C)OC(C)C)OC(C)C,0.0,0.0,0.0,0.0,0.0,0.0,,0.0,0.0,0.0,0.0,0.0
2045,O=c1[nH]c2cc(C(F)(F)F)c(N3CCOCC3)cc2n(CP(=O)(O)O)c1=O,0.0,0.0,0.0,0.0,0.0,0.0,0.0,0.0,0.0,0.0,0.0,0.0
2046,N[C@@H](COP(=O)(O)O)C(=O)O,0.0,0.0,0.0,0.0,0.0,,0.0,0.0,0.0,0.0,0.0,0.0
2047,Nc1ncnc2c1ncn2[C@@H]1O[C@H](COP(=O)(O)O)[C@@H](O)[C@H]1O,0.0,0.0,0.0,0.0,0.0,0.0,,0.0,0.0,0.0,0.0,0.0
2048,O=P1(NCCCl)OCCCN1CCCl,0.0,0.0,0.0,0.0,0.0,0.0,0.0,0.0,0.0,0.0,0.0,0.0
2049,CCS(=O)(=O)c1ccc(OC)c(C(=O)OC)c1,0.0,,0.0,,,,,,,,,
2050,CCS(=O)(=O)CCn1c([N+](=O)[O-])cnc1C,0.0,0.0,0.0,0.0,1.0,0.0,0.0,1.0,0.0,0.0,0.0,0.0
2051,COP(=S)(OC)Oc1ccc(S(=O)(=O)N(C)C)cc1,0.0,0.0,0.0,,,,0.0,0.0,0.0,0.0,0.0,0.0
2052,CCCN(CCC)S(=O)(=O)c1ccc(C(=O)O)cc1,0.0,1.0,0.0,0.0,1.0,0.0,0.0,0.0,0.0,0.0,0.0,0.0
2053,O=C(O)c1ccc(S(=O)(=O)N(Cl)Cl)cc1,0.0,0.0,1.0,0.0,0.0,0.0,0.0,,0.0,0.0,0.0,0.0
2054,Cc1cccc(Nc2ccncc2S(=O)(=O)NC(=O)NC(C)C)c1,0.0,0.0,0.0,0.0,0.0,0.0,0.0,0.0,,0.0,0.0,0.0
2055,CCCNC(=O)NS(=O)(=O)c1ccc(Cl)cc1,0.0,0.0,0.0,0.0,0.0,0.0,0.0,0.0,0.0,0.0,0.0,0.0
2056,NC(=O)NS(=O)(=O)c1ccc(Cl)cc1,0.0,,0.0,,,,,,,,,
2057,COc1cc(NS(=O)(=O)c2ccc(N)cc2)ncn1,0.0,0.0,0.0,0.0,0.0,0.0,0.0,0.0,0.0,0.0,0.0,0.0
2058,Nc1ccc(S(=O)(=O)Nc2ccc(Cl)nn2)cc1,0.0,0.0,0.0,0.0,0.0,0.0,0.0,0.0,0.0,0.0,0.0,0.0
2059,O=C(O)c1cc(/N=N/c2ccc(S(=O)(=O)Nc3ccccn3)cc2)ccc1O,0.0,0.0,0.0,0.0,0.0,0.0,0.0,0.0,0.0,0.0,0.0,0.0
2060,Cc1cc(C)nc(NS(=O)(=O)c2ccc(N)cc2)n1,0.0,0.0,0.0,0.0,0.0,0.0,0.0,1.0,0.0,0.0,0.0,0.0
2061,Cc1ccnc(NS(=O)(=O)c2ccc(N)cc2)n1,0.0,0.0,0.0,0.0,0.0,0.0,0.0,0.0,0.0,0.0,0.0,0.0
2062,Cc1cnc(NS(=O)(=O)c2ccc(N)cc2)nc1,0.0,,0.0,,,,,,,,,
2063,COc1cnc(NS(=O)(=O)c2ccc(N)cc2)nc1,0.0,0.0,0.0,0.0,0.0,0.0,0.0,0.0,0.0,0.0,0.0,0.0
2064,Nc1ccc(S(=O)(=O)Nc2nccs2)cc1,1.0,0.0,0.0,0.0,0.0,0.0,0.0,0.0,0.0,0.0,0.0,0.0
2065,O=C(O)CCC(=O)Nc1ccc(S(=O)(=O)Nc2nccs2)cc1,0.0,0.0,0.0,0.0,0.0,0.0,0.0,0.0,0.0,0.0,0.0,0.0
2066,O=C(O)c1ccccc1C(=O)Nc1ccc(S(=O)(=O)Nc2nccs2)cc1,0.0,0.0,0.0,0.0,0.0,0.0,0.0,0.0,0.0,0.0,0.0,0.0
2067,COc1ncnc(NS(=O)(=O)c2ccc(N)cc2)c1OC,0.0,0.0,0.0,0.0,0.0,0.0,0.0,0.0,0.0,0.0,0.0,0.0
2068,CCc1nnc(NS(=O)(=O)c2ccc(N)cc2)s1,0.0,0.0,0.0,0.0,0.0,0.0,,0.0,0.0,0.0,0.0,0.0
2069,O=C(O)Cc1ccc(CCNS(=O)(=O)c2ccc(Cl)cc2)cc1,0.0,0.0,0.0,0.0,0.0,0.0,0.0,0.0,1.0,0.0,0.0,0.0
2070,O=[N+]([O-])c1cccc(S(=O)(=O)NCCNS(=O)(=O)c2cccc([N+](=O)[O-])c2)c1,0.0,0.0,1.0,0.0,0.0,0.0,,0.0,0.0,0.0,0.0,0.0
2071,Cc1ccc(C(=O)Nc2ccc(S(=O)(=O)O)c3cc(S(=O)(=O)O)cc(S(=O)(=O)O)c23)cc1NC(=O)c1cccc(NC(=O)Nc2cccc(C(=O)Nc3cc(C(=O)Nc4ccc(S(=O)(=O)O)c5cc(S(=O)(=O)O)cc(S(=O)(=O)O)c45)ccc3C)c2)c1,0.0,0.0,0.0,0.0,0.0,0.0,,0.0,0.0,0.0,0.0,0.0
2072,O=S(=O)(O)c1ccc2[nH]c(-c3ccccc3)nc2c1,0.0,0.0,0.0,0.0,0.0,0.0,0.0,0.0,0.0,0.0,0.0,0.0
2073,CCN(CC)CCOC(=O)C1(c2ccccc2)CCCC1.CCN(CC)CCOC(=O)C1(c2ccccc2)CCCC1.O=S(=O)(O)CCS(=O)(=O)O,0.0,0.0,0.0,0.0,0.0,0.0,0.0,0.0,0.0,0.0,0.0,0.0
2074,CCN(CCO)CCCC(C)Nc1ccnc2cc(Cl)ccc12.O=S(=O)(O)O,0.0,,0.0,,,,,,,,,
2075,NC[C@H]1O[C@H](O[C@H]2[C@H](O[C@@H]3O[C@H](CO)[C@@H](O)[C@H]3O)C(O)[C@H](N)C[C@@H]2N)[C@H](N)[C@@H](O)[C@@H]1O.O=S(=O)(O)O,0.0,0.0,0.0,0.0,0.0,0.0,0.0,0.0,0.0,0.0,0.0,0.0
2076,NC[C@H]1O[C@H](O[C@H]2[C@H](O)[C@@H](O[C@H]3O[C@H](CO)[C@@H](O)[C@H](N)[C@H]3O)[C@H](N)C[C@@H]2N)[C@H](N)[C@@H](O)[C@@H]1O.O=S(=O)(O)O,0.0,,0.0,,,,,,,,,
2077,CC(CC(C(N)=O)(c1ccccc1)c1ccccc1)N(C)C.O=S(=O)(O)O,0.0,,0.0,,,,,,,,,
2078,NNCCc1ccccc1.O=S(=O)(O)O,0.0,1.0,1.0,,0.0,1.0,0.0,1.0,0.0,0.0,0.0,0.0
2079,N=C(N)NCCN1CCCCCCC1.O=S(=O)(O)O.O=S(=O)(O)O,0.0,,0.0,,,,,,,,,
2080,CCN[C@@H]1C[C@H](N)[C@@H](OC2OC(CN)=CCC2N)[C@H](O)[C@H]1O[C@H]1OC[C@](C)(O)[C@H](NC)[C@H]1O.CCN[C@@H]1C[C@H](N)[C@@H](OC2OC(CN)=CCC2N)[C@H](O)[C@H]1O[C@H]1OC[C@](C)(O)[C@H](NC)[C@H]1O.O=S(=O)(O)O.O=S(=O)(O)O.O=S(=O)(O)O.O=S(=O)(O)O.O=S(=O)(O)O,0.0,,0.0,,,,,,,,,
2081,CS(=O)(=O)c1ccc([C@@H](O)[C@@H](CF)NC(=O)C(Cl)Cl)cc1,0.0,0.0,0.0,0.0,0.0,0.0,0.0,0.0,0.0,0.0,0.0,0.0
2082,CS(=O)(=O)OCCCCOS(C)(=O)=O,0.0,0.0,0.0,0.0,0.0,0.0,0.0,1.0,0.0,0.0,0.0,0.0
2083,O=C(CS(=O)Cc1ccco1)NC/C=C\COc1cc(CN2CCCCC2)ccn1,0.0,0.0,0.0,0.0,0.0,0.0,0.0,0.0,0.0,0.0,0.0,0.0
2084,NC(=O)CS(=O)C(c1ccccc1)c1ccccc1,0.0,0.0,0.0,0.0,0.0,0.0,0.0,0.0,0.0,0.0,0.0,0.0
2085,COc1cc(S(N)(=O)=O)cc(C(=O)O)c1OC,0.0,,0.0,,,,,,,,,
2086,COC(=O)c1cc(S(N)(=O)=O)ccc1OC,0.0,,0.0,,,,,,,,,
2087,NS(=O)(=O)c1ccc(Cl)c(S(N)(=O)=O)c1,0.0,0.0,0.0,0.0,0.0,0.0,0.0,0.0,0.0,0.0,0.0,0.0
2088,NS(=O)(=O)c1ccc(C(=O)O)cc1,0.0,0.0,0.0,0.0,0.0,0.0,0.0,0.0,0.0,0.0,0.0,0.0
2089,NS(=O)(=O)c1ccc(NC(=O)CCC(=O)O)cc1,0.0,0.0,0.0,0.0,0.0,0.0,0.0,0.0,0.0,0.0,0.0,0.0
2090,CC(=O)Nc1nnc(S(N)(=O)=O)s1,0.0,0.0,0.0,0.0,0.0,0.0,0.0,0.0,0.0,0.0,0.0,0.0
2091,CCCCNc1cc(C(=O)O)cc(S(N)(=O)=O)c1Oc1ccccc1,0.0,0.0,0.0,0.0,0.0,0.0,0.0,0.0,0.0,0.0,0.0,0.0
2092,NS(=O)(=O)c1ccc(N2CCCCS2(=O)=O)cc1,0.0,,0.0,,,,,,,,,
2093,[N-]=[N+]=CC(=O)OC[C@H](N)C(=O)O,0.0,1.0,0.0,0.0,0.0,0.0,0.0,0.0,0.0,0.0,0.0,0.0
2094,CCOC(=O)[C@H](CCc1ccccc1)N[C@@H](C)C(=O)N1CCC[C@H]1C(=O)O,0.0,0.0,0.0,0.0,0.0,0.0,0.0,0.0,0.0,0.0,0.0,0.0
2095,C[C@H](N[C@H](CCc1ccccc1)C(=O)O)C(=O)N1CCC[C@H]1C(=O)O,0.0,0.0,0.0,0.0,0.0,0.0,0.0,0.0,0.0,0.0,0.0,0.0
2096,CC1(C)S[C@@H]2[C@H](/N=C/N3CCCCCC3)C(=O)N2[C@H]1C(=O)O,0.0,1.0,0.0,,0.0,0.0,0.0,0.0,0.0,0.0,0.0,0.0
2097,CC1(C)S[C@@H]2[C@H](NC(=O)[C@H](N)c3ccccc3)C(=O)N2[C@H]1C(=O)O,0.0,,0.0,,,,,,,,,
2098,CC1(C)S[C@@H]2[C@H](NC(=O)Cc3ccccc3)C(=O)N2[C@H]1C(=O)O.CC1(C)S[C@@H]2[C@H](NC(=O)Cc3ccccc3)C(=O)N2[C@H]1C(=O)O.c1ccc(CNCCNCc2ccccc2)cc1,0.0,0.0,0.0,0.0,0.0,0.0,0.0,0.0,0.0,0.0,0.0,0.0
2099,CCCCc1ncc(/C=C(\Cc2cccs2)C(=O)O)n1Cc1ccc(C(=O)O)cc1.CS(=O)(=O)O,0.0,0.0,0.0,0.0,0.0,0.0,,0.0,0.0,0.0,0.0,0.0
2100,O=C(O)/C=C(\CC(=O)O)C(=O)O,0.0,0.0,0.0,0.0,0.0,0.0,0.0,,0.0,0.0,0.0,0.0
2101,NC(CSCC(=O)O)C(=O)O,0.0,,0.0,,,,,,,,,
2102,CC(C)CC(=O)N[C@H](C(=O)N[C@H](C(=O)N[C@@H](CC(C)C)[C@@H](O)CC(=O)N[C@@H](C)C(=O)N[C@@H](CC(C)C)[C@@H](O)CC(=O)O)C(C)C)C(C)C,0.0,0.0,0.0,0.0,0.0,0.0,0.0,,0.0,0.0,0.0,0.0
2103,O=C(Nc1ccc(C(=O)O)c(O)c1)c1ccccc1,0.0,0.0,0.0,0.0,0.0,0.0,0.0,0.0,0.0,0.0,0.0,0.0
2104,Nc1ccc(C(=O)O)cc1,0.0,0.0,0.0,0.0,0.0,0.0,0.0,0.0,0.0,0.0,0.0,0.0
2105,Nc1ccccc1C(=O)O,0.0,0.0,0.0,0.0,0.0,0.0,0.0,0.0,0.0,0.0,0.0,0.0
2106,O=C(O)c1ccc(O)nc1,0.0,,0.0,,,,,,,,,
2107,CC(NC(CCc1ccccc1)C(=O)O)C(=O)N1C(=O)N(C)CC1C(=O)O,0.0,,0.0,,,,,,,,,
2108,O=C(O)Cc1ccc(-c2ccccc2)cc1,0.0,0.0,0.0,0.0,0.0,0.0,0.0,0.0,1.0,0.0,0.0,0.0
2109,O=C(O)Cc1ccccc1,0.0,0.0,0.0,0.0,0.0,0.0,0.0,0.0,0.0,0.0,0.0,0.0
2110,O=C(O)CCCCC(=O)O,0.0,0.0,0.0,0.0,0.0,0.0,0.0,0.0,0.0,0.0,0.0,0.0
2111,CC(S)C(=O)NCC(=O)O,0.0,0.0,0.0,0.0,0.0,0.0,0.0,0.0,0.0,0.0,0.0,0.0
2112,O=C(c1ccccc1)C(O)c1ccccc1,0.0,0.0,0.0,0.0,0.0,0.0,0.0,0.0,0.0,0.0,0.0,0.0
2113,CN1C2CCC(C)(C)C1CC(OC(=O)C(O)(c1cccs1)c1cccs1)C2,0.0,,0.0,,,,,,,,,
2114,CCOC(=O)C(O)c1ccccc1,0.0,,0.0,,,,,,,,,
2115,CCN(CC)CCOC(=O)C(O)(c1ccccc1)c1ccccc1,0.0,0.0,0.0,0.0,0.0,0.0,0.0,0.0,0.0,0.0,0.0,0.0
2116,CC(C(O)c1ccc(O)cc1)N1CCC(Cc2ccccc2)CC1,0.0,0.0,0.0,0.0,0.0,0.0,,0.0,0.0,0.0,0.0,0.0
2117,OC(c1ccccc1)(c1ccccc1)C1CCNCC1,0.0,0.0,0.0,0.0,0.0,0.0,0.0,0.0,0.0,0.0,0.0,0.0
2118,OC(CCCN1CCCCC1)(c1ccccc1)c1ccccc1,0.0,0.0,0.0,0.0,0.0,0.0,,0.0,0.0,0.0,0.0,0.0
2119,NCCC(O)(P(=O)(O)O)P(=O)(O)O,0.0,,0.0,,,,,,,,,
2120,OC(CCN1CCCCC1)(c1ccccc1)c1ccccc1,0.0,0.0,0.0,0.0,0.0,1.0,,0.0,0.0,0.0,0.0,0.0
2121,NCC(O)c1ccc(O)cc1,0.0,0.0,0.0,0.0,0.0,0.0,,0.0,0.0,0.0,0.0,0.0
2122,OCC(O)CN1CCN(c2ccccc2)CC1,0.0,0.0,0.0,0.0,0.0,0.0,0.0,0.0,0.0,0.0,0.0,0.0
2123,COc1ccccc1N1CCN(CC(O)COc2cc(OC)c(OC)c(OC)c2)CC1,0.0,,0.0,,,,,,,,,
2124,OC(Cn1cncn1)(Cn1cncn1)c1ccc(F)cc1F,0.0,0.0,0.0,0.0,0.0,0.0,0.0,0.0,0.0,0.0,0.0,0.0
2125,CNCC(O)c1ccc(O)cc1,0.0,0.0,0.0,0.0,0.0,0.0,0.0,0.0,0.0,0.0,0.0,0.0
2126,CCCCCCCCCCCCCCCCCCOCC(O)CO,0.0,1.0,0.0,,,,0.0,0.0,0.0,0.0,0.0,0.0
2127,CCOC(=O)NC(O)C(Cl)(Cl)Cl,0.0,0.0,0.0,0.0,0.0,0.0,0.0,0.0,0.0,0.0,0.0,0.0
2128,CCCCN1C[C@H](O)[C@@H](O)[C@H](O)[C@H]1CO,0.0,0.0,0.0,0.0,0.0,0.0,0.0,0.0,0.0,0.0,0.0,0.0
2129,OC[C@@H](O)[C@@H](O[C@@H]1O[C@H](CO)[C@H](O)[C@H](O)[C@H]1O)[C@H](O)[C@@H](O)CO,0.0,0.0,0.0,0.0,1.0,0.0,0.0,1.0,0.0,0.0,0.0,1.0
2130,O=C1C(O)=C(O)C(=O)C(O)=C1O,0.0,0.0,0.0,0.0,0.0,0.0,0.0,0.0,0.0,0.0,0.0,0.0
2131,CN1C(C(=O)Nc2ccccn2)=C(O)c2ccccc2S1(=O)=O,0.0,0.0,0.0,0.0,0.0,1.0,1.0,0.0,0.0,0.0,0.0,0.0
2132,CN1C(C(=O)Nc2ccccn2)=C(O)c2sccc2S1(=O)=O,0.0,0.0,0.0,0.0,0.0,0.0,1.0,0.0,0.0,0.0,0.0,0.0
2133,OC1(c2ccc(Cl)cc2)CCNCC1,0.0,,0.0,,,,,,,,,
2134,OC1(c2ccccc2)CCNCC1,0.0,,0.0,,,,,,,,,
2135,C=CCc1cc(OC)c(O)c(C(=O)NCCO)c1,0.0,0.0,1.0,0.0,0.0,0.0,0.0,0.0,0.0,0.0,0.0,0.0
2136,Cc1nc(C)c(Cl)c(O)c1Cl,0.0,0.0,0.0,0.0,0.0,0.0,0.0,0.0,0.0,0.0,0.0,0.0
2137,Cc1ccc2c(Cl)cc(Cl)c(O)c2n1,0.0,0.0,0.0,,,0.0,1.0,,1.0,,1.0,1.0
2138,Cc1ncc(CO)c(CO)c1O,0.0,0.0,0.0,0.0,0.0,0.0,0.0,0.0,0.0,0.0,0.0,0.0
2139,Cc1cc(O)c(C(C)C)cc1Cl,0.0,0.0,0.0,,0.0,0.0,1.0,,0.0,,0.0,
2140,CC(C)(C)NCC(O)c1cc(O)cc(O)c1.CC(C)(C)NCC(O)c1cc(O)cc(O)c1.O=S(=O)(O)O,0.0,0.0,0.0,0.0,0.0,0.0,0.0,0.0,0.0,0.0,0.0,0.0
2141,CC(C)NCC(O)c1cc(O)cc(O)c1.CC(C)NCC(O)c1cc(O)cc(O)c1.O=S(=O)(O)O,0.0,,0.0,,,,,,,,,
2142,CCCCCCc1ccc(O)cc1O,0.0,0.0,1.0,0.0,0.0,0.0,1.0,1.0,0.0,0.0,0.0,0.0
2143,Cc1ccc(O)c([C@H](CCN(C(C)C)C(C)C)c2ccccc2)c1,0.0,0.0,0.0,0.0,0.0,0.0,1.0,0.0,0.0,0.0,0.0,
2144,C[C@](N)(Cc1ccc(O)cc1)C(=O)O,0.0,,0.0,,,,,,,,,
2145,N[C@@H](Cc1ccc(O)cc1)C(=O)O,0.0,,0.0,,,,,,,,,
2146,CC(=O)N[C@@H](Cc1ccc(O)cc1)C(=O)O,0.0,0.0,0.0,0.0,0.0,0.0,0.0,0.0,0.0,0.0,0.0,0.0
2147,CCOC(=O)c1ccc(O)cc1,0.0,0.0,0.0,,0.0,0.0,0.0,1.0,0.0,0.0,0.0,0.0
2148,CCCCOC(=O)c1ccc(O)cc1,0.0,0.0,1.0,,1.0,0.0,1.0,1.0,0.0,0.0,1.0,0.0
2149,CCC(C)(C)c1ccc(O)cc1,0.0,0.0,0.0,0.0,1.0,0.0,1.0,1.0,0.0,0.0,0.0,0.0
2150,OC[C@H]1O[C@@H](Oc2ccc(O)cc2)[C@H](O)[C@@H](O)[C@@H]1O,0.0,0.0,0.0,0.0,0.0,0.0,0.0,0.0,0.0,0.0,0.0,0.0
2151,O=S(=O)(O)c1ccc(O)cc1,0.0,0.0,0.0,0.0,,,1.0,,0.0,0.0,0.0,0.0
2152,CC(=O)Nc1cc([As](=O)(O)O)ccc1O,0.0,0.0,0.0,0.0,0.0,0.0,0.0,0.0,0.0,0.0,0.0,0.0
2153,C[C@H](N)[C@H](O)c1ccc(O)c(O)c1,0.0,,0.0,,,,,,,,,
2154,NC[C@H](O)c1ccc(O)c(O)c1.O=C(O)C(O)C(O)C(=O)O.O=C(O)C(O)C(O)C(=O)O,0.0,,0.0,,,,,,,,,
2155,CNCC(=O)c1ccc(O)c(O)c1,0.0,,0.0,,,,,,,,,
2156,CCOC(=O)c1ccc(O)c(O)c1,0.0,,0.0,,,,,,,,,
2157,C[C@@H]1O[C@@H](OC[C@H]2O[C@@H](Oc3c(-c4ccc(O)c(O)c4)oc4cc(O)cc(O)c4c3=O)[C@H](O)[C@@H](O)[C@@H]2O)[C@H](O)[C@H](O)[C@H]1O,0.0,0.0,0.0,0.0,0.0,0.0,0.0,1.0,0.0,0.0,0.0,0.0
2158,CCN(CC)C(=O)c1ccc(O)c(OC)c1,0.0,0.0,0.0,0.0,0.0,0.0,0.0,0.0,0.0,0.0,0.0,0.0
2159,COc1cc(C=O)ccc1O,0.0,0.0,0.0,0.0,0.0,0.0,0.0,0.0,0.0,0.0,0.0,0.0
2160,CN(C)CCc1ccc(O)cc1,0.0,0.0,0.0,0.0,0.0,0.0,0.0,0.0,0.0,0.0,0.0,0.0
2161,NCCc1ccc(O)cc1,0.0,0.0,0.0,,0.0,0.0,0.0,0.0,0.0,0.0,0.0,0.0
2162,NCCc1ccc(O)c(O)c1,0.0,0.0,1.0,0.0,0.0,0.0,0.0,,0.0,0.0,0.0,0.0
2163,Cc1cc(O)ccc1Cl,0.0,0.0,0.0,0.0,0.0,0.0,1.0,1.0,0.0,0.0,0.0,0.0
2164,Oc1ccc(Cl)cc1,0.0,0.0,0.0,0.0,0.0,0.0,1.0,0.0,0.0,0.0,0.0,0.0
2165,CCC(=O)Nc1ccc(O)cc1,0.0,0.0,0.0,0.0,0.0,0.0,0.0,0.0,0.0,0.0,0.0,0.0
2166,CC(=O)Nc1ccc(O)cc1,0.0,0.0,0.0,0.0,0.0,0.0,0.0,0.0,0.0,0.0,0.0,0.0
2167,CC(=O)Nc1cccc(O)c1,0.0,0.0,0.0,0.0,0.0,0.0,0.0,0.0,0.0,0.0,0.0,0.0
2168,Oc1cccc(O)c1,0.0,0.0,0.0,0.0,0.0,0.0,0.0,0.0,0.0,0.0,0.0,0.0
2169,Oc1ccccc1,0.0,0.0,0.0,0.0,0.0,0.0,0.0,0.0,0.0,0.0,0.0,0.0
2170,CCOC(=O)c1ccccc1O,0.0,0.0,0.0,0.0,0.0,0.0,0.0,0.0,0.0,0.0,0.0,0.0
2171,CCCCC(CC)COC(=O)c1ccccc1O,0.0,,0.0,,,,,,,,,
2172,Oc1ccccc1-c1nnco1,0.0,,0.0,,,,,,,,,
2173,Oc1ccc(/C=C/c2cc(O)cc(O)c2)cc1,0.0,1.0,1.0,,1.0,,1.0,1.0,,,1.0,0.0
2174,Nc1ccc(C(=O)Oc2ccccc2)c(O)c1,0.0,0.0,0.0,,1.0,,,1.0,0.0,,1.0,0.0
2175,CC(CCc1ccc(O)cc1)NCCc1ccc(O)c(O)c1,0.0,0.0,0.0,,0.0,,,0.0,0.0,0.0,0.0,0.0
2176,CCCN(CCc1cccs1)[C@H]1CCc2c(O)cccc2C1,0.0,0.0,0.0,,0.0,0.0,,0.0,0.0,0.0,0.0,
2177,O=C1c2c(O)cccc2Cc2cccc(O)c21,0.0,0.0,0.0,0.0,0.0,0.0,0.0,0.0,0.0,0.0,0.0,0.0
2178,Oc1ccccc1C=NCc1ccccc1,0.0,,0.0,,,,,,,,,
2179,O=C(Oc1ccccc1)c1ccccc1O,1.0,1.0,0.0,0.0,0.0,0.0,0.0,0.0,0.0,0.0,0.0,0.0
2180,Oc1ncnc2[nH]ncc12,0.0,0.0,0.0,0.0,0.0,0.0,0.0,0.0,0.0,0.0,0.0,0.0
2181,C[C@]12CC[C@@H]3c4ccc(O)cc4CC[C@H]3[C@@H]1C[C@@H](O)[C@@H]2O,0.0,0.0,0.0,0.0,1.0,0.0,0.0,1.0,0.0,0.0,0.0,0.0
2182,C[C@]12CC[C@@H]3c4ccc(O)cc4CC[C@H]3[C@@H]1CCC2=O,0.0,1.0,0.0,0.0,1.0,0.0,1.0,1.0,0.0,0.0,0.0,0.0
2183,O=C1c2cccc(O)c2C(=O)c2c(O)cccc21,0.0,0.0,1.0,0.0,0.0,0.0,1.0,1.0,0.0,0.0,0.0,0.0
2184,OC[C@H]1O[C@@H](n2cnc3c(O)ncnc32)[C@H](O)[C@@H]1O,0.0,0.0,0.0,0.0,0.0,0.0,0.0,0.0,0.0,0.0,0.0,0.0
2185,C[C@H]1C[C@H]2[C@@H]3CCC4=CC(=O)C=C[C@]4(C)[C@H]3C(=O)C[C@]2(C)[C@@]1(O)C(=O)CO,0.0,1.0,0.0,,0.0,0.0,0.0,0.0,0.0,0.0,0.0,1.0
2186,C[C@]12C=CC(=O)C=C1CC[C@H]1[C@@H]3C[C@@H](O)[C@](O)(C(=O)CO)[C@@]3(C)C[C@H](O)[C@@]12F,0.0,1.0,0.0,,0.0,0.0,0.0,1.0,0.0,0.0,0.0,1.0
2187,C[C@]12C=CC(=O)C=C1CC[C@@H]1[C@@H]2C(=O)C[C@@]2(C)[C@H]1CC[C@]2(O)C(=O)CO,0.0,1.0,0.0,0.0,0.0,0.0,0.0,1.0,0.0,0.0,0.0,1.0
2188,C[C@]12CCC(=O)C=C1CC[C@@H]1[C@@H]2C(=O)C[C@@]2(C)[C@H]1CC[C@]2(O)C(=O)CO,0.0,1.0,0.0,0.0,0.0,0.0,0.0,0.0,0.0,0.0,0.0,1.0
2189,C[C@H]1C[C@H]2[C@@H]3CCC4=CC(=O)C=C[C@]4(C)[C@@]3(Cl)[C@@H](O)C[C@]2(C)[C@@]1(O)C(=O)CO,0.0,1.0,0.0,,0.0,0.0,0.0,0.0,0.0,0.0,0.0,1.0
2190,C[C@@H]1C[C@H]2[C@@H]3C[C@H](F)C4=CC(=O)C=C[C@]4(C)[C@@]3(F)[C@@H](O)C[C@]2(C)[C@@]1(O)C(=O)CO,0.0,1.0,0.0,,0.0,0.0,0.0,0.0,0.0,0.0,,1.0
2191,C[C@]12CCC(=O)C=C1CC[C@@H]1[C@@H]2[C@@H](O)C[C@@]2(C)[C@H]1CC[C@]2(O)C(=O)CO,0.0,1.0,0.0,,0.0,0.0,0.0,1.0,0.0,0.0,0.0,1.0
2192,C[C@]12CCC(=O)C=C1CC[C@H]1[C@@H]3CC[C@](O)(C(=O)CO)[C@@]3(C)C[C@H](O)[C@@]12F,0.0,1.0,0.0,,0.0,0.0,0.0,1.0,0.0,0.0,0.0,1.0
2193,C[C@H]1C[C@@H]2[C@H]([C@@H](O)C[C@@]3(C)[C@H]2CC[C@]3(O)C(=O)CO)[C@@]2(C)C=CC(=O)C=C12,0.0,1.0,0.0,,0.0,0.0,0.0,0.0,0.0,0.0,0.0,1.0
2194,C[C@]12C=CC(=O)C=C1[C@@H](F)C[C@@H]1[C@@H]2[C@@H](O)C[C@@]2(C)[C@H]1CC[C@]2(O)C(=O)CO,0.0,1.0,0.0,,0.0,0.0,0.0,,0.0,0.0,0.0,1.0
2195,C[C@]12C=CC(=O)C=C1CC[C@@H]1[C@@H]2[C@@H](O)C[C@@]2(C)[C@H]1CC[C@]2(O)C(=O)CO,0.0,1.0,0.0,,0.0,0.0,0.0,0.0,0.0,0.0,0.0,1.0
2196,CCCC(=O)O[C@]1(C(=O)CO)CC[C@H]2[C@@H]3CCC4=CC(=O)CC[C@]4(C)[C@H]3[C@@H](O)C[C@@]21C,0.0,,0.0,,,,,,,,,
2197,CCCCC(=O)O[C@]1(C(=O)CO)CC[C@H]2[C@@H]3CCC4=CC(=O)CC[C@]4(C)[C@H]3[C@@H](O)C[C@@]21C,0.0,1.0,0.0,,,0.0,0.0,0.0,0.0,0.0,0.0,1.0
2198,CC1(C)O[C@@H]2C[C@H]3[C@@H]4C[C@H](F)C5=CC(=O)CC[C@]5(C)[C@H]4[C@@H](O)C[C@]3(C)[C@]2(C(=O)CO)O1,0.0,1.0,0.0,,,0.0,0.0,0.0,0.0,0.0,0.0,0.0
2199,CC1(C)O[C@@H]2C[C@H]3[C@@H]4C[C@H](F)C5=CC(=O)C=C[C@]5(C)[C@@]4(F)[C@@H](O)C[C@]3(C)[C@]2(C(=O)CO)O1,0.0,1.0,0.0,,0.0,0.0,0.0,0.0,0.0,0.0,0.0,0.0
2200,C[C@]12C[C@H](O)[C@H]3[C@@H](CCC4=CC(=O)CC[C@@]43C)[C@@H]1CC[C@@H]2C(=O)CO,0.0,1.0,1.0,,0.0,0.0,0.0,0.0,0.0,0.0,0.0,1.0
2201,CCN(Cc1ccncc1)C(=O)C(CO)c1ccccc1,0.0,0.0,0.0,1.0,0.0,0.0,0.0,0.0,0.0,0.0,0.0,0.0
2202,Nc1nc(=O)c2ncn(CCC(CO)CO)c2[nH]1,0.0,0.0,0.0,0.0,0.0,0.0,0.0,0.0,0.0,0.0,0.0,0.0
2203,Nc1nc2c(ncn2COC(CO)CO)c(=O)[nH]1,0.0,0.0,0.0,0.0,0.0,0.0,0.0,0.0,0.0,0.0,0.0,0.0
2204,NC(CO)(CO)CO,0.0,0.0,0.0,0.0,0.0,0.0,0.0,0.0,0.0,0.0,0.0,0.0
2205,NC(CO)(CO)CO.O=C(c1ccccc1)c1ccc2n1CC[C@H]2C(=O)O,0.0,0.0,0.0,0.0,0.0,0.0,0.0,0.0,0.0,0.0,0.0,0.0
2206,Cn1c(=O)c2c(ncn2CC(O)CO)n(C)c1=O,0.0,0.0,0.0,0.0,0.0,0.0,0.0,0.0,0.0,0.0,0.0,0.0
2207,CC(=O)N(CC(O)CN(C(C)=O)c1c(I)c(C(=O)NCC(O)CO)c(I)c(C(=O)NCC(O)CO)c1I)c1c(I)c(C(=O)NCC(O)CO)c(I)c(C(=O)NCC(O)CO)c1I,0.0,0.0,0.0,0.0,0.0,0.0,0.0,0.0,0.0,0.0,0.0,0.0
2208,CC(=O)N(CC(O)CO)c1c(I)c(C(=O)NCCO)c(I)c(C(=O)NCC(O)CO)c1I,0.0,0.0,1.0,0.0,0.0,0.0,0.0,1.0,0.0,0.0,0.0,0.0
2209,O=C(NCC(O)CO)c1c(I)c(C(=O)NCC(O)CO)c(I)c(N(CCO)C(=O)CO)c1I,0.0,0.0,0.0,0.0,0.0,0.0,0.0,0.0,0.0,0.0,0.0,0.0
2210,C=C(C)C(=O)OCC(O)CO,0.0,,0.0,,,,,,,,,
2211,CCCCCCCC(=O)OCC(O)CO,0.0,0.0,0.0,0.0,0.0,0.0,0.0,0.0,0.0,0.0,0.0,0.0
2212,Cc1ccccc1OCC(O)CO,0.0,0.0,0.0,0.0,,0.0,0.0,1.0,0.0,0.0,0.0,0.0
2213,COc1ccccc1OCC(O)CO,0.0,0.0,0.0,0.0,0.0,0.0,0.0,0.0,0.0,0.0,0.0,0.0
2214,OCC(O)CS,0.0,,0.0,,0.0,0.0,0.0,0.0,0.0,0.0,0.0,0.0
2215,CC(C)(C)NCC(O)c1ccc(O)c(CO)c1,0.0,0.0,0.0,0.0,0.0,0.0,0.0,0.0,0.0,0.0,0.0,0.0
2216,OCc1ccc(Cl)cc1Cl,0.0,0.0,0.0,0.0,0.0,0.0,0.0,0.0,0.0,0.0,0.0,0.0
2217,OCc1ccccc1O,0.0,0.0,0.0,0.0,0.0,,0.0,0.0,0.0,0.0,0.0,0.0
2218,OCc1ccccn1,0.0,,1.0,,,,,,,,,
2219,OCc1cccnc1,0.0,0.0,0.0,0.0,0.0,0.0,0.0,0.0,0.0,0.0,0.0,0.0
2220,C[C@H]1O[C@H](O[C@H]2[C@H](O)[C@@H](O)[C@@H](O[C@H]3[C@H](O)[C@@H](O)[C@H](O)O[C@@H]3CO)O[C@@H]2CO)[C@H](O)[C@@H](O)[C@@H]1N[C@H]1C=C(CO)[C@@H](O)[C@H](O)[C@H]1O,0.0,0.0,0.0,0.0,1.0,0.0,0.0,1.0,0.0,0.0,0.0,0.0
2221,CCCCc1nc(Cl)c(CO)n1Cc1ccc(-c2ccccc2-c2nnn[nH]2)cc1,0.0,0.0,0.0,0.0,0.0,0.0,,0.0,1.0,0.0,0.0,0.0
2222,OCCCc1ccccc1,0.0,0.0,0.0,0.0,0.0,0.0,0.0,0.0,0.0,0.0,0.0,0.0
2223,N[C@@H](CSCCCO)C(=O)O,0.0,,0.0,,,,,,,,,
2224,OCCN1C[C@H](O)[C@@H](O)[C@H](O)[C@H]1CO,0.0,0.0,0.0,0.0,0.0,0.0,0.0,0.0,0.0,0.0,0.0,0.0
2225,O=C(/C=C/c1ccccc1)NCCO,0.0,,0.0,,,,,,,,,
2226,Cc1c(C(=O)NCCO)[n+]([O-])c2ccccc2[n+]1[O-],0.0,0.0,0.0,0.0,0.0,0.0,0.0,0.0,0.0,0.0,0.0,0.0
2227,OCCOc1ccccc1,0.0,0.0,0.0,0.0,0.0,0.0,0.0,0.0,0.0,0.0,0.0,0.0
2228,CCCCCCCCCCCCOCCO,1.0,0.0,0.0,,0.0,0.0,0.0,0.0,0.0,0.0,0.0,0.0
2229,OCCOCCN1CCN(C2=Nc3ccccc3Sc3ccccc32)CC1,0.0,0.0,0.0,0.0,0.0,0.0,,0.0,0.0,0.0,0.0,0.0
2230,OCCSCCO,0.0,0.0,0.0,0.0,0.0,0.0,0.0,0.0,0.0,0.0,0.0,0.0
2231,O=C(O)c1ccccc1OP(=O)(O)O,0.0,0.0,0.0,0.0,0.0,0.0,0.0,0.0,0.0,0.0,0.0,0.0
2232,O=C1NC(c2ccccc2)(c2ccccc2)C(=O)N1COP(=O)(O)O,0.0,,0.0,,,,,,,,,
2233,NCCCNCCSP(=O)(O)O,0.0,,0.0,,,,,,,,,
2234,COc1cc(O)c(C(=O)c2ccccc2)cc1S(=O)(=O)O,0.0,1.0,0.0,0.0,0.0,0.0,0.0,0.0,0.0,0.0,0.0,0.0
2235,Nc1ccc(C=Cc2ccc(N)cc2S(=O)(=O)O)c(S(=O)(=O)O)c1,0.0,,0.0,,,,,,,,,
2236,O=S(=O)(O)NC1CCCCC1,0.0,0.0,0.0,0.0,0.0,0.0,0.0,0.0,0.0,0.0,0.0,0.0
2237,COc1cc(C(=S)N2CCOCC2)cc(OC)c1OC,0.0,0.0,0.0,0.0,0.0,0.0,0.0,0.0,0.0,0.0,0.0,0.0
2238,COc1cc(C(=S)N2CCOCC2)ccc1O,0.0,0.0,0.0,0.0,0.0,0.0,0.0,0.0,0.0,0.0,0.0,0.0
2239,CCOC(=O)n1ccn(C)c1=S,0.0,0.0,0.0,0.0,0.0,0.0,0.0,0.0,0.0,0.0,0.0,0.0
2240,CCCc1cc(=O)[nH]c(=S)[nH]1,0.0,0.0,0.0,0.0,0.0,0.0,0.0,1.0,0.0,0.0,0.0,0.0
2241,Cn1cc[nH]c1=S,1.0,0.0,0.0,0.0,0.0,0.0,0.0,0.0,0.0,0.0,0.0,0.0
2242,Sc1ccccc1Cl,0.0,,0.0,,,,,,,,,
2243,Cc1ccc(O)c(C(C)(C)C)c1,,0.0,0.0,,0.0,0.0,,0.0,0.0,,0.0,0.0
2247,CC(NCCC(c1ccccc1)c1ccccc1)c1ccccc1.Cl,,0.0,,,,,1.0,,,,,0.0
2248,Cl.Cl.Fc1ccc(C(OCCN2CCN(CCCc3ccccc3)CC2)c2ccc(F)cc2)cc1,,0.0,,,0.0,0.0,,,,,,
2249,Oc1ccccc1[Hg]Cl,,0.0,,,1.0,,,,,,,1.0
2250,CCCCCCCCCCCC(=O)NCCCN(C)C,,0.0,,,,0.0,,,,,0.0,
2251,CO.COc1cc(Nc2c(C#N)cnc3cc(OCCCN4CCN(C)CC4)c(OC)cc23)c(Cl)cc1Cl,,0.0,,,,,1.0,,,1.0,,
2252,CCCCCCCC[N+](C)(CCCCCCCC)CCCCCCCC.O=S(=O)([N-]S(=O)(=O)C(F)(F)F)C(F)(F)F,,0.0,0.0,,,,,,,,,0.0
2254,CC1(C)S[C@@H]2[C@H](NC(=O)[C@H](N)c3ccc(O)cc3)C(=O)N2[C@H]1C(=O)O,,0.0,,0.0,0.0,0.0,0.0,0.0,0.0,0.0,0.0,0.0
2255,CCCCCCCCCCCC[N+](C)(C)Cc1ccccc1.[Br-],,0.0,,1.0,0.0,,1.0,,,,,
2256,CCCCCCCCCCCCCCCC[N+](C)(C)Cc1ccccc1.[Cl-],,0.0,,,0.0,0.0,1.0,,,,,
2258,CC(=O)[O-].CC(=O)[O-].[Hg+2],1.0,0.0,,,1.0,,,,,,,
2259,CCN1C(=CC=CC=Cc2sc3ccccc3[n+]2CC)Sc2ccccc21.[I-],,0.0,,,,,1.0,,0.0,,,
2260,CCCN(CCC)c1c([N+](=O)[O-])cc(C(F)(F)F)c(N)c1[N+](=O)[O-],,0.0,,,,,1.0,,,,0.0,
2261,CCCCCCCCCCCC[n+]1ccc2ccccc2c1.Cc1ccc(S(=O)(=O)[O-])cc1,,0.0,,,0.0,,1.0,,,,,
2263,COC(=O)C1=C(C)NC(C)=C(C(=O)OCCN(C)Cc2ccccc2)C1c1cccc([N+](=O)[O-])c1.Cl,,0.0,,,0.0,,,,,0.0,,
2264,CCCOc1sc(C(=O)N2CCC(c3cc(CN)ccc3F)CC2)c(C)c1Br.Cl,,0.0,,,,,,,,,0.0,1.0
2265,COc1ccc(C[C@H](N)C(=O)N[C@H]2[C@@H](O)[C@H](n3cnc4c(N(C)C)ncnc43)O[C@@H]2CO)cc1.Cl.Cl,,0.0,,,0.0,,,,,1.0,,
2266,O=C1C2CC=CCC2C(=O)N1SC(Cl)(Cl)Cl,1.0,0.0,1.0,,0.0,0.0,1.0,,0.0,1.0,0.0,0.0
2267,COc1ccc2c(c1)OC(C)(C)[C@@H](c1ccccc1)[C@@H]2c1ccc(OCCN2CCCC2)cc1,,0.0,,,,0.0,,0.0,,,,
2268,Nc1nc(N)c2nc(-c3ccccc3)c(N)nc2n1,,0.0,,,,1.0,0.0,1.0,,1.0,1.0,
2269,O=C1C=CC(=O)N1c1ccccc1,1.0,0.0,,,,0.0,,,,,,
2270,Oc1cccc(-c2c3nc(c(-c4cccc(O)c4)c4ccc([nH]4)c(-c4cccc(O)c4)c4nc(c(-c5cccc(O)c5)c5ccc2[nH]5)CC4)C=C3)c1,,0.0,,,0.0,1.0,,,0.0,,0.0,
2271,CCCCCCCCCCCCCCCCCC[N+](C)(C)Cc1ccccc1.[Cl-],,0.0,,,,0.0,1.0,,,,,
2272,O=C1c2c(O)ccc([N+](=O)[O-])c2C(=O)c2c([N+](=O)[O-])ccc(O)c21,,0.0,1.0,,,,1.0,,,,,
2273,CC[C@H](C)[C@H]1O[C@]2(C=C[C@@H]1C)C[C@@H]1C[C@@H](C/C=C(\C)[C@@H](O[C@H]3C[C@H](OC)[C@@H](O[C@H]4C[C@H](OC)[C@@H]([NH2+]C)[C@H](C)O4)[C@H](C)O3)[C@@H](C)/C=C/C=C3\CO[C@@H]4[C@H](O)C(C)=C[C@@H](C(=O)O1)[C@]34O)O2.O=C([O-])c1ccccc1,,0.0,,,,0.0,1.0,,,,,
2274,O=C1OC2(c3ccccc31)c1cc(Br)c(O)c(Br)c1Oc1c2cc(Br)c(O)c1Br,,0.0,,0.0,,0.0,,,,,0.0,
2275,Cc1cc(O)c(C(C)(C)C)cc1C(C)(C)C,,0.0,,,,0.0,1.0,,,,,
2276,CCCC(c1cc(C(C)(C)C)c(O)cc1C)c1cc(C(C)(C)C)c(O)cc1C,1.0,0.0,,,,,1.0,,,,,
2277,CCc1cc(Cc2cc(CC)cc(C(C)(C)C)c2O)c(O)c(C(C)(C)C)c1,,0.0,,,,0.0,1.0,,,,,
2278,Cc1cc(O)c(C(C)(C)C)cc1Sc1cc(C(C)(C)C)c(O)cc1C,1.0,0.0,,,,,1.0,,,,,
2279,CC(C)CC(C)Nc1ccc(Nc2ccccc2)cc1,,0.0,,,0.0,,,,,,0.0,
2280,CC1=C(/C=C/C(C)=C/C=C/C(C)=C/C=O)C(C)(C)CCC1,,0.0,,,1.0,0.0,,,,,,
2281,CC1=C(/C=C/C(C)=C/C=C/C(C)=C/C(=O)Nc2ccc(O)cc2)C(C)(C)CCC1,,0.0,,,0.0,0.0,1.0,,,,,0.0
2282,CCCCCc1cc(O)c2c(c1)OC(C)(C)c1ccc(C)cc1-2,,0.0,,,,1.0,1.0,,,,,
2283,CC1(C)CNC(=NN=C(/C=C/c2ccc(C(F)(F)F)cc2)/C=C/c2ccc(C(F)(F)F)cc2)NC1,,0.0,,,,1.0,,1.0,,,,
2285,CNCCCC12CCC(c3ccccc31)c1ccccc12.Cl,,0.0,,,,0.0,,,,,0.0,
2286,CCN(CC)CCOc1ccc(C(O)(Cc2ccc(Cl)cc2)c2ccc(C)cc2)cc1,,0.0,,,0.0,,,,,,,0.0
2287,O=c1[nH]c2ccccc2n1C1CCN(CCCC(c2ccc(F)cc2)c2ccc(F)cc2)CC1,,0.0,,0.0,0.0,0.0,,,0.0,,,
2289,C[C@]12O[C@H](C[C@]1(O)CO)n1c3ccccc3c3c4c(c5c6ccccc6n2c5c31)CNC4=O,,0.0,,1.0,,,1.0,,,1.0,,
2292,CN1C(=O)N(c2ccccc2Br)Cc2cnc(Nc3ccc4c(c3)OCC(CO)O4)nc21,,0.0,,,,,,,,1.0,,0.0
2293,C[C@@H]1CC[C@@]2(OC1)O[C@H]1[C@@H](O)[C@H]3[C@@H]4CC[C@H]5C[C@@H](O[C@@H]6O[C@H](CO)[C@H](O[C@@H]7O[C@H](CO)[C@@H](O)[C@H](O[C@@H]8OC[C@@H](O)[C@H](O)[C@H]8O)[C@H]7O[C@@H]7O[C@H](CO)[C@@H](O)[C@H](O[C@@H]8O[C@H](CO)[C@@H](O)[C@H](O)[C@H]8O)[C@H]7O)[C@H](O)[C@H]6O)[C@H](O)C[C@]5(C)[C@H]4CC[C@]3(C)[C@H]1[C@@H]2C,,0.0,,,1.0,,,,,,1.0,
2294,CCP(CC)(CC)=[Au]S[C@H]1O[C@@H](COC(C)=O)[C@H](OC(C)=O)[C@@H](OC(C)=O)[C@@H]1OC(C)=O,,0.0,,,1.0,,,,,,1.0,
2295,CO/N=C1/C[C@]2(C[C@@H]3C[C@@H](C/C=C(\C)C[C@@H](C)/C=C/C=C4\CO[C@@H]5[C@H](O)C(C)=C[C@@H](C(=O)O3)[C@]45O)O2)O[C@H](/C(C)=C/C(C)C)[C@H]1C,,1.0,,0.0,,0.0,1.0,,,,0.0,1.0
2296,CCN(CC)c1ccc(C(=C2C=CC(=[N+](CC)CC)C=C2)c2ccccc2)cc1.O=S(=O)([O-])O,,0.0,,,,,1.0,,,,1.0,
2297,CC(=O)O.CC(=O)O.N=C(NCCCCCCNC(=N)NC(=N)Nc1ccc(Cl)cc1)NC(=N)Nc1ccc(Cl)cc1,,0.0,1.0,,0.0,,,,,,,
2298,O=[N+]([O-])c1cc(C(F)(F)F)c(Cl)c([N+](=O)[O-])c1Cl,,0.0,,,,0.0,,,,,,0.0
2299,C/C=C/C(=O)Oc1c(CCCCCC(C)C)cc([N+](=O)[O-])cc1[N+](=O)[O-],,0.0,,,,0.0,1.0,,,,,
2301,CCCCCCCCCCCCN(CCO)CCO,,0.0,,,0.0,0.0,,,,,,
2302,CCCCCCCCCCCCCCCCn1cc[n+](C)c1.[Cl-],,0.0,1.0,1.0,,0.0,,,,,,
2304,CCC(C)Nc1ccc(NC(C)CC)cc1,1.0,0.0,,,,,1.0,,,,,
2305,O=C(Nc1ccc([N+](=O)[O-])cc1Cl)c1cc(Cl)ccc1O,,0.0,,,0.0,1.0,1.0,,,1.0,,
2306,CC[C@H]1O[C@]2(CC[C@@H]1C)C[C@@H]1C[C@@H](C/C=C(\C)C[C@@H](C)/C=C/C=C3\CO[C@@H]4[C@H](O)C(C)=C[C@@H](C(=O)O1)[C@]34O)O2,1.0,0.0,,,,0.0,,,,,,
2310,CC=O,,0.0,,1.0,,,1.0,,,,0.0,
2311,O=C(Nc1ccc2[nH]ccc2c1)c1cc2cc(F)ccc2n1Cc1cccc(F)c1,,0.0,,,,,1.0,,,,0.0,
2313,COc1cc(-c2nc(NC(=O)c3cc4cc(C)cc(C)c4n3CC(=O)O)sc2CCC2CCCCC2)c(OC)cc1Cl.O=C(O)C(F)(F)F,1.0,0.0,,,,0.0,,,,,,
2314,CCCCCCCCCCCCCCn1cc[n+](C)c1.O=S(=O)([N-]S(=O)(=O)C(F)(F)F)C(F)(F)F,,0.0,1.0,1.0,,0.0,,,,,,
2315,CCCCCCCCOC(=O)c1cc(O)c(O)c(O)c1,,0.0,,,,,,,,1.0,0.0,
2316,CCCCCCCCCC[N+](C)(CCCCCCCCCC)CCC[Si](OC)(OC)OC.[Cl-],,0.0,,,,0.0,,0.0,,,,
2317,CCCCCCCCCCCCn1cc[n+](C)c1.F[B-](F)(F)F,,0.0,1.0,1.0,,,1.0,,,,,
2318,c1cnc2c(c1)ccc1cccnc12,1.0,0.0,,,0.0,0.0,0.0,,0.0,1.0,0.0,0.0
2319,CCCCCCCCCCCCn1cc[n+](C)c1.O=S(=O)([O-])C(F)(F)F,,0.0,1.0,1.0,,,1.0,,,,,
2324,CCN1CCC2(CC1)COc1cc3c(cc12)N(C(=O)c1ccc(-c2ccc(-c4nnc(C)o4)cc2C)cc1)CC3.Cl,,0.0,,,0.0,,1.0,,,,,
2325,CNCC[C@H](Oc1cccc2ccccc12)c1cccs1.Cl,,0.0,,,0.0,,,,,,,0.0
2326,COc1cccc2c1[C@@H]1CN(CCCCn3c(=O)[nH]c4c(sc5ncc(-c6ccccc6)nc54)c3=O)C[C@@H]1CO2.Cl,,0.0,,,0.0,0.0,1.0,,,,,
2327,Oc1ccc([Hg]Cl)cc1,,0.0,,,1.0,0.0,,,1.0,1.0,1.0,
2329,CN1C2CCC1CC(OC(c1ccccc1)c1ccc(Cl)cc1)C2,,0.0,,,0.0,,,,,1.0,,0.0
2330,CS(=O)(=O)O.Cc1c(O)cccc1C(=O)N[C@@H](CSc1ccccc1)[C@H](O)CN1C[C@H]2CCCC[C@H]2C[C@H]1C(=O)NC(C)(C)C,1.0,0.0,,,,0.0,1.0,,,,0.0,1.0
2331,Oc1cc2ccccc2c2ccccc12,,0.0,,,1.0,1.0,1.0,,,,,
2334,CCCCCCCCCC[N+](C)(C)CCCCCCCCCC.[Cl-],,0.0,,,0.0,0.0,,,,,0.0,
2336,CC(=O)N1CCN(c2ccc(OC[C@H]3CO[C@](Cn4ccnc4)(c4ccc(Cl)cc4Cl)O3)cc2)CC1,1.0,0.0,1.0,0.0,0.0,1.0,,,0.0,0.0,0.0,0.0
2340,CCN(CC)CCOc1ccc(-c2nc3cc(Cl)ccc3s2)cc1.Cl,,0.0,,,0.0,1.0,,,,,,
2342,CNCCC(Oc1ccc(C(F)(F)F)cc1)c1ccccc1.Cl,0.0,0.0,,,0.0,,,,,,0.0,
2344,CCN(CC)C(=O)c1cc(S(=O)(=O)Cc2ccccc2)c(N2CCC(c3ccccc3)CC2)cc1N(CC)CCN(C)C.O=C(O)C(F)(F)F,0.0,0.0,,,0.0,0.0,,0.0,0.0,,0.0,0.0
2347,COC(=O)[C@]12CCC(C)(C)C[C@H]1[C@H]1C(=O)C=C3[C@@]4(C)C=C(C#N)C(=O)C(C)(C)[C@@H]4CC[C@@]3(C)[C@]1(C)CC2,,0.0,,,1.0,,1.0,,,,1.0,
2350,C=C[C@](C)(O)CC[C@@H]1[C@@]2(C)CCCC(C)(C)[C@@H]2CC[C@@]1(C)O,,0.0,,,0.0,0.0,,,,,0.0,
2351,C#CCOS(=O)OC1CCCCC1Oc1ccc(C(C)(C)C)cc1,0.0,0.0,1.0,,0.0,0.0,1.0,,,,0.0,
2352,Cc1cc(Cc2cc(C)cc(C(C)(C)C)c2O)c(O)c(C(C)(C)C)c1,1.0,0.0,,,,0.0,1.0,,,,,
2355,CCN(Cc1cccnc1)C(=O)c1cccc(Cl)c1[C@]1(C)C(=O)N(Cc2ccc(OC)cc2OC)c2ccc(Cl)cc21.Cl,1.0,0.0,,,,,1.0,,,,0.0,
2356,CN(C)CCCN1c2ccccc2Sc2ccc(Cl)cc21.Cl,,0.0,,,0.0,,,,,1.0,0.0,
2357,COc1cc(NS(C)(=O)=O)ccc1Nc1c2ccccc2nc2ccccc12.Cl,,0.0,,,,,1.0,0.0,,1.0,,
2360,CSc1nc2cc(Cl)c(Oc3cccc(Cl)c3Cl)cc2[nH]1,,0.0,,1.0,,,1.0,,0.0,,,0.0
2362,Cc1cc(F)ccc1-c1cc(N2CC[C@@H](O)[C@H]2CO)ncc1N(C)C(=O)C(C)(C)c1cc(C(F)(F)F)cc(C(F)(F)F)c1,,0.0,1.0,,,0.0,,,,,,0.0
2363,IC(I)=C(I)I,,0.0,,,0.0,,1.0,,,1.0,,
2366,O=C1C=CC(=O)N1c1ccc(Cc2ccc(N3C(=O)C=CC3=O)cc2)cc1,1.0,0.0,,,,0.0,,,,1.0,,
2367,CCCCCCCCCCCC[N+](C)(C)C.[Br-],,0.0,1.0,,,0.0,,,,,0.0,
2368,CCCCCCCCCCCCCCCC[n+]1ccccc1.[Cl-],,0.0,1.0,1.0,0.0,0.0,,,,,,
2369,CCCCCCCCCCCCCCCCCCNC(=O)OC1CCN(C(=O)OC[C@H](COC(=O)N(Cc2cccc[n+]2CC)C(=O)c2ccccc2OC)OC)CC1.[Cl-],,0.0,,,0.0,0.0,0.0,,,,,
2370,C=C1C(=O)O[C@H]2[C@H]1CC/C(C)=C/CC[C@@]1(C)O[C@@H]21,,0.0,,,,,0.0,,,1.0,,1.0
2371,C=C(C)C(=O)OCC(O)COc1ccc(C(C)(C)c2ccc(OCC(O)COC(=O)C(=C)C)cc2)cc1,,0.0,,,0.0,,1.0,,,,,0.0
2372,COc1cc2c(cc1O)CCN[C@]21CS[C@@H]2c3c(OC(C)=O)c(C)c4c(c3[C@H](COC1=O)N1[C@@H]2[C@H]2c3c(cc(C)c(OC)c3O)C[C@@H]([C@@H]1O)N2C)OCO4,,0.0,,,0.0,,,,,1.0,0.0,
2376,CCN(CC)c1ccc2c(C)cc(=O)oc2c1,,1.0,,,,1.0,,0.0,,1.0,0.0,
2378,N#Cc1nc(Cl)c(Cl)c(Cl)c1Cl,,0.0,,,1.0,,,,,1.0,1.0,
2380,Cc1cc(=O)oc2cc(N(C)C)ccc12,,0.0,,,,,,0.0,,1.0,1.0,
2382,CCCCCCCCCCCCn1cc[n+](C)c1.O=S(=O)([N-]S(=O)(=O)C(F)(F)F)C(F)(F)F,,0.0,,1.0,,0.0,,,,,0.0,0.0
2384,N#Cc1sc2c(=O)c3ccccc3c(=O)c=2sc1C#N,,0.0,1.0,,,1.0,,,,,0.0,
2385,N#Cc1c2ccccc2cc2ccccc12,,0.0,,,,,1.0,,,1.0,0.0,
2386,CO[C@H]1C[C@@H]2CC[C@@H](C)[C@@](O)(O2)C(=O)C(=O)N2CCCC[C@H]2C(=O)O[C@H]([C@H](C)C[C@@H]2CC[C@@H](O)[C@H](OC)C2)CC(=O)[C@H](C)/C=C(\C)[C@@H](O)[C@@H](OC)C(=O)[C@H](C)C[C@H](C)/C=C/C=C/C=C/1C,,0.0,,1.0,0.0,0.0,1.0,,,,,
2387,O=[N+]([O-])c1ccc(Cl)c([N+](=O)[O-])c1,,0.0,,,0.0,0.0,,,,1.0,1.0,1.0
2388,C=CC(=O)OCC(COC(=O)C=C)(COC(=O)C=C)COC(=O)C=C,,0.0,,,1.0,,,,1.0,,1.0,
2390,Cc1oc(-c2ccccc2)nc1CCOc1ccc(C[C@H](Nc2ccccc2C(=O)c2ccccc2)C(=O)O)cc1,,0.0,,,0.0,0.0,,,1.0,,,
2392,CC(=O)O[C@H]1C[C@H](O[C@H]2[C@@H](O)C[C@H](O[C@H]3[C@@H](O)C[C@H](O[C@H]4CC[C@@]5(C)[C@H](CC[C@@H]6[C@@H]5C[C@@H](O)[C@]5(C)[C@@H](C7=CC(=O)OC7)CC[C@]65O)C4)O[C@@H]3C)O[C@@H]2C)O[C@H](C)[C@H]1O[C@@H]1O[C@H](CO)[C@@H](O)[C@H](O)[C@H]1O,,,,,,0.0,1.0,,,1.0,,
2393,CCCCCCCCCCCCOC(=O)c1cc(O)c(O)c(O)c1,,0.0,,,,0.0,1.0,,,1.0,0.0,
2397,CCNc1ccc(C(=C2C=CC(=[N+](CC)CC)C=C2)c2ccc(N(CC)CC)cc2)c2ccccc12.[Cl-],1.0,0.0,0.0,1.0,,,1.0,,,,,
2399,C=C1/C(=C\C=C2/CCC[C@]3(C)[C@@H]([C@H](C)CCCC(C)(C)O)CC[C@@H]23)C[C@@H](O)C[C@@H]1O,,0.0,,0.0,0.0,,1.0,,,,,0.0
2401,CCCC[Sn](Cl)(CCCC)CCCC,,0.0,1.0,,,0.0,1.0,,1.0,,0.0,
2403,O=C1C2CC=CCC2C(=O)N1SC(Cl)(Cl)C(Cl)Cl,1.0,0.0,,,,0.0,1.0,1.0,,,,
2404,CCC(C)(NC(=O)c1cc(Cl)c(C)c(Cl)c1)C(=O)CCl,1.0,0.0,,,,0.0,,,,1.0,,
2405,N#CC(CCc1ccc(Cl)cc1)(Cn1cncn1)c1ccccc1,0.0,0.0,,1.0,0.0,,,,,,,0.0
2407,O=[N+]([O-])c1cc(I)c(O)c(I)c1,,0.0,,0.0,0.0,0.0,,,,,,
2408,Nc1ccc2c3c(cccc13)-c1ccccc1-2,,0.0,,,,1.0,,1.0,,,0.0,
2411,CO[C@H]1[C@@H](O)C[C@H](O[C@H]2[C@@H](O)C[C@H](O[C@H]3[C@@H](O)C[C@H](O[C@H]4CC[C@@]5(C)[C@H](CC[C@@H]6[C@@H]5C[C@@H](O)[C@]5(C)[C@@H](C7=CC(=O)OC7)CC[C@]65O)C4)O[C@@H]3C)O[C@@H]2C)O[C@@H]1C,,,,1.0,0.0,,1.0,,,0.0,,
2414,CCCCCCCCCCCCN1CCCC1=O,,0.0,,,,1.0,,,,,0.0,0.0
2415,Oc1c(Cl)cc(Cl)cc1Sc1cc(Cl)cc(Cl)c1O,1.0,0.0,,,0.0,0.0,1.0,,,1.0,0.0,
2416,CCCCCCCCCCCCCC[n+]1ccccc1.[Br-],,0.0,,1.0,0.0,0.0,1.0,,,,,
2417,CCCCCCCCCCn1cc[n+](CCCCCCCCCC)c1C.[Cl-],1.0,0.0,1.0,1.0,,,1.0,,,,,
2418,[Hg+2].[I-].[I-],1.0,0.0,,,1.0,,,,1.0,,,
2419,CCCCCCCCCCCCn1cc[n+](C)c1.[I-],,0.0,,,,0.0,1.0,,,,0.0,
2420,CO[C@@H]1[C@H](O)C[C@@H](O[C@@H]2C[C@H](Oc3cc4cc5c(c(O)c4c(O)c3C)C(=O)[C@@H](O[C@H]3C[C@@H](O[C@H]4C[C@@H](O[C@H]6C[C@](C)(O)[C@@H](OC(C)=O)[C@H](C)O6)[C@H](O)[C@@H](C)O4)[C@H](O)[C@@H](C)O3)[C@H]([C@H](OC)C(=O)[C@@H](O)[C@@H](C)O)C5)O[C@H](C)[C@@H]2OC(=O)O)O[C@@H]1C,,0.0,,1.0,,,1.0,,,1.0,0.0,
2423,CC(C)C1CCC(Cc2ccc(Cl)cc2)C1(O)Cn1cncn1,,0.0,,1.0,0.0,,,,,,0.0,0.0
2424,CC/C(=C(\c1ccccc1)c1ccc(OCCN(C)C)cc1)c1ccccc1,,0.0,,1.0,1.0,0.0,,1.0,,,0.0,0.0
2425,CN(C)CCOc1ccc(/C(=C(/CCCl)c2ccccc2)c2ccccc2)cc1.O=C(O)CC(O)(CC(=O)O)C(=O)O,,0.0,,1.0,0.0,0.0,,,0.0,0.0,0.0,
2426,CCOC(=O)Oc1c(OC)cc(C(=O)O[C@@H]2C[C@@H]3CN4CCc5c([nH]c6cc(OC)ccc56)[C@H]4C[C@@H]3[C@H](C(=O)OC)[C@H]2OC)cc1OC,,0.0,,0.0,0.0,,,0.0,,0.0,,
2427,C[C@H]1O[C@@H](O[C@H]2[C@@H](O)C[C@H](O[C@H]3[C@@H](O)C[C@H](O[C@H]4CC[C@@]5(C)[C@H](CC[C@@H]6[C@@H]5C[C@@H](O)[C@]5(C)[C@@H](C7=CC(=O)OC7)CC[C@]65O)C4)O[C@@H]3C)O[C@@H]2C)C[C@H](O)[C@@H]1O,0.0,,,1.0,1.0,0.0,1.0,1.0,,1.0,,1.0
2430,O=C1OC2(c3ccc(O)cc3Oc3cc(O)ccc32)c2ccccc21,,0.0,,0.0,0.0,0.0,1.0,1.0,,,0.0,
2431,N#CC(C#N)=NNc1cccc(Cl)c1,1.0,0.0,,1.0,,0.0,1.0,,,,,
2432,CCCCCCCCCCCCCCCCn1cc[n+](C)c1.F[B-](F)(F)F,,0.0,1.0,1.0,,,1.0,,,,0.0,
2433,CCN(CC)CCOc1ccc(C(=C(Cl)c2ccccc2)c2ccccc2)cc1.O=C(O)CC(O)(CC(=O)O)C(=O)O,,0.0,,1.0,0.0,0.0,,,,,0.0,
2434,CC(C)N(C(=O)CCl)c1ccccc1,,0.0,,,0.0,,0.0,,,1.0,0.0,0.0
2435,CC/N=c1/cc2oc3cc(NCC)c(C)cc3c(-c3ccccc3C(=O)OCC)c-2cc1C.Cl,1.0,0.0,1.0,1.0,0.0,,,,,1.0,0.0,
2436,CCCCCCCC[Sn](Cl)(Cl)CCCCCCCC,1.0,0.0,1.0,,,,,,0.0,,,
2437,CCC/C=C/C=C/C(=O)O[C@H]1/C(=C/C(=O)OC)C[C@H]2C[C@H]([C@@H](C)O)OC(=O)C[C@H](O)C[C@@H]3C[C@H](OC(C)=O)C(C)(C)[C@](O)(C[C@@H]4C/C(=C/C(=O)OC)C[C@H](/C=C/C(C)(C)[C@]1(O)O2)O4)O3,,0.0,,0.0,,0.0,1.0,,0.0,,,
2438,CCCC[Sn](Cl)(Cl)CCCC,1.0,0.0,1.0,1.0,1.0,,1.0,,,,,
2440,Clc1ccc(C(c2ccc(Cl)cc2)C(Cl)Cl)cc1,,0.0,,,0.0,0.0,1.0,,0.0,,0.0,0.0
2441,COC(=O)N(C(=O)N1CO[C@@]2(C(=O)OC)Cc3cc(Cl)ccc3C2=N1)c1ccc(OC(F)(F)F)cc1,,0.0,,1.0,,0.0,1.0,,,,0.0,
2442,CC(C)N(C(=O)SCC(Cl)=CCl)C(C)C,,0.0,,1.0,,0.0,,0.0,,,,
2443,CCCCCCCCCCCCCC[n+]1ccc(C)cc1.[Cl-],,0.0,,,0.0,0.0,1.0,,,,,
2444,CCN1C(=CC=CC=Cc2sc3ccccc3[n+]2CC)Sc2ccccc21.[Cl-],,0.0,,,0.0,,1.0,,0.0,,,0.0
2445,CN[C@H]1CC[C@@H](c2ccc(Cl)c(Cl)c2)c2ccccc21.Cl,,0.0,,,0.0,0.0,,,,,,0.0
2447,CCCCCCCCCCCCCC[P+](CCCC)(CCCC)CCCC.CCCCCCCCCCCCc1ccccc1S(=O)(=O)[O-],1.0,0.0,,,,,1.0,,,1.0,0.0,
2448,OB(O)O[Hg]c1ccccc1,,0.0,,,1.0,,,,,1.0,1.0,1.0
2449,O=C(Nc1cccc(C(F)(F)F)c1)c1cc(Br)cc(Br)c1O,1.0,0.0,,,0.0,,1.0,,0.0,1.0,0.0,
2452,CCCCCCCC[N+](C)(C)CCCCCCCC.[Cl-],,0.0,,,0.0,0.0,1.0,,,0.0,,0.0
2454,CN(C[C@@H](CC[N+]12CCC(C3CCCCC3)(CC1)CC2)c1ccc(Cl)c(Cl)c1)C(=O)c1cc(C(F)(F)F)cc(C(F)(F)F)c1.CS(=O)(=O)[O-],,0.0,,,,0.0,0.0,,0.0,,0.0,
2455,CC(C)(C)c1ccc(C(O)CCCN2CCC(C(O)(c3ccccc3)c3ccccc3)CC2)cc1,,0.0,,0.0,0.0,0.0,,0.0,0.0,,0.0,0.0
2456,CC(C)C[C@@H]1NC(=O)[C@H](CCCN)NC(=O)[C@H](C(C)C)NC(=O)[C@@H]2CCCN2C(=O)[C@@H](Cc2ccccc2)NC(=O)[C@H](CC(C)C)NC(=O)[C@H](CCCN)NC(=O)[C@H](C(C)C)NC(=O)[C@@H]2CCCN2C(=O)[C@@H](Cc2ccccc2)NC1=O,,0.0,,,0.0,,1.0,,1.0,1.0,,
2460,CCCOC/C(=N\c1ccc(Cl)cc1C(F)(F)F)n1ccnc1,,0.0,1.0,1.0,,0.0,,,1.0,,0.0,
2462,CNC(=O)c1cc(Oc2ccc(NC(=O)Nc3ccc(Cl)c(C(F)(F)F)c3)cc2)ccn1.Cc1ccc(S(=O)(=O)O)cc1,,0.0,,,0.0,0.0,1.0,,,1.0,,
2463,CN1CCN(C2Cc3ccccc3Sc3ccc(Cl)cc32)CC1.O=C(O)/C=C\C(=O)O,,0.0,,,0.0,,,0.0,,,0.0,0.0
2464,O=C(OC[C@H]1O[C@@H](OC(=O)c2cc(O)c(O)c(OC(=O)c3cc(O)c(O)c(O)c3)c2)[C@H](OC(=O)c2cc(O)c(O)c(OC(=O)c3cc(O)c(O)c(O)c3)c2)[C@@H](OC(=O)c2cc(O)c(O)c(OC(=O)c3cc(O)c(O)c(O)c3)c2)[C@@H]1OC(=O)c1cc(O)c(O)c(OC(=O)c2cc(O)c(O)c(O)c2)c1)c1cc(O)c(O)c(OC(=O)c2cc(O)c(O)c(O)c2)c1,,1.0,1.0,,0.0,1.0,1.0,0.0,,1.0,1.0,0.0
2468,CCCCCCCCCCCCCCCC[N+](C)(C)C.[Cl-],,0.0,,,0.0,0.0,1.0,,,,0.0,
2470,[Cl-].[Cl-].[Hg+2],1.0,0.0,,,1.0,1.0,,,1.0,1.0,,1.0
2471,CC(C)(C)c1ccc(C(=O)CCCN2CCC(OC(c3ccccc3)c3ccccc3)CC2)cc1,,0.0,,0.0,0.0,,,,0.0,,0.0,0.0
2473,Cc1cc(O)c2c(c1)O[C@@]1(C)CC[C@H]3C(C)(C)CCCC34CO[C@@H]2[C@H]41,,0.0,,,0.0,0.0,,,,,0.0,0.0
2477,Clc1cc(Cl)c(OCC#CI)cc1Cl,,0.0,,,0.0,0.0,,,0.0,,0.0,
2480,O=C1NCN(c2ccccc2)C12CCN(CCCC(c1ccc(F)cc1)c1ccc(F)cc1)CC2,,0.0,,0.0,0.0,0.0,,,0.0,,,0.0
2483,C=CC(=O)OCC(CC)(COC(=O)C=C)COC(=O)C=C,,0.0,1.0,,1.0,,1.0,,,,1.0,
2486,CCCCCCCCn1sccc1=O,1.0,0.0,,,,0.0,1.0,,,1.0,0.0,0.0
2487,CCCCCCCCCCCCN1CCCCCC1=O,,0.0,,,0.0,0.0,,0.0,,,,0.0
2488,CC(C)(C)c1cc(/C=C2\SC(=N)NC2=O)cc(C(C)(C)C)c1O.CS(=O)(=O)O,,0.0,1.0,,,0.0,1.0,,,,,0.0
2490,Oc1ccc(C2(c3ccc(O)cc3)c3ccccc3-c3ccccc32)cc1,,0.0,,,,0.0,,,,1.0,0.0,0.0
2491,CCCCCCCCCCCCCCN(CCO)CCO,,0.0,0.0,,0.0,0.0,,0.0,,,,
2493,CCCCCCCCCCCC[N+](C)(C)C.[Cl-],0.0,0.0,1.0,1.0,0.0,0.0,0.0,,,,0.0,
2495,CC1(S(=O)(=O)[O-])CC(=O)c2ccccc2C1=O.[Na+],,0.0,,,,1.0,,,,1.0,0.0,0.0
2496,O=[N+]([O-])/C=C/c1ccccc1,,0.0,,,0.0,,,0.0,,1.0,1.0,
2497,C/C(=C\c1ccccc1)[N+](=O)[O-],1.0,0.0,,,0.0,0.0,1.0,,,,,
2498,CCC(C)[C@H]1O[C@]2(C=C[C@@H]1C)C[C@@H]1C[C@@H](C/C=C(\C)[C@@H](O[C@H]3C[C@H](OC)[C@@H](O[C@H]4C[C@H](OC)[C@H](NC(C)=O)[C@H](C)O4)[C@H](C)O3)[C@@H](C)/C=C/C=C3\CO[C@@H]4[C@H](O)C(C)=C[C@@H](C(=O)O1)[C@]34O)O2,,0.0,,,0.0,0.0,1.0,,,,0.0,0.0
2502,Cl.Nc1c2ccccc2nc2ccccc12.O,,0.0,,1.0,,1.0,1.0,1.0,,1.0,0.0,
2503,CCOC(=O)c1nc(C(Cl)(Cl)Cl)n(-c2ccc(Cl)cc2Cl)n1,,0.0,,,0.0,0.0,,,,1.0,0.0,
2504,ClC1=C(Cl)C2(Cl)C3C(Cl)C(Cl)CC3C1(Cl)C2(Cl)Cl,,0.0,,,1.0,0.0,1.0,,,,0.0,
2505,CCc1nn(C)c(C(=O)NCc2ccc(C(C)(C)C)cc2)c1Cl,1.0,0.0,1.0,,,0.0,,,,,0.0,
2507,CO[C@H]1C[C@H](O[C@H]2[C@H](C)O[C@@H](O[C@@H]3/C(C)=C/C[C@@H]4C[C@@H](C[C@]5(C=C[C@H](C)[C@@H](C6CCCCC6)O5)O4)OC(=O)[C@@H]4C=C(C)[C@@H](O)[C@H]5OC/C(=C\C=C\[C@@H]3C)[C@]54O)C[C@@H]2OC)O[C@@H](C)[C@@H]1O,,0.0,,0.0,0.0,0.0,1.0,,,,,0.0
2508,COC(=O)[C@H]1[C@H]2C[C@@H]3c4[nH]c5ccccc5c4CCN3C[C@H]2C[C@@H](OC(=O)c2cc(OC)c(OC)c(OC)c2)[C@@H]1OC,,0.0,,,0.0,1.0,1.0,0.0,,0.0,0.0,
2509,Nc1ccc(N)c2ccccc12,,0.0,,,0.0,1.0,1.0,,,,,0.0
2511,CC(=O)OC(OC(C)=O)c1ccc([N+](=O)[O-])o1,1.0,0.0,1.0,,,0.0,,,,,1.0,
2514,CC(=O)O[C@H]1C[C@H](O[C@H]2[C@@H](O)C[C@H](O[C@H]3[C@@H](O)C[C@H](OC4CC[C@@]5(C)[C@H](CC[C@@H]6[C@@H]5CC[C@]5(C)[C@@H](C7=CC(=O)OC7)CC[C@]65O)C4)O[C@@H]3C)O[C@@H]2C)O[C@H](C)[C@H]1O[C@@H]1O[C@H](CO)[C@@H](O)[C@H](O)[C@H]1O,,,,,0.0,0.0,1.0,,,1.0,,
2516,CC(=O)NC1(c2cccc(F)c2)CCN(CC[C@@]2(c3ccc(Cl)c(Cl)c3)CN(c3ccccc3)C(=O)CO2)CC1.O=C(O)CCC(=O)O,0.0,0.0,,,0.0,0.0,,,,,0.0,
2517,CC[C@]1(O)C[C@H]2C[N@](CCc3c([nH]c4ccccc34)[C@@](C(=O)OC)(c3cc4c(cc3OC)N(C)[C@H]3[C@@](O)(C(N)=O)[C@H](O)[C@]5(CC)C=CCN6CC[C@]43[C@@H]65)C2)C1.O=S(=O)(O)O,,0.0,,0.0,,,,0.0,,1.0,1.0,
2519,OCCN(CCO)c1nc(N2CCCCC2)c2nc(N(CCO)CCO)nc(N3CCCCC3)c2n1,,0.0,,,,0.0,,,0.0,1.0,,
2520,CN(C)C(=S)[S-].CN(C)C(=S)[S-].[Cu+2],1.0,0.0,,,1.0,,,,,0.0,1.0,
2521,CN(C)C(=S)[S-].CN(C)C(=S)[S-].CN(C)C(=S)[S-].[Fe+3],1.0,0.0,,,0.0,,,,,0.0,,
2522,NC(=O)c1nc(-c2cccc(-c3cc(F)ccc3OCC(F)(F)C(F)(F)F)c2)n[n-]1.O.[K+],,0.0,1.0,,0.0,0.0,,,,,,0.0
2525,[O-][n+]1ccccc1S[Zn]Sc1cccc[n+]1[O-],1.0,0.0,,,1.0,,1.0,,1.0,1.0,1.0,1.0
2526,O=c1oc2ccccc2c(O)c1C(CC(O)c1ccc(-c2ccc(Br)cc2)cc1)c1ccccc1,,0.0,,0.0,0.0,0.0,1.0,0.0,1.0,1.0,0.0,
2528,CC[C@H](C)C(=O)O[C@H]1C[C@@H](C)C=C2C=C[C@H](C)[C@H](CC[C@@H]3C[C@@H](O)CC(=O)O3)[C@H]21,0.0,0.0,1.0,1.0,0.0,0.0,1.0,0.0,0.0,0.0,0.0,0.0
2529,c1ccc2cc3c(cc2c1)-c1cccc2cccc-3c12,,0.0,,,,1.0,,0.0,,1.0,0.0,
2530,CO[C@@H]1[C@@H](O[C@@H]2O[C@H](C)[C@@H](O[C@H]3C[C@@](C)(O)[C@@H](OC(=O)CC(C)C)[C@H](C)O3)[C@H](N(C)C)[C@H]2O)[C@@H](CC=O)C[C@@H](C)C(=O)/C=C/C2OC2C[C@@H](C)OC(=O)C[C@H]1OC(C)=O,,0.0,,0.0,0.0,0.0,0.0,,,,,
2532,C=C(C)C(=O)O[Sn](CCCC)(CCCC)CCCC,1.0,0.0,1.0,,,,1.0,,1.0,,,
2533,COc1ccc2cc(S(=O)(=O)N[C@H](CC(=O)N[C@H](Cc3ccc(CN4[C@H](C)CCC[C@@H]4C)cc3)C(=O)N(C)C(C)C)c3ccc4c(c3)OCO4)ccc2c1.Cl,0.0,0.0,,,,0.0,1.0,,,,,0.0
2535,O=S1(=O)CC(Cl)(Cl)C(Cl)(Cl)C1,1.0,0.0,,,1.0,,,,1.0,,1.0,
2538,N#C/C(=C1/SC[C@@H](c2ccc(Cl)cc2Cl)S1)n1ccnc1,,0.0,1.0,1.0,0.0,1.0,0.0,,,0.0,0.0,0.0
2540,NC(=O)N1C(=O)C(C(=O)c2cc(Cl)cs2)c2cc(F)c(Cl)cc21,,0.0,,,0.0,1.0,,,,1.0,0.0,
2543,CCOc1nc2cccc(C(=O)OC(C)OC(=O)OC3CCCCC3)c2n1Cc1ccc(-c2ccccc2-c2nnn[nH]2)cc1,,0.0,,,,0.0,1.0,,,,0.0,0.0
2546,CO[C@H]1C[C@@H]2CC[C@@H](C)[C@@](O)(O2)C(=O)C(=O)N2CCCC[C@H]2C(=O)O[C@H]([C@H](C)C[C@@H]2CC[C@@H](OCCO)[C@H](OC)C2)CC(=O)[C@H](C)/C=C(\C)[C@@H](O)[C@@H](OC)C(=O)[C@H](C)C[C@H](C)/C=C/C=C/C=C/1C,,0.0,,1.0,,0.0,1.0,0.0,,,,
2547,O=C1OC2(c3ccc([O-])cc3Oc3cc([O-])ccc32)c2ccccc21.[Na+].[Na+],,0.0,,0.0,0.0,0.0,,0.0,,,0.0,
2549,C=C1CC[C@H](O)C/C1=C/C=C1\CCC[C@]2(C)[C@@H]([C@H](C)/C=C/[C@H](C)C(C)C)CC[C@@H]12,1.0,0.0,1.0,0.0,0.0,0.0,0.0,1.0,,,0.0,0.0
2550,CC(C)(C)c1ccc(O)c(C(C)(C)C)c1,,0.0,0.0,,,0.0,1.0,,0.0,,0.0,0.0
2551,CCCCCCC(C)Nc1ccc(Nc2ccccc2)cc1,,0.0,,,0.0,,1.0,,,,0.0,0.0
2553,C=CC(=O)O[Sn](CCCC)(CCCC)CCCC,1.0,0.0,1.0,,,,1.0,,1.0,,,
2554,CCCCCCCCCCCCN.Cl,,0.0,0.0,,,0.0,,,0.0,,0.0,
2555,N#Cc1c(Cl)c(Cl)c(Cl)c(C#N)c1Cl,1.0,0.0,,,1.0,0.0,,,,1.0,1.0,
2556,CC1COC(Cn2cncn2)(c2ccc(Oc3ccc(Cl)cc3)cc2Cl)O1,0.0,0.0,1.0,,,0.0,,,,,,0.0
2560,COc1cc([C@@H]2c3cc4c(cc3C(O[C@@H]3O[C@@H]5COC(c6cccs6)O[C@H]5[C@H](O)[C@H]3O)C3COC(=O)[C@@H]32)OCO4)cc(OC)c1O,,0.0,,,0.0,,,,,1.0,0.0,
2562,O=C(O)CN(CC(=O)O)CC1=CC2C(=CC1=O)Oc1cc(O)c(CN(CC(=O)O)CC(=O)O)cc1C21OC(=O)c2ccccc21,,0.0,,0.0,0.0,0.0,,,,0.0,0.0,
2563,O=C1C(Cl)=C(Cl)C(=O)c2ccccc21,1.0,0.0,,1.0,,1.0,1.0,,0.0,,0.0,0.0
2565,CCCCC(CC)COC(=O)c1ccc(O)cc1,,0.0,0.0,,1.0,0.0,1.0,1.0,0.0,,0.0,0.0
2566,Oc1ccc(C2(c3ccc(O)cc3)CC3CC2C2CCCC32)cc1,1.0,0.0,1.0,1.0,,,1.0,,,,0.0,
2567,CCC(C)(C)c1ccc(O)c(C(C)(C)CC)c1,,0.0,,,0.0,0.0,1.0,0.0,0.0,,,0.0
2568,CCCCCCCC/C=C\CCCCCCCCOCCO,,0.0,1.0,,,0.0,1.0,,,,0.0,
2569,CCCCCCCCCCCCCCn1cc[n+](C)c1.[Cl-],,0.0,1.0,1.0,,0.0,1.0,,,,0.0,
2570,N#C[Au-]C#N.[K+],1.0,0.0,1.0,,1.0,,,,,,1.0,
2571,CO[C@H](C(=O)[C@@H](O)[C@@H](C)O)C1Cc2cc3cc(O[C@H]4C[C@@H](O[C@H]5C[C@@H](O)[C@H](O)[C@@H](C)O5)[C@@H](O)[C@@H](C)O4)c(C)c(O)c3c(O)c2C(=O)[C@H]1O[C@H]1C[C@@H](O[C@H]2C[C@@H](O[C@H]3C[C@](C)(O)[C@H](O)[C@@H](C)O3)[C@H](O)[C@@H](C)O2)[C@H](O)[C@@H](C)O1,,0.0,,1.0,0.0,,1.0,,,1.0,0.0,
2573,CCCC[Sn](CCCC)(CCCC)OC(=O)c1ccccc1,1.0,0.0,1.0,,,,1.0,,1.0,,,
2574,FC(F)C(F)(F)OCC(Cn1cncn1)c1ccc(Cl)cc1Cl,0.0,0.0,,1.0,0.0,1.0,,,,,,
2575,CCCC[Sn](CCCC)(OC(C)=O)OC(C)=O,,0.0,1.0,,0.0,,1.0,,,1.0,,
2576,O=C(CCCCCCCCc1cccnc1)N1CCC(C=C(c2ccccc2)c2ccccc2)CC1,1.0,0.0,,,,0.0,,,,,0.0,0.0
2577,CCOC(=O)C1=C(COCCN)NC(C)=C(C(=O)OC)C1c1ccccc1Cl.O=S(=O)(O)c1ccccc1,,0.0,,1.0,,0.0,,0.0,1.0,1.0,0.0,1.0
2580,CC(C)(C)c1cc([N+](=O)[O-])cc(C(C)(C)C)c1O,,0.0,,,,0.0,1.0,,0.0,,,
2582,CCCCC(CC)COP(=O)(O)OCC(CC)CCCC,,0.0,,0.0,0.0,0.0,1.0,,,,0.0,0.0
2583,Cl[Au](Cl)Cl,1.0,0.0,1.0,,1.0,0.0,,,,,,
2584,O=[N+]([O-])c1ccc(O)cc1C(F)(F)F,0.0,0.0,,,,,,,,1.0,0.0,
2585,C[C@H](CCC(=O)O)[C@H]1CC[C@H]2[C@@H]3CC[C@@H]4C[C@H](O)CC[C@]4(C)[C@H]3CC[C@]12C,,0.0,1.0,0.0,0.0,0.0,1.0,0.0,,,0.0,0.0
2587,O=[N+]([O-])c1ccc(O/N=C/c2cc(Br)c(O)c(Br)c2)c([N+](=O)[O-])c1,1.0,0.0,,0.0,,,1.0,,0.0,,0.0,
2588,C[C@]12Cc3nonc3C[C@@H]1CC[C@@H]1[C@@H]2CC[C@@]2(C)[C@H]1CC[C@]2(C)O,0.0,1.0,,,,0.0,,,,0.0,,1.0
2591,CCCCCCCCCCn1cc[n+](C)c1.F[P-](F)(F)(F)(F)F,0.0,0.0,1.0,1.0,,,1.0,,,,0.0,
2592,N#Cc1cc(I)c(O)c(I)c1,0.0,0.0,,1.0,,0.0,,,,1.0,,
2593,O=C(CCl)c1ccccc1,1.0,0.0,1.0,,0.0,1.0,0.0,1.0,0.0,0.0,1.0,0.0
2595,OC(c1ccc(Cl)cc1)(c1ccc(Cl)cc1)C(Cl)(Cl)Cl,,0.0,,,,0.0,1.0,,,,0.0,0.0
2596,Oc1ccc(C(c2ccc(O)cc2)C(Cl)(Cl)Cl)cc1,1.0,0.0,1.0,,,,1.0,1.0,,,0.0,0.0
2597,N#Cc1cc(Br)c(O)c(Br)c1,0.0,1.0,,0.0,0.0,1.0,,,,1.0,,
2599,CN1CCc2cc3c(cc2C1O)OCO3.Cl,,0.0,,0.0,,0.0,0.0,0.0,,,0.0,
2600,Clc1ccc2cc3ccccc3cc2c1,,0.0,0.0,,,1.0,,,,1.0,0.0,
2601,C=CCOC(Cn1ccnc1)c1ccc(Cl)cc1Cl,1.0,0.0,,1.0,,1.0,,,0.0,1.0,0.0,
2603,Oc1c(Cl)c(Cl)cc(Cl)c1Cl,0.0,0.0,1.0,1.0,0.0,,1.0,,,,,
2605,CCCC(Cn1cncn1)c1ccc(Cl)cc1Cl,0.0,0.0,1.0,1.0,0.0,,,,,,,0.0
2607,CC[C@H]1CN2CCc3cc(OC)c(OC)cc3[C@@H]2C[C@@H]1C[C@H]1NCCc2cc(OC)c(OC)cc21.Cl.Cl,0.0,0.0,,1.0,,0.0,,,,,,0.0
2610,CC(C)Nc1ccc(Nc2ccccc2)cc1,,0.0,1.0,,0.0,0.0,,,0.0,1.0,0.0,0.0
2611,Cl.O=C1CSC2(CCN(CCCN3c4ccccc4Sc4ccc(Cl)cc43)CC2)N1,,0.0,,,0.0,1.0,1.0,,,,0.0,0.0
2612,N#CSc1ccc([N+](=O)[O-])cc1[N+](=O)[O-],1.0,0.0,,,1.0,0.0,1.0,,,,0.0,
2613,Nc1ccc2cc3ccccc3cc2c1,,0.0,,,,1.0,1.0,1.0,,1.0,1.0,
2615,CCCCCCCCCCCCCC[N+](C)(C)C.[Cl-],,0.0,1.0,,0.0,0.0,1.0,,,,0.0,
2617,O.O.O=[Cr](=O)([O-])O[Cr](=O)(=O)[O-].[Na+].[Na+],,0.0,1.0,,0.0,,,0.0,,1.0,0.0,
2621,Cc1cc2c(C(C)C)c(O)c(O)c(C=O)c2c(O)c1-c1c(C)cc2c(C(C)C)c(O)c(O)c(C=O)c2c1O,,0.0,,,0.0,0.0,1.0,,0.0,,1.0,
2622,CCCC[Sn](CCCC)(CCCC)O[Sn](CCCC)(CCCC)CCCC,1.0,0.0,1.0,,,,1.0,,1.0,,0.0,
2625,O=C1c2ccccc2C(=O)N1SC(Cl)(Cl)Cl,,0.0,1.0,,0.0,0.0,1.0,,0.0,1.0,0.0,0.0
2627,O=[N+]([O-])c1c(Cl)cccc1-c1c[nH]cc1Cl,,0.0,,,1.0,,,,0.0,,0.0,0.0
2628,CS(=O)(=O)O.Cc1cc(CCN2CCN(c3nsc4ccccc34)CC2)cc2c1NC(=O)CC2(C)C,1.0,0.0,1.0,,0.0,0.0,,,,,,
2629,Fc1ccc([C@@H]2CCNC[C@H]2COc2ccc3c(c2)OCO3)cc1,,0.0,,,0.0,0.0,,,,,0.0,0.0
2631,CCCC1([C@H](O)C/C=C/[C@H]2[C@H](O)CC(=O)[C@@H]2CCCCCCC(=O)OC)CCC1,,0.0,,,,0.0,,0.0,,1.0,0.0,
2634,CC[C@@H](C(=O)O)[C@@H]1O[C@@H]([C@@H](C)[C@H](O)[C@H](C)C(=O)[C@H](CC)[C@H]2O[C@]3(C=C[C@@H](O)[C@]4(CC[C@@](C)([C@H]5CC[C@](O)(CC)[C@H](C)O5)O4)O3)[C@H](C)C[C@@H]2C)[C@@H](C)C[C@@H]1C,,0.0,,0.0,0.0,0.0,,,,1.0,0.0,
2636,C[C@]12CC[C@H](O)C[C@H]1CC[C@@H]1[C@@H]2CC[C@]2(C)[C@@H](c3ccc(=O)oc3)C[C@H]3O[C@]132,,,,,0.0,0.0,,1.0,1.0,1.0,,
2637,O=Nc1ccc(Nc2ccccc2)cc1,1.0,0.0,1.0,,1.0,0.0,1.0,1.0,1.0,1.0,1.0,
2638,COc1cc(/C=C/C(=O)CC(=O)/C=C/c2ccc(O)c(OC)c2)ccc1O,1.0,0.0,1.0,,0.0,,1.0,1.0,1.0,1.0,0.0,0.0
2639,CCCCCCCCCCCCc1ccc(O)cc1,,0.0,,,1.0,0.0,1.0,1.0,,,0.0,
2640,S=C(SSC(=S)N1CCCCC1)N1CCCCC1,,0.0,,,1.0,,0.0,,0.0,0.0,1.0,
2642,CCCC[n+]1ccc(C)cc1.[Cl-],,0.0,,,1.0,0.0,1.0,1.0,,,0.0,
2643,Cc1cc(-c2ccc(N=Nc3c(S(=O)(=O)[O-])cc4cc(S(=O)(=O)[O-])cc(N)c4c3O)c(C)c2)ccc1N=Nc1c(S(=O)(=O)[O-])cc2cc(S(=O)(=O)[O-])cc(N)c2c1O.[Na+].[Na+].[Na+].[Na+],,0.0,,,0.0,,,,0.0,0.0,,0.0
2644,CN(C)C(=O)CCSC(SCCC(=O)[O-])c1cccc(/C=C/c2ccc3ccc(Cl)cc3n2)c1.[Na+],,0.0,,,0.0,1.0,,1.0,,,1.0,
2645,CN(C)C(=S)[S-].CN(C)C(=S)[S-].[Zn+2],1.0,0.0,,1.0,1.0,,1.0,,,1.0,1.0,
2647,CC(O)C(=O)O[Hg]c1ccccc1,1.0,0.0,,,1.0,,,,1.0,1.0,,1.0
2651,N#CC(c1ccc(Cl)cc1)c1c(Cl)cc(-n2ncc(=O)[nH]c2=O)cc1Cl,,0.0,,,0.0,0.0,1.0,0.0,,1.0,,
2652,O=C1CCc2ccc(OCCCCN3CCN(c4cccc(Cl)c4Cl)CC3)cc2N1,,0.0,,0.0,0.0,0.0,,,0.0,,0.0,
2654,N#CSCSC#N,1.0,0.0,,,1.0,0.0,,,1.0,1.0,1.0,
2657,CC(=O)O[C@H]1C[C@H](O[C@H]2[C@@H](O)C[C@H](O[C@H]3[C@@H](O)C[C@H](OC4CC[C@@]5(C)C(CC[C@@H]6[C@@H]5CC[C@]5(C)[C@@H](C7=CC(=O)OC7)[C@@H](O)C[C@]65O)C4)O[C@@H]3C)O[C@@H]2C)O[C@H](C)[C@H]1O[C@@H]1O[C@H](CO)[C@@H](O)[C@H](O)[C@H]1O,,,,,0.0,0.0,1.0,,1.0,1.0,,
2663,CCCCCCCCCCCCc1ccccc1O,,0.0,,,1.0,0.0,1.0,1.0,1.0,,,0.0
2664,CCCCCCCCOc1ccccc1C(=O)Nc1ccc(C(=O)OCC[N+](C)(CC)CC)cc1.[Br-],,0.0,,0.0,0.0,0.0,,0.0,,,0.0,0.0
2665,O=[Cr](=O)([O-])O[Cr](=O)(=O)[O-].[K+].[K+],0.0,0.0,1.0,,,0.0,,0.0,,1.0,,
2667,CC[C@@]1([C@@H]2O[C@@H]([C@H]3O[C@@](O)(CO)[C@H](C)C[C@@H]3C)C[C@@H]2C)CC[C@H]([C@]2(C)CC[C@]3(C[C@H](O)[C@@H](C)[C@@H]([C@@H](C)[C@@H](OC)[C@H](C)C(=O)[O-])O3)O2)O1.[Na+],,0.0,,0.0,0.0,0.0,,0.0,,0.0,0.0,0.0
2668,O=[N+]([O-])c1ccc(Oc2ccc(N=C=S)cc2)cc1,,0.0,,1.0,0.0,0.0,,,,1.0,0.0,0.0
2670,C=C1CC[C@H](O)C/C1=C/C=C1\CCC[C@]2(C)[C@@H]([C@H](C)CCCC(C)(C)O)CC[C@@H]12,,0.0,,0.0,0.0,0.0,1.0,,,,0.0,0.0
2675,C/C=C1\NC(=O)[C@H]2CSSCC/C=C/[C@H](CC(=O)N[C@H](C(C)C)C(=O)N2)OC(=O)[C@@H](C(C)C)NC1=O,,0.0,,1.0,1.0,,0.0,,1.0,1.0,1.0,
2677,Cc1nnc2n1-c1sc(CCc3ccc(CC(C)C)cc3)cc1C(c1ccccc1Cl)=NC2C,,0.0,1.0,1.0,0.0,0.0,1.0,,,,0.0,
2678,CCCN(CCC)C(=O)C(CCC(=O)OCCCN1CCN(CCOC(=O)Cc2c(C)n(C(=O)c3ccc(Cl)cc3)c3ccc(OC)cc23)CC1)NC(=O)c1ccccc1,,0.0,,,1.0,1.0,,1.0,,0.0,0.0,
2679,CO[C@]12CC[C@@]3(C[C@@H]1[C@](C)(O)C(C)(C)C)[C@H]1Cc4ccc(O)c5c4[C@@]3(CCN1CC1CC1)[C@H]2O5.Cl,1.0,0.0,,,0.0,0.0,,,,,0.0,0.0
2680,CCOC(=O)c1ccc([C@H]2CC[C@H](NC[C@H](O)COc3ccc(O)c(NS(C)(=O)=O)c3)CC2)cc1.Cl,0.0,0.0,,,0.0,0.0,,,,,0.0,0.0
2681,CC[C@@]1(O)C[C@H](O[C@H]2C[C@H](N(C)C)[C@H](O[C@H]3C[C@H](O)[C@H](O[C@H]4CCC(=O)[C@H](C)O4)[C@H](C)O3)[C@H](C)O2)c2c(cc3c(c2O)C(=O)c2c(O)cccc2C3=O)[C@H]1C(=O)OC.Cl,,0.0,,1.0,,,1.0,1.0,,1.0,,1.0
2683,ClC1=C(Cl)[C@@]2(Cl)[C@@H]3[C@@H](Cl)C(Cl)C[C@@H]3C1(Cl)C2(Cl)Cl,1.0,0.0,1.0,,,0.0,1.0,,,,0.0,
2687,CCCCCCCCCCCCCCCCCCn1cc[n+](C)c1.F[P-](F)(F)(F)(F)F,,0.0,1.0,1.0,0.0,0.0,1.0,,,,,
2688,OCCN1CCN(CCCN2c3ccccc3Sc3ccc(C(F)(F)F)cc32)CC1,,0.0,,,0.0,,,0.0,,,0.0,0.0
2691,CCCCCCCC(=O)CC[C@@H]1[C@@H](C/C=C\CCCC(=O)OC(C)C)[C@@H](O)C[C@H]1O,,0.0,,0.0,0.0,0.0,,0.0,,1.0,,0.0
2692,O[Sn](c1ccccc1)(c1ccccc1)c1ccccc1,1.0,0.0,,,1.0,,1.0,,,,1.0,1.0
2693,C#C[C@]1(O)CC[C@H]2[C@@H]3CCC4=C/C(=N/O)CC[C@@H]4[C@H]3CC[C@@]21CC,,1.0,,,1.0,,1.0,1.0,,,0.0,1.0
2695,CCCCNC(=O)OCC#CI,0.0,0.0,,,0.0,0.0,1.0,,0.0,1.0,1.0,0.0
2696,CC(=O)c1ccc2c(c1)N(CCCN1CCN(CCO)CC1)c1ccccc1S2.O=C(O)/C=C\C(=O)O.O=C(O)/C=C\C(=O)O,,0.0,,,,1.0,,,,0.0,0.0,0.0
2698,CC(C)(C)c1csc(-c2cc3cc(OCc4ccccc4CC(=O)O)ccc3o2)n1,,0.0,1.0,,0.0,0.0,1.0,,1.0,,,
2699,CCc1cc(SCc2sc(-c3ccc(C(F)(F)F)cc3)nc2CN2CCN(c3ccc(OC)cc3)CC2)ccc1OCC(=O)O,,0.0,,,1.0,0.0,1.0,,1.0,,,0.0
2702,O=C1C=C2C=C[C@@H]3C[C@@]2(O1)[C@H]1CCCCN31,,0.0,,,0.0,,0.0,,,,1.0,0.0
2703,C=CCC1=C(C)[C@@H](OC(=O)[C@@H]2[C@@H](C=C(C)C)C2(C)C)CC1=O,,0.0,,,0.0,0.0,,,,,0.0,0.0
2705,O=c1[nH]sc2ccccc12,1.0,0.0,,,0.0,,1.0,0.0,,,0.0,
2707,O=C(c1ccc(OCCN2CCCCC2)cc1)c1c(-c2ccc(O)cc2)sc2cc(O)ccc12,1.0,0.0,0.0,1.0,,,1.0,,,1.0,0.0,
2708,CCCCC1C(=O)N(c2ccccc2)N(c2ccc(O)cc2)C1=O,,0.0,,0.0,0.0,0.0,0.0,,,,0.0,
2713,O=S(=O)([O-])c1ccccc1C=Cc1ccc(-c2ccc(C=Cc3ccccc3S(=O)(=O)[O-])cc2)cc1.[Na+].[Na+],,0.0,,0.0,,0.0,0.0,0.0,,1.0,0.0,
2715,C=CC(=O)OCC(O)COc1ccccc1,,0.0,,,0.0,0.0,,0.0,1.0,,0.0,
2717,CC(=O)OCC(=O)[C@@]12OC3(CCCC3)O[C@@H]1C[C@H]1[C@@H]3CCC4=CC(=O)C=C[C@]4(C)[C@@]3(F)[C@@H](O)C[C@@]12C,,1.0,,,0.0,,,,0.0,0.0,,0.0
2718,CC(C)CC(C)N(c1ccccc1)c1ccc(N)cc1,,0.0,1.0,,,1.0,1.0,,,1.0,0.0,
2722,CCN(CC)CCOc1ccc(C(=C(Cl)c2ccccc2)c2ccccc2)cc1,,0.0,,1.0,0.0,0.0,,,0.0,,0.0,0.0
2724,CN1CCc2cccc3c2[C@H]1Cc1ccc(O)c(O)c1-3.CN1CCc2cccc3c2[C@H]1Cc1ccc(O)c(O)c1-3.Cl.Cl.O,,0.0,1.0,,0.0,1.0,0.0,,0.0,0.0,0.0,0.0
2725,Cl.Cl.O=C1c2c(O)ccc(O)c2C(=O)c2c(NCCNCCO)ccc(NCCNCCO)c21,,0.0,,,,,0.0,0.0,0.0,1.0,1.0,
2726,CC(CN1c2ccccc2Sc2ccccc21)N(C)C.Cl,0.0,0.0,,,0.0,0.0,,0.0,,,0.0,0.0
2727,CCCSc1cc(OC)c(CCN)cc1OC.Cl,,0.0,,,0.0,1.0,,,,1.0,1.0,
2730,COc1ccc(/C=C/C(=O)Nc2ccccc2C(=O)O)cc1OC,,0.0,,,0.0,,,0.0,,0.0,1.0,
2731,CCCCCCCCCCCCn1cc[n+](C)c1.F[P-](F)(F)(F)(F)F,,0.0,1.0,1.0,0.0,0.0,1.0,,,,,0.0
2732,COC(COC(N)=O)C1=C(N2CC2)C(=O)C(C)=C(N2CC2)C1=O,,0.0,,,0.0,,0.0,,,1.0,0.0,
2735,Cc1c(C(=O)NN2CCCCC2)nn(-c2ccc(Cl)cc2Cl)c1-c1ccc(Cl)cc1,,0.0,,0.0,0.0,,1.0,0.0,,,0.0,
2738,O=C(O)c1cc(O)c2ccccc2c1O,,0.0,1.0,,0.0,1.0,,,,,0.0,0.0
2740,O=C([O-])C[C@H](O)CC(O)/C=C/c1c(C2CC2)nc2ccccc2c1-c1ccc(F)cc1.O=C([O-])C[C@H](O)C[C@H](O)/C=C/c1c(C2CC2)nc2ccccc2c1-c1ccc(F)cc1.[Ca+2],,0.0,,1.0,,0.0,,0.0,0.0,0.0,0.0,
2741,CC[C@@]1(O)C(=O)OCc2c1cc1n(c2=O)Cc2cc3c([N+](=O)[O-])cccc3nc2-1,,0.0,,,0.0,,1.0,,,1.0,0.0,
2742,Clc1ccc(C(Cn2ccnc2)OCc2csc3c(Cl)cccc23)c(Cl)c1.O=[N+]([O-])O,,0.0,,1.0,0.0,,,0.0,0.0,,0.0,0.0
2743,C(=Cc1ccncc1)c1ccccc1,,0.0,,1.0,0.0,1.0,1.0,1.0,0.0,0.0,1.0,0.0
2747,CC1=C(/C=C/C(C)=C/C=C/C(C)=C/C=C/C=C(C)/C=C/C=C(C)/C=C/C2=C(C)C[C@@H](O)CC2(C)C)C(C)(C)C[C@H](O)C1,,0.0,,,0.0,0.0,,,,1.0,1.0,
2748,Cc1cc(Nc2ccccc2C(=O)O)ccc1Cl,,0.0,,0.0,0.0,1.0,1.0,,,,0.0,
2749,C/C(=C\c1csc(C)n1)C1C[C@@H]2O[C@]2(C)CCC[C@H](C)C(O)[C@@H](C)C(=O)C(C)(C)[C@@H](O)CC(=O)O1,,0.0,,0.0,,0.0,,0.0,,1.0,0.0,
2750,CCc1cc(Cc2cc(CC)c(N)c(CC)c2)cc(CC)c1N,,0.0,,,0.0,1.0,,,0.0,,0.0,0.0
2751,CCCCOCCOP(=O)(OCCOCCCC)OCCOCCCC,0.0,0.0,,,0.0,0.0,0.0,0.0,0.0,0.0,0.0,0.0
2753,CCCCc1oc2ccccc2c1C(=O)c1cc(I)c(OCCN(CC)CC)c(I)c1.Cl,,0.0,,0.0,0.0,0.0,,0.0,,0.0,0.0,0.0
2757,Cl[Hg]c1ccccc1,1.0,0.0,1.0,,1.0,,,,1.0,1.0,,
2759,Oc1cc(Cl)c(Cl)c(Cl)c1Cl,1.0,0.0,,,0.0,1.0,1.0,,,,0.0,
2760,OCC(c1ccc(Cl)cc1)c1ccc(Cl)cc1,0.0,0.0,,,0.0,0.0,,,,,0.0,0.0
2763,CN(C)S(=O)(=O)N(SC(F)(Cl)Cl)c1ccccc1,1.0,0.0,,1.0,0.0,0.0,1.0,,,,0.0,
2764,CC(C)[C@@]1(NC(=O)[C@@H]2C[C@@H]3c4cccc5[nH]cc(c45)C[C@H]3N(C)C2)O[C@@]2(O)[C@@H]3CCCN3C(=O)[C@H](Cc3ccccc3)N2C1=O,,0.0,,,0.0,0.0,,0.0,,0.0,0.0,0.0
2765,CN[C@H]1CCc2cc(OC)c(OC)c(OC)c2-c2ccc(OC)c(=O)cc21,,0.0,,0.0,,,1.0,0.0,,1.0,1.0,
2766,COc1ccccc1NC(=O)c1cc2ccccc2cc1O,,0.0,,1.0,0.0,1.0,,,,,0.0,0.0
2767,F[Sn](c1ccccc1)(c1ccccc1)c1ccccc1,1.0,0.0,1.0,,1.0,,1.0,,1.0,,,
2771,CCCCC[C@H](O)/C=C/[C@@H]1[C@@H](C/C=C\CCCC(=O)O)[C@@H](O)C[C@H]1O.COC(N)(CO)CO,,0.0,,0.0,,,0.0,,0.0,0.0,0.0,
2772,Cc1cc([N+](=O)[O-])cc([N+](=O)[O-])c1O,0.0,0.0,1.0,,0.0,0.0,1.0,,,1.0,,
2773,CC(=O)O[C@H]1C(=O)[C@@]2(C)[C@H]([C@H](OC(=O)c3ccccc3)[C@]3(O)C[C@H](OC(=O)[C@H](O)[C@@H](NC(=O)c4ccccc4)c4ccccc4)C(C)=C1C3(C)C)[C@]1(OC(C)=O)CO[C@@H]1C[C@@H]2O,,0.0,,0.0,0.0,0.0,,,0.0,,0.0,
2776,O=C(O)Cc1cc(I)c(Oc2ccc(O)c(I)c2)c(I)c1,1.0,0.0,1.0,,,0.0,0.0,1.0,,1.0,0.0,
2777,C[C@@H]1CC[C@H]2[C@@H](C)C(OC(=O)CCC(=O)O)OC3O[C@@]4(C)CC[C@@H]1C32OO4,,0.0,,,0.0,0.0,,0.0,,,,0.0
2778,O=C(O)Cn1c2ccccc2c(=O)c2ccccc21,,0.0,,0.0,,0.0,0.0,1.0,,1.0,0.0,
2779,Cc1cc(SCc2sc(-c3ccc(C(F)(F)F)c(F)c3)nc2C)ccc1OCC(=O)O,,0.0,,,0.0,,,0.0,1.0,,0.0,0.0
2780,COC(=O)N(OC)c1ccccc1COc1ccn(-c2ccc(Cl)cc2)n1,0.0,0.0,1.0,,,,1.0,,,1.0,0.0,
2782,O=c1ccc2cc(O[C@@H]3O[C@H](CO)[C@@H](O)[C@H](O)[C@H]3O)c(O)cc2o1,,0.0,,0.0,,0.0,0.0,0.0,,1.0,0.0,
2784,COc1cc([C@@H]2c3cc4c(cc3C(O[C@@H]3O[C@@H]5CO[C@@H](C)O[C@H]5[C@H](O)[C@H]3O)C3COC(=O)[C@@H]32)OCO4)cc(OC)c1OP(=O)(O)O,,0.0,,0.0,0.0,0.0,0.0,1.0,0.0,1.0,1.0,0.0
2785,Cc1ccc2nc(-c3ccc(N)cc3)sc2c1S(=O)(=O)O,,,,,0.0,1.0,,1.0,,,1.0,0.0
2787,CC(C)CC(C)(c1ccc(O)cc1)c1ccc(O)cc1,1.0,0.0,1.0,,,0.0,1.0,1.0,0.0,,0.0,
2788,Oc1ccc2[nH]cc(CCCCN3CC=C(c4ccccc4)CC3)c2c1,,0.0,,0.0,0.0,,,0.0,0.0,0.0,,
2789,CCCCCCCCCCn1cc[n+](C)c1.[Br-],0.0,0.0,1.0,,,0.0,1.0,,,,0.0,
2790,C[C@H](CCC(=O)[O-])[C@H]1CC[C@H]2[C@@H]3CC[C@@H]4C[C@H](O)CC[C@]4(C)[C@H]3C[C@H](O)[C@]12C.[Na+],0.0,0.0,,,0.0,0.0,,0.0,0.0,0.0,0.0,0.0
2791,c1cc(N(CC2CO2)CC2CO2)ccc1Cc1ccc(N(CC2CO2)CC2CO2)cc1,1.0,0.0,1.0,,,0.0,,,,1.0,1.0,
2792,CC(=O)S[C@@H]1CC2=CC(=O)CC[C@]2(C)[C@H]2CC[C@@]3(C)[C@@H](CC[C@@]34CCC(=O)O4)[C@H]12,0.0,1.0,,1.0,0.0,0.0,,0.0,,1.0,0.0,1.0
2794,CO[C@H]1/C=C/O[C@@]2(C)Oc3c(C)c(O)c4c(c3C2=O)C2=NC3(CCN(CC(C)C)CC3)NC2=C(NC(=O)/C(C)=C\C=C\[C@H](C)[C@H](O)[C@@H](C)[C@@H](O)[C@@H](C)[C@H](OC(C)=O)[C@@H]1C)C4=O,0.0,0.0,1.0,0.0,0.0,0.0,,0.0,,0.0,0.0,0.0
2797,Cl.N=C1C=CC(=C(c2ccc(N)cc2)c2ccc(N)cc2)C=C1,1.0,0.0,1.0,,,0.0,1.0,,,1.0,,
2798,O=C1C(Cl)=C(Cl)C(=O)C(Cl)=C1Cl,1.0,0.0,,,1.0,1.0,1.0,0.0,,1.0,0.0,
2799,Nc1cc(Cl)c(-c2cc(Cl)c(N)cc2Cl)cc1Cl,1.0,0.0,1.0,1.0,0.0,1.0,1.0,,,1.0,1.0,
2801,Cc1ccc(N(SC(F)(Cl)Cl)S(=O)(=O)N(C)C)cc1,,0.0,,1.0,0.0,0.0,1.0,,,,0.0,
2804,Fc1ccccc1[C@@H](F)CO[C@H]1CC[C@H](Nc2[nH]cnc3nncc2-3)CC1,0.0,0.0,,,0.0,,1.0,,,0.0,,
2805,CCC(C)c1cc([N+](=O)[O-])cc([N+](=O)[O-])c1O,0.0,0.0,1.0,0.0,0.0,0.0,1.0,0.0,0.0,0.0,0.0,0.0
2806,CCCCCCCC/C=C\CCCCCCCC(=O)N(CCO)CCO,,0.0,,,0.0,0.0,,,,0.0,0.0,
2810,O=C1c2ccccc2C(=O)N1SC1CCCCC1,1.0,0.0,0.0,,0.0,0.0,1.0,0.0,,,0.0,
2812,O=C(O)c1ccc([Hg]Cl)cc1,1.0,0.0,1.0,,1.0,0.0,,,1.0,,,
2813,Oc1cc(Cl)c(Cl)c(Cl)c1,1.0,0.0,,,,0.0,1.0,,,,0.0,
2815,OCC(S)CS,,0.0,,0.0,0.0,0.0,0.0,0.0,,,0.0,
2816,O=[N+]([O-])c1ccc2ccc3cccc4ccc1c2c34,,0.0,1.0,0.0,1.0,,1.0,0.0,,,,0.0
2817,CC(C)N1C(=O)N(c2ccccc2)CSC1=NC(C)(C)C,,0.0,0.0,,0.0,0.0,,,,,0.0,
2819,CC1=C(/C=C/C(C)=C/C=C/C(C)=C/C(=O)O)C(C)(C)CCC1,1.0,0.0,,0.0,1.0,,1.0,,1.0,,1.0,0.0
2820,Cc1ccc(OP(=O)(Oc2ccc(C)cc2)Oc2ccc(C)cc2)cc1,0.0,0.0,0.0,0.0,0.0,1.0,1.0,0.0,0.0,0.0,0.0,0.0
2821,CC1(c2ccc(Oc3ccccc3)cc2)OC(=O)N(Nc2ccccc2)C1=O,,0.0,1.0,,,0.0,1.0,,,,0.0,0.0
2823,Oc1c(Cl)c(Cl)c(Cl)c(Cl)c1Cl,0.0,0.0,1.0,,0.0,1.0,1.0,,,1.0,0.0,
2825,CCCCCCCCn1cc[n+](C)c1.O=S(=O)([N-]S(=O)(=O)C(F)(F)F)C(F)(F)F,0.0,0.0,1.0,1.0,,0.0,,,0.0,,,0.0
2826,O=[N+]([O-])c1ccc(O)c([N+](=O)[O-])c1,0.0,0.0,1.0,0.0,0.0,,1.0,,,0.0,,
2829,CCCCC(CC)COC(=O)CC(C(=O)OCC(CC)CCCC)S(=O)(=O)[O-].[Na+],,0.0,1.0,0.0,0.0,0.0,0.0,1.0,0.0,,0.0,1.0
2830,BrC1CCC(Br)C(Br)CCC(Br)C(Br)CCC1Br,,0.0,1.0,,0.0,0.0,1.0,,0.0,,0.0,0.0
2832,CC1(C)N=C(N)N=C(N)N1c1ccc(Cl)cc1.Cl,,0.0,,0.0,0.0,,0.0,,,,0.0,0.0
2833,COP(=O)(OC)OC(=CCl)c1cc(Cl)c(Cl)cc1Cl,0.0,0.0,1.0,1.0,,0.0,,,,,,0.0
2834,Oc1c(Cl)cc(Cl)c(Cl)c1Cl,0.0,0.0,1.0,,0.0,1.0,1.0,,0.0,1.0,0.0,0.0
2835,O=C1c2ccccc2C(=O)C1C(=O)C(c1ccccc1)c1ccc(Cl)cc1,,0.0,,,0.0,,1.0,0.0,,,,0.0
2836,O=C(CCl)CCl,0.0,0.0,,,1.0,0.0,,0.0,1.0,1.0,1.0,
2837,COc1cc(C(=O)NC2CCN(C)CC2)ccc1Nc1ncc2c(n1)N(C1CCCC1)CC(F)(F)C(=O)N2C,0.0,0.0,,,0.0,0.0,,,0.0,,1.0,
2838,CCC(Cc1c(I)cc(I)c(O)c1I)C(=O)O,,0.0,,0.0,,0.0,,,,0.0,0.0,0.0
2839,O=C(CCc1ccc(O)cc1)c1c(O)cc(O)cc1O,0.0,,1.0,,1.0,,1.0,1.0,,,0.0,
2840,CC1(C)[C@@H](O)CC[C@]2(C)[C@H]3C(=O)C=C4[C@@H]5C[C@@](C)(C(=O)O)CC[C@]5(C)CC[C@@]4(C)[C@]3(C)CC[C@@H]12,1.0,0.0,,0.0,0.0,0.0,,0.0,0.0,0.0,0.0,0.0
2841,CC1(C)S[C@@H]2[C@H](NC(=O)[C@H](N)c3ccccc3)C(=O)N2[C@H]1C(=O)OCOC(=O)[C@@H]1N2C(=O)C[C@H]2S(=O)(=O)C1(C)C.Cc1ccc(S(=O)(=O)O)cc1,,0.0,,0.0,0.0,0.0,0.0,0.0,,,0.0,
2842,O=C(O)c1cc(/N=N/c2ccc([N+](=O)[O-])cc2)ccc1O,0.0,,1.0,,0.0,,,1.0,,0.0,1.0,
2844,CCCCCCCCCCn1cc[n+](C)c1.[Cl-],0.0,0.0,1.0,1.0,,0.0,1.0,,,,0.0,
2845,O=C([O-])c1ccccc1-c1c2cc(I)c(=O)c(I)c-2oc2c(I)c([O-])c(I)cc12.[Na+].[Na+],,0.0,0.0,,0.0,0.0,,,0.0,0.0,0.0,0.0
2846,CCOC(=O)c1ccccc1C(=C1C=C(Br)C(=O)C(Br)=C1)c1cc(Br)c(O)c(Br)c1,,0.0,1.0,0.0,,0.0,1.0,0.0,,,,0.0
2848,CCCC(=O)OC[C@@H](OC(=O)CCC)[C@@H](OC(=O)CCC)[C@H](Cn1c2nc(=O)[nH]c(=O)c-2nc2cc(C)c(C)cc21)OC(=O)CCC,0.0,1.0,,0.0,0.0,0.0,1.0,,0.0,,,
2849,COc1cccc2c1C(=O)c1c(O)c3c(c(O)c1C2=O)C[C@@](O)(C(C)=O)C[C@@H]3O[C@H]1C[C@H](N)[C@H](O)[C@H](C)O1.Cl,,0.0,,1.0,1.0,,,,,1.0,1.0,1.0
2850,CO/N=C(/C(=O)OC)c1ccccc1CON=C(C)c1cccc(C(F)(F)F)c1,0.0,0.0,1.0,,,,,,,1.0,0.0,
2851,Nc1ccc(Nc2ccccc2)cc1,0.0,0.0,1.0,0.0,0.0,,0.0,0.0,0.0,,0.0,0.0
2853,CC1(C)CCC(C)(C)c2cc(C(=O)Nc3ccc(C(=O)O)cc3)ccc21,,0.0,,0.0,0.0,0.0,1.0,,,,0.0,0.0
2854,Cc1cc(=O)oc2cc(O)cc(O)c12,,0.0,,0.0,0.0,1.0,1.0,,,,0.0,0.0
2856,O=P(OCC(Br)CBr)(OCC(Br)CBr)OCC(Br)CBr,0.0,0.0,,,0.0,0.0,1.0,0.0,,,0.0,0.0
2859,O=C(Nc1ccccc1)c1ccccc1O,,0.0,1.0,,,1.0,1.0,,,,0.0,
2860,CCCCCCCCC(CCCCCC)C(=O)O,,0.0,,,0.0,0.0,,0.0,,,0.0,0.0
2861,CC(C)(c1ccccc1)c1ccc(Nc2ccc(C(C)(C)c3ccccc3)cc2)cc1,,0.0,0.0,0.0,0.0,,1.0,0.0,0.0,,0.0,0.0
2862,O=C(NC(=O)c1c(F)cccc1F)Nc1ccc(OC(F)(F)C(F)OC(F)(F)F)c(Cl)c1,,0.0,,,,0.0,0.0,0.0,0.0,,0.0,
2863,CCOP(=O)(OCC)Oc1nc(Cl)c(Cl)cc1Cl,,0.0,,1.0,1.0,,1.0,,,,0.0,0.0
2864,CCCCCCCCn1cc[n+](C)c1.O=S(=O)([O-])C(F)(F)F,0.0,0.0,1.0,1.0,,,1.0,,0.0,,,
2865,O=C(Nc1ccccc1)c1cc([N+](=O)[O-])ccc1Cl,,0.0,1.0,0.0,0.0,1.0,,,,,0.0,0.0
2866,CCCCCCCCCC(CC)c1ccc(S(=O)(=O)O)cc1,,0.0,1.0,0.0,0.0,0.0,,0.0,,,0.0,0.0
2867,CCCCCCCCCC(CC)c1ccc(S(=O)(=O)[O-])cc1.[Na+],0.0,0.0,1.0,0.0,0.0,0.0,0.0,0.0,0.0,0.0,0.0,0.0
2868,C=CC(OCC)OCC,0.0,,,,0.0,,,,0.0,0.0,0.0,0.0
2869,CC(C=O)Cc1ccc(C(C)(C)C)cc1,0.0,0.0,0.0,,0.0,0.0,,0.0,0.0,0.0,0.0,0.0
2870,CC(C)C(Nc1ccc(C(F)(F)F)cc1Cl)C(=O)OC(C#N)c1cccc(Oc2ccccc2)c1,,0.0,0.0,0.0,,,1.0,0.0,,,0.0,0.0
2872,O=C(OCC(COC(=O)c1ccccc1)(COC(=O)c1ccccc1)COC(=O)c1ccccc1)c1ccccc1,,0.0,0.0,0.0,,0.0,1.0,0.0,,,0.0,
2873,ClC1=C(Cl)C(Cl)(Cl)C(Cl)=C1Cl,1.0,0.0,,1.0,0.0,0.0,,0.0,,,,0.0
2874,O=[N+]([O-])c1cccc2ccccc12,0.0,0.0,0.0,0.0,0.0,,1.0,0.0,0.0,0.0,0.0,0.0
2875,[O-][n+]1ccccc1SSc1cccc[n+]1[O-],,0.0,,,0.0,,1.0,,1.0,1.0,1.0,1.0
2876,CCOCn1c(-c2ccc(Cl)cc2)c(C#N)c(Br)c1C(F)(F)F,1.0,0.0,,,,0.0,1.0,,,1.0,0.0,
2882,O=[N+]([O-])c1cc(C(F)(F)F)c(Cl)c([N+](=O)[O-])c1Nc1ncc(C(F)(F)F)cc1Cl,1.0,0.0,,1.0,1.0,1.0,,,1.0,1.0,0.0,
2885,c1cc(C(c2ccc(OCC3CO3)cc2)c2ccc(OCC3CO3)cc2)ccc1OCC1CO1,1.0,0.0,1.0,,0.0,0.0,,,,0.0,,
2887,CC(C)(C)c1cc(O)ccc1O,0.0,0.0,1.0,1.0,0.0,1.0,1.0,0.0,0.0,0.0,0.0,0.0
2889,CCc1ccc2c(c1)N(CC(C)CN(C)C)c1ccccc1S2.Cl,,0.0,,,0.0,0.0,,0.0,,,0.0,0.0
2893,COc1ccc(C(=O)/C(Br)=C\C(=O)O)cc1,,0.0,,,,0.0,0.0,,1.0,1.0,1.0,
2894,COc1ccc(C2NC(=S)N3C(c4ccc(OC)c(OC)c4)NC(=S)N23)cc1OC,,0.0,,,0.0,,0.0,0.0,0.0,0.0,0.0,
2895,O=C(Nc1ccc(Cl)cc1)Nc1ccc(Cl)c(C(F)(F)F)c1,,0.0,,,0.0,0.0,1.0,,,1.0,0.0,0.0
2897,O=C(Nc1ccc(Br)cc1)c1cc(Br)c(Br)s1,,0.0,,,0.0,1.0,1.0,,0.0,,0.0,0.0
2898,O=C(NOCC1CC1)c1ccc(F)c(F)c1Nc1ccc(I)cc1Cl,,0.0,,,0.0,0.0,1.0,,0.0,1.0,,0.0
2899,CCC(=O)c1ccc2c(c1)N(CCCN1CCN(CCO)CC1)c1ccccc1S2.O=C(O)/C=C\C(=O)O.O=C(O)/C=C\C(=O)O,,0.0,,,0.0,1.0,,0.0,,0.0,0.0,0.0
2903,OCc1cc(C(O)CNCCCCCCOCCCCc2ccccc2)ccc1O,,0.0,,,0.0,0.0,,,,0.0,0.0,0.0
2908,Cc1cc(Br)ccc1NC(=O)CCl,1.0,0.0,1.0,,0.0,1.0,,,,1.0,,
2909,C=C1/C(=C\C=C2/CCC[C@]3(C)[C@@H]([C@H](C)/C=C/[C@H](C)C(C)C)CC[C@@H]23)C[C@@H](O)C[C@@H]1O,,0.0,,,0.0,0.0,0.0,0.0,,,0.0,0.0
2910,C=C1CC[C@H](O)C/C1=C/C=C1\CCC[C@]2(C)[C@@H]([C@H](C)CC[C@@H](O)C(C)(C)O)CC[C@@H]12,,0.0,,0.0,0.0,0.0,1.0,,,,0.0,0.0
2915,CC(O)C#CC(C)O,,0.0,,,0.0,0.0,,0.0,1.0,0.0,,
2917,CCCCCc1cc(O)c2c(c1)OC(C)(C)[C@@H]1CCC(C)=C[C@@H]21,,0.0,,1.0,0.0,1.0,1.0,,0.0,,0.0,0.0
2919,CC[C@H](OC(C)=O)C(C[C@H](C)NC)(c1ccccc1)c1ccccc1.Cl,0.0,0.0,,,0.0,0.0,,,,0.0,0.0,0.0
2922,CNCCC=C1c2ccccc2CCc2ccccc21.Cl,,0.0,,,0.0,0.0,,0.0,,0.0,0.0,0.0
2925,CCC1OC(=O)C[C@@H](O)[C@H](C)[C@@H](O[C@@H]2O[C@H](C)C[C@H](N(C)C)[C@H]2O)[C@@H](CC=O)C[C@@H](C)C(=O)/C=C/[C@]2(C)OC2C1C,,0.0,,,0.0,0.0,0.0,,,1.0,0.0,0.0
2932,O=C(O)C1(c2ccc3c(c2)OC[C@H](Cc2ccc(-c4ccccc4)cc2)[C@H]3O)CCCC1,,0.0,1.0,0.0,,0.0,0.0,,,,0.0,0.0
2935,O=C1C=CC(=O)N1,1.0,0.0,0.0,,0.0,0.0,,0.0,0.0,,,
2936,O=c1c(-c2ccccc2)c1-c1ccccc1,,0.0,,,0.0,0.0,1.0,0.0,1.0,1.0,,
2937,Cc1cc(-n2c(=O)[nH]c(=O)n(C)c2=O)ccc1Oc1ccc(S(=O)(=O)C(F)(F)F)cc1,,0.0,,0.0,0.0,0.0,0.0,,,0.0,0.0,
2938,Nc1ncnc2c1ncn2[C@@H]1O[C@H](COP(=O)(O)OP(=O)(O)OP(=O)(O)O)[C@@H](O)[C@H]1O,,0.0,,,0.0,,,0.0,0.0,,0.0,0.0
2940,CCCCCCCCCOC(=O)c1ccc(O)cc1,,0.0,,,1.0,0.0,1.0,1.0,,,0.0,0.0
2941,Oc1ccc(Cl)cc1Cc1cc(Cl)ccc1O,1.0,0.0,,,0.0,0.0,1.0,,0.0,1.0,0.0,0.0
2942,[Cd+2].[Cl-].[Cl-],1.0,0.0,,,,1.0,0.0,0.0,,,1.0,
2944,CCCCN(CCCC)C(=S)[S-].CCCCN(CCCC)C(=S)[S-].[Zn+2],1.0,0.0,,0.0,1.0,0.0,1.0,,1.0,1.0,1.0,0.0
2945,O=CC(Br)(Br)Br,1.0,0.0,1.0,,1.0,0.0,,,1.0,,1.0,
2947,CCCCCC(=O)O[C@]1(C(C)=O)CC[C@H]2[C@@H]3CCC4=CC(=O)CC[C@]4(C)[C@H]3CC[C@@]21C,1.0,,1.0,,0.0,0.0,1.0,,0.0,0.0,0.0,0.0
2949,CC(=O)[C@]1(O)Cc2c(O)c3c(c(O)c2[C@@H](O[C@H]2C[C@H](N)[C@H](O)[C@H](C)O2)C1)C(=O)c1c(O)cccc1C3=O,,0.0,,1.0,1.0,,1.0,,,1.0,1.0,1.0
2951,CC(=O)O[C@]1(C(C)=O)CC[C@H]2[C@@H]3CCC4=CC(=O)CC[C@]4(C)[C@@]3(F)[C@@H](O)C[C@@]21C,,1.0,,,,,0.0,1.0,0.0,0.0,0.0,
2952,CO[C@H]1/C=C/O[C@@]2(C)Oc3c(C)c(O)c4c(O)c(c(/C=N/N5CCN(C6CCCC6)CC5)c(O)c4c3C2=O)NC(=O)/C(C)=C\C=C\[C@H](C)[C@H](O)[C@@H](C)[C@@H](O)[C@@H](C)[C@H](OC(C)=O)[C@@H]1C,,0.0,,,0.0,0.0,1.0,,,,0.0,0.0
2953,CC(=O)Oc1cc(C)c(OC(C)=O)c2ccccc12,,0.0,,,0.0,1.0,,,,1.0,0.0,0.0
2955,CC(C)(C)CC(=O)OCC(=O)[C@@]12OC(C)(C)O[C@@H]1C[C@H]1[C@@H]3CCC4=CC(=O)C=C[C@]4(C)[C@@]3(F)[C@@H](O)C[C@@]12C,,,,,,0.0,,0.0,0.0,0.0,0.0,0.0
2956,C=C[C@]1(C)C[C@@H](OC(=O)CSC(C)(C)CNC(=O)[C@H](N)C(C)C)[C@]2(C)[C@H](C)CC[C@]3(CCC(=O)[C@H]32)[C@@H](C)[C@@H]1O,,0.0,,,0.0,0.0,,,,0.0,0.0,0.0
2957,C=C(NC(=O)C(=C)NC(=O)c1csc(C2=NC3c4csc(n4)C4NC(=O)c5csc(n5)C(C(C)(O)C(C)O)NC(=O)C5CSC(=N5)/C(=C\C)NC(=O)C(C(C)O)NC(=O)c5csc(n5)C3(CC2)NC(=O)C(C)NC(=O)C(=C)NC(=O)C(C)NC(=O)C(C(C)CC)NC2C=Cc3c(C(C)O)cc(nc3C2O)C(=O)OC4C)n1)C(N)=O,,0.0,,,,0.0,,0.0,1.0,1.0,1.0,0.0
2958,COC(=O)C1=C(C#N)NC(C)=C(C(=O)OC(C)C)C1c1cccc([N+](=O)[O-])c1,,0.0,,,0.0,0.0,,0.0,,0.0,0.0,0.0
2959,CCC(=O)OCC(=O)[C@@]1(OC(=O)CC)[C@@H](C)C[C@H]2[C@@H]3CCC4=CC(=O)C=C[C@]4(C)[C@@]3(Cl)[C@@H](O)C[C@@]21C,,1.0,,,,,1.0,0.0,,0.0,0.0,1.0
2960,CCN(CC)CCC(=O)N1c2ccccc2Sc2ccc(C(F)(F)F)cc21,,0.0,,0.0,0.0,,,,0.0,0.0,0.0,0.0
2964,Cl[V](Cl)(C1C=CC=C1)C1C=CC=C1,,0.0,1.0,,,0.0,0.0,0.0,,,0.0,
2965,CCCCCCCCn1sc(Cl)c(Cl)c1=O,1.0,0.0,,,0.0,0.0,,,0.0,1.0,0.0,
2967,CN(C)c1ccc(N=O)cc1,1.0,0.0,,,0.0,1.0,0.0,1.0,,1.0,1.0,1.0
2971,CN1CCN(CCC=C2c3ccccc3Sc3ccc(S(=O)(=O)N(C)C)cc32)CC1,,0.0,,,0.0,0.0,,0.0,,,0.0,0.0
2975,COc1cc([C@@H]2c3cc4c(cc3[C@@H](O)[C@H]3COC(=O)[C@H]23)OCO4)cc(OC)c1O,,0.0,,0.0,,1.0,1.0,0.0,,1.0,1.0,
2978,O=C(CCCN1CCC(n2c(=S)[nH]c3ccccc32)CC1)c1ccc(F)cc1,,0.0,,1.0,0.0,1.0,0.0,,,0.0,,0.0
2980,CN[C@H]1CC[C@@H](c2ccc(Cl)c(Cl)c2)c2ccc(S(N)(=O)=O)cc21,0.0,0.0,,,0.0,0.0,1.0,,,,0.0,0.0
2982,NCc1cccc(C2CCN(C(=O)c3ccc(C#Cc4ccccc4F)o3)CC2)c1,,0.0,1.0,,0.0,0.0,0.0,,0.0,,0.0,
2983,CCCCCCCC/C=C\CCCCCCCC(=O)N(C)CC(=O)O,,0.0,,0.0,,0.0,0.0,0.0,1.0,,0.0,0.0
2986,C[C@]12C=CC(=O)C=C1CC[C@@H]1[C@@H]2[C@@H](O)C[C@@]2(C)[C@H]1CC[C@]2(O)C(=O)COC(=O)CCC(=O)O,,1.0,,,0.0,,0.0,,0.0,0.0,,1.0
2987,C=CC(=O)OCC(C)OCC(C)OCC(C)OC(=O)C=C,,0.0,,,1.0,0.0,,,1.0,,1.0,1.0
2988,COC(=O)Nc1nc2cc(Sc3ccccc3)ccc2[nH]1,,0.0,,,,1.0,1.0,1.0,0.0,1.0,1.0,1.0
2990,C=CC(=O)OCCOCCOCCOCCOC(=O)C=C,,0.0,1.0,,0.0,0.0,0.0,,1.0,,1.0,1.0
2991,O1[As]2O[As]3O[As]1O[As](O2)O3,,1.0,,0.0,0.0,0.0,0.0,1.0,,,0.0,1.0
2993,CC(C)(C)CC(C)(C)c1ccc(O)cc1,,0.0,,,1.0,0.0,1.0,1.0,0.0,,0.0,0.0
2994,CC(C)(C)CC(C)(C)c1ccccc1O,,0.0,0.0,,1.0,0.0,1.0,1.0,,,0.0,
2997,CCC[C@@H]1O[C@@H]2C[C@H]3[C@@H]4CCC5=CC(=O)C=C[C@]5(C)[C@H]4[C@@H](O)C[C@]3(C)[C@]2(C(=O)CO)O1,0.0,1.0,1.0,,0.0,0.0,0.0,0.0,0.0,0.0,0.0,1.0
3000,O=C([O-])c1c(Cl)c(Cl)c(Cl)c(Cl)c1-c1c2cc(I)c(=O)c(I)c-2oc2c(I)c([O-])c(I)cc12.[Na+].[Na+],,1.0,,0.0,0.0,1.0,,,0.0,,0.0,0.0
3001,[Na+].[Na+].[O-]c1c(Cl)cc(Cl)cc1Sc1cc(Cl)cc(Cl)c1[O-],,0.0,0.0,,,0.0,1.0,,,1.0,0.0,0.0
3002,COc1cccc2c1cc([N+](=O)[O-])c1c(C(=O)[O-])cc3c(c12)OCO3.[Na+],0.0,0.0,1.0,,0.0,,1.0,,,1.0,0.0,
3003,CC1(C)C(/C=C\C=C/C=C\C=C2\N(CCCCS(=O)(=O)[O-])c3ccc4ccccc4c3C2(C)C)=[N+](CCCCS(=O)(=O)[O-])c2ccc3ccccc3c21.[Na+],,0.0,,0.0,0.0,,,0.0,0.0,0.0,0.0,
3004,CN(C)c1ccc(C(=C2C=CC(=[N+](C)C)C=C2)c2c(O)c(S(=O)(=O)[O-])cc3cc(S(=O)(=O)[O-])ccc23)cc1.[Na+],,0.0,,,0.0,,0.0,,0.0,0.0,,0.0
3006,O=[N+]([O-])C=Cc1ccccc1,1.0,0.0,,,0.0,0.0,,0.0,,1.0,,1.0
3008,Oc1c(Br)c(Br)c(Br)c(Br)c1Br,,0.0,,,0.0,1.0,1.0,,,,0.0,0.0
3010,C=CC(=O)OCCn1c(=O)n(CCOC(=O)C=C)c(=O)n(CCOC(=O)C=C)c1=O,,0.0,,,1.0,0.0,0.0,,1.0,,1.0,1.0
3011,c1ccc2c(c1)c1cccc3ccc4cccc2c4c31,0.0,0.0,1.0,0.0,0.0,1.0,1.0,0.0,1.0,1.0,0.0,1.0
3014,CC(=O)[C@H]1CC[C@H]2[C@@H]3CCC4=CC(=O)CC[C@]4(C)[C@H]3CC[C@]12C,0.0,1.0,,0.0,0.0,0.0,,1.0,,0.0,0.0,1.0
3015,C#C[C@]1(OC(C)=O)CC[C@H]2[C@@H]3CCC4=CC(=O)CC[C@@H]4[C@H]3CC[C@@]21C,,1.0,,,1.0,0.0,0.0,1.0,,0.0,,1.0
3017,CCOc1cc(C(C)(C)C)ccc1C1COC(c2c(F)cccc2F)=N1,,0.0,1.0,,0.0,1.0,,,,0.0,0.0,0.0
3021,COc1cc(NCCCC(C)N)c2ncccc2c1,,0.0,,,0.0,1.0,,,0.0,1.0,,0.0
3023,CCOC(=O)O[C@]1(C(=O)COC(=O)CC)CC[C@H]2[C@@H]3CCC4=CC(=O)C=C[C@]4(C)[C@H]3[C@@H](O)C[C@@]21C,,1.0,,,0.0,,,0.0,,0.0,0.0,1.0
3024,CCCC[Sn](CCCC)(CCCC)CCCC,1.0,0.0,1.0,0.0,0.0,,1.0,,1.0,,0.0,
3026,Cl.OCCOCCN1CCN(C(c2ccccc2)c2ccc(Cl)cc2)CC1,0.0,0.0,,,0.0,0.0,,,,,0.0,0.0
3028,COc1cccc(-c2ccc(/C=C\CN3CCCCCC3)cc2Cl)c1.Cl,0.0,0.0,,,0.0,0.0,,,0.0,,0.0,0.0
3030,Cl.O.c1cnc2c(c1)ccc1cccnc12,1.0,0.0,,,0.0,1.0,,,0.0,,0.0,0.0
3032,O=C(Nc1cccc(Cl)c1)OCC#CCCl,1.0,0.0,1.0,,0.0,1.0,1.0,,,1.0,,
3034,C=C1C(C)(C)[C@@]2(Cl)C(Cl)[C@]1(Cl)C(Cl)(Cl)C2(Cl)Cl,1.0,0.0,1.0,,,,1.0,,0.0,,0.0,0.0
3036,O=C(Nc1ccc(Cl)c(Cl)c1)c1cc(Cl)cc(Cl)c1O,1.0,0.0,,,,1.0,1.0,,,1.0,0.0,
3038,CCC(=O)O[C@]1(C(=O)CCl)[C@@H](C)C[C@H]2[C@@H]3C[C@H](F)C4=CC(=O)C=C[C@]4(C)[C@@]3(F)[C@@H](O)C[C@@]21C,,1.0,,,,,1.0,0.0,,0.0,0.0,1.0
3040,CN1CCCC(CN2c3ccccc3Sc3ccccc32)C1,,0.0,,,0.0,,,0.0,,0.0,0.0,0.0
3042,CC[C@H](C)[C@H]1O[C@]2(C=C[C@@H]1C)C[C@@H]1C[C@@H](C/C=C(\C)[C@@H](O[C@H]3C[C@H](OC)[C@@H](O[C@H]4C[C@H](OC)[C@@H](O)[C@H](C)O4)[C@H](C)O3)[C@@H](C)/C=C/C=C3\CO[C@@H]4[C@H](O)C(C)=C[C@@H](C(=O)O1)[C@]34O)O2,0.0,0.0,1.0,0.0,0.0,0.0,1.0,0.0,,0.0,0.0,0.0
3046,CC(C)(O)c1cnn2c(-c3ccc(F)c(-c4c(F)cccc4C#N)c3)cnc2n1,0.0,0.0,,1.0,0.0,,1.0,0.0,,0.0,0.0,
3048,CCCCC[C@H](O)/C=C/[C@H]1[C@H](O)CC(=O)[C@@H]1CCCCCCC(=O)O,,0.0,,0.0,0.0,0.0,0.0,0.0,,0.0,0.0,
3051,O=C(O)CC(O)(CC(=O)O)C(=O)O.Oc1cccc2cccnc12,1.0,0.0,,,0.0,0.0,,0.0,,,0.0,0.0
3052,Cc1cccc(C)c1Nc1ncccc1C(=O)O,,0.0,,,0.0,1.0,1.0,,0.0,,1.0,
3053,CCOC(=O)c1cc(-c2ccccc2)nc2ccc(C)cc12,,0.0,,0.0,0.0,,,0.0,,0.0,0.0,0.0
3055,CCCCC(O)(Cn1cncn1)c1ccc(Cl)cc1Cl,,0.0,,,0.0,0.0,1.0,,,,0.0,0.0
3057,Oc1ccc(C(c2ccc(O)cc2)(C(F)(F)F)C(F)(F)F)cc1,0.0,0.0,,,1.0,1.0,1.0,1.0,0.0,1.0,0.0,0.0
3060,O=S(=O)([O-])c1ccc(Nc2nc(Nc3ccc(/C=C/c4ccc(Nc5nc(Nc6ccc(S(=O)(=O)[O-])cc6)nc(N(CCO)CCO)n5)cc4S(=O)(=O)[O-])c(S(=O)(=O)[O-])c3)nc(N(CCO)CCO)n2)cc1.[Na+].[Na+].[Na+].[Na+],,0.0,0.0,0.0,,0.0,0.0,0.0,,1.0,0.0,
3063,CN(C)C(=S)[S-].[Na+],1.0,0.0,,,0.0,0.0,0.0,0.0,,0.0,0.0,0.0
3065,O=[N+]([O-])c1cc(C2CCCCC2)c(O)c([N+](=O)[O-])c1,,0.0,,,0.0,0.0,1.0,,,0.0,0.0,
3066,O=[N+]([O-])O[Cd]O[N+](=O)[O-],1.0,0.0,,,,0.0,0.0,0.0,,,1.0,
3070,CC1=C(/C=C/C(C)=C/C=C/C(C)=C\C=O)C(C)(C)CCC1,,0.0,,1.0,1.0,0.0,1.0,0.0,,,0.0,0.0
3072,Cc1cc(C(C)(C)c2cc(C)c(O)c(C)c2)cc(C)c1O,0.0,0.0,,,1.0,0.0,,1.0,,1.0,0.0,
3073,CC1=C[C@H](O)CC(C)(C)[C@H]1/C=C/C(C)=C/C=C/C(C)=C/C=C/C=C(C)/C=C/C=C(C)/C=C/C1=C(C)C[C@@H](O)CC1(C)C,,0.0,,0.0,0.0,0.0,,,,1.0,0.0,0.0
3074,Cc1ccccc1CNc1ncnc2c1ncn2[C@@H]1O[C@H](CO)[C@@H](O)[C@H]1O,,0.0,,1.0,,0.0,0.0,0.0,,0.0,,0.0
3076,CCOc1ccc([N+](=O)[O-])cc1,,0.0,,,1.0,0.0,1.0,1.0,,,0.0,0.0
3078,Cc1[nH]cnc1C[C@H]1CCc2c(C)c3ccccc3n2C1=O.Cl,,0.0,,,0.0,0.0,,,0.0,,0.0,0.0
3079,CC(CN1c2ccccc2Sc2cccnc21)N(C)C.Cl,,0.0,,,,0.0,,0.0,0.0,,0.0,0.0
3080,CN(C)CCCN1c2ccccc2CCc2ccc(Cl)cc21.Cl,0.0,0.0,,,0.0,0.0,,0.0,,,0.0,0.0
3082,O=C1CN=C(c2ccccc2)c2cc(Cl)ccc2N1CC1CC1,0.0,0.0,1.0,0.0,0.0,0.0,1.0,,0.0,1.0,0.0,0.0
3083,CCCCOCN(C(=O)CCl)c1c(CC)cccc1CC,,0.0,1.0,,0.0,0.0,,,,0.0,0.0,
3084,CNc1ccc(O)cc1.CNc1ccc(O)cc1.O=S(=O)(O)O,,0.0,1.0,,,1.0,1.0,0.0,,,,0.0
3086,COc1ccc(C=CC(=O)OCCC(C)C)cc1,,0.0,,,0.0,,0.0,,0.0,0.0,,0.0
3087,CCCCCCCCCCn1cc[n+](C)c1.O=S(=O)([N-]S(=O)(=O)C(F)(F)F)C(F)(F)F,1.0,0.0,1.0,1.0,,0.0,,,0.0,,0.0,0.0
3092,Cc1cc(=O)oc2cc(O)ccc12.O,,0.0,,0.0,0.0,0.0,,0.0,,1.0,0.0,0.0
3095,O=C(Nc1ccccc1SSc1ccccc1NC(=O)c1ccccc1)c1ccccc1,1.0,0.0,0.0,,,1.0,1.0,1.0,1.0,,0.0,
3097,CC(C(=O)O)c1ccc(N2Cc3ccccc3C2=O)cc1,,0.0,,1.0,,,0.0,1.0,0.0,0.0,1.0,
3099,CC1CCC(C(C)C)C(OC(=O)c2ccccc2N)C1,,0.0,0.0,0.0,1.0,0.0,1.0,1.0,0.0,,0.0,0.0
3103,O=C1C(=O)c2ncccc2-c2cccnc21,,0.0,,1.0,0.0,1.0,,,,1.0,0.0,0.0
3104,CC(C)Oc1cc(-n2nc(C(C)(C)C)oc2=O)c(Cl)cc1Cl,,0.0,1.0,,0.0,,1.0,,,0.0,0.0,0.0
3105,CCCN(CCC)c1c([N+](=O)[O-])cc(S(N)(=O)=O)cc1[N+](=O)[O-],0.0,0.0,,,0.0,0.0,1.0,,,,0.0,1.0
3106,Oc1c(I)cc(Cl)c2cccnc12,1.0,0.0,1.0,0.0,0.0,1.0,1.0,,0.0,,0.0,0.0
3108,C[C@H]1CCCC(=O)CCC/C=C/c2cc(O)cc(O)c2C(=O)O1,1.0,0.0,,,1.0,,1.0,1.0,0.0,1.0,0.0,0.0
3113,O=C(Nc1ccccc1)c1cc(Cl)ccc1O,,0.0,1.0,,,1.0,,,0.0,,0.0,0.0
3116,COc1ccc2sc(C(=O)Nc3nnn[n-]3)c(OC(C)C)c2c1.[Na+],0.0,0.0,,1.0,0.0,0.0,,,1.0,,0.0,
3117,Cc1[nH]nc2c1N=C(c1ccccc1Cl)c1cc([N+](=O)[O-])ccc1N2,,0.0,1.0,1.0,1.0,1.0,,,,1.0,1.0,0.0
3118,CC(C)C[C@H]1C(=O)N2CCC[C@H]2[C@]2(O)O[C@](NC(=O)[C@@H]3C=C4c5cccc6[nH]c(Br)c(c56)C[C@H]4N(C)C3)(C(C)C)C(=O)N12,,0.0,,,0.0,0.0,1.0,,,0.0,,0.0
3120,c1ccc2c(c1)Sc1ccccc1N2CCN1CCCC1,,0.0,,0.0,0.0,,,0.0,,0.0,0.0,0.0
3121,CC(=O)O[C@]1(C(C)=O)CC[C@H]2[C@@H]3C=C(Cl)C4=CC(=O)[C@@H]5C[C@@H]5[C@]4(C)[C@H]3CC[C@@]21C,0.0,1.0,1.0,0.0,0.0,0.0,,0.0,0.0,0.0,0.0,1.0
3123,CCc1cc(C(C)(C)C)c(O)c(C(C)(C)C)c1,0.0,0.0,,,0.0,0.0,,0.0,0.0,0.0,0.0,0.0
3124,CC(C)(C)CC(C)(C)c1ccc(OCCO)cc1,,0.0,1.0,,0.0,0.0,1.0,,0.0,0.0,0.0,0.0
3126,CN(C)CCC=C1c2ccccc2C(C)(C)c2ccccc21.Cl,,0.0,,1.0,,0.0,,0.0,,0.0,0.0,0.0
3130,CN1C(=O)C(O)N=C(c2ccccc2)c2cc(Cl)ccc21,0.0,0.0,0.0,0.0,0.0,0.0,0.0,,0.0,0.0,0.0,0.0
3132,O=C(Nc1ccccc1)Nc1ccnc(Cl)c1,0.0,0.0,1.0,,0.0,1.0,1.0,,,,0.0,
3137,O=C1C(I)=CC(=C(c2cc(I)c(O)c(I)c2)c2ccccc2C(=O)O)C=C1I,,0.0,,0.0,0.0,0.0,1.0,0.0,,,0.0,0.0
3139,OC[C@H]1OC(S[Au])[C@H](O)[C@@H](O)[C@@H]1O,,0.0,,0.0,0.0,0.0,0.0,0.0,,,0.0,0.0
3145,N[C@@H](Cc1cc(I)c(Oc2ccc(O)c(I)c2)c(I)c1)C(=O)O,0.0,0.0,0.0,0.0,1.0,1.0,1.0,1.0,0.0,0.0,0.0,0.0
3146,C#CCC(Cc1cnc2nc(N)nc(N)c2n1)c1ccc(C(=O)N[C@@H](CCC(=O)O)C(=O)O)cc1,,0.0,,0.0,0.0,,0.0,0.0,,1.0,,0.0
3149,CCCCCCCOC(=O)c1ccc(O)cc1,0.0,0.0,0.0,,1.0,0.0,1.0,1.0,0.0,0.0,0.0,0.0
3153,C[C@]12CC[C@H]3C(=CCc4cc(O)ccc43)[C@@H]1CCC2=O,0.0,1.0,,,1.0,,1.0,1.0,,0.0,0.0,
3154,CNC(=O)[C@H](Cc1c[nH]c2ccccc12)NC(=O)[C@@H](CC(=O)NO)CC(C)C,,0.0,,0.0,0.0,,0.0,0.0,0.0,0.0,,0.0
3156,CC(C)(c1cc(Br)c(O)c(Br)c1)c1cc(Br)c(O)c(Br)c1,1.0,0.0,1.0,1.0,1.0,0.0,1.0,0.0,1.0,1.0,0.0,0.0
3158,O=C1OC2(c3cc(Br)c(O)c(Br)c3Oc3c2cc(Br)c(O)c3Br)c2c(Cl)c(Cl)c(Cl)c(Cl)c21,1.0,0.0,0.0,,0.0,,,0.0,,,0.0,0.0
3164,Cc1cn([C@H]2C[C@H](O)[C@@H](CO)O2)c(=O)[nH]c1=O,,,,0.0,0.0,,0.0,0.0,0.0,0.0,0.0,0.0
3165,Cc1cc(O)c(Cl)c(C)c1Cl,,0.0,,,0.0,0.0,1.0,,0.0,,0.0,
3167,Cc1cc(N=Nc2ccccc2C)ccc1N,0.0,0.0,1.0,,,1.0,,1.0,,,1.0,0.0
3170,CC[C@@]1(O)C(=O)OCc2c1cc1n(c2=O)Cc2cc3c(CN(C)C)c(O)ccc3nc2-1.Cl,,0.0,,1.0,0.0,0.0,0.0,,,1.0,0.0,
3172,CC[C@@H](O)C(C[C@@H](C)N(C)C)(c1ccccc1)c1ccccc1.Cl,,0.0,,0.0,0.0,0.0,,,,0.0,0.0,0.0
3174,CN(C)c1ccc(C(=O)c2ccc(N(C)C)cc2)cc1,0.0,0.0,0.0,,,1.0,1.0,,0.0,1.0,1.0,1.0
3175,COc1ccc(-c2coc3cc(O)cc(O)c3c2=O)cc1,0.0,0.0,1.0,,1.0,1.0,,1.0,,,1.0,
3177,O=[N+]([O-])c1ccc(F)c([N+](=O)[O-])c1,0.0,0.0,,0.0,0.0,1.0,1.0,,,0.0,,
3179,CCCCN(CCCC)c1ccc(C(=O)c2ccccc2C(=O)O)c(O)c1,,0.0,1.0,0.0,0.0,0.0,1.0,,,,0.0,0.0
3181,COc1ccc(-c2noc(CC(=O)O)c2-c2ccc(OC)cc2)cc1,,,,0.0,0.0,0.0,,0.0,0.0,0.0,0.0,
3182,CO/C=C(/C(=O)OC)c1ccccc1COc1cccc(C(F)(F)F)n1,0.0,0.0,1.0,,,0.0,,,,1.0,0.0,
3183,CO/N=C(/C(=O)OC)c1ccccc1COc1ccccc1C,0.0,0.0,1.0,,,0.0,,0.0,,,0.0,
3189,C[C@H]1CCC[C@H](O)CCCCCc2cc(O)cc(O)c2C(=O)O1,1.0,0.0,,,1.0,,1.0,1.0,,0.0,0.0,0.0
3191,CC[n+]1ccccc1.[Br-],0.0,0.0,1.0,,,0.0,,,,0.0,0.0,
3192,C[N+]1(C)[C@@H]2CC(OC(=O)C(O)(c3cccs3)c3cccs3)C[C@H]1[C@@H]1O[C@@H]12.[Br-],,0.0,,0.0,0.0,0.0,0.0,,0.0,,0.0,0.0
3193,O=C([O-])[C@H]1/C(=C/CO)O[C@@H]2CC(=O)N21.[Li+],,0.0,,0.0,0.0,0.0,0.0,0.0,0.0,,0.0,
3195,O=C([N-]S(=O)(=O)/C=C/c1ccccc1)c1ccc(F)cc1Cl.[Na+],0.0,0.0,,,0.0,0.0,,,,1.0,1.0,0.0
3197,c1ccc([Hg]c2ccccc2)cc1,0.0,0.0,,,0.0,,1.0,,,,1.0,0.0
3198,CCCOc1cc(N)ccc1C(=O)OCCN(CC)CC.Cl,,0.0,,0.0,0.0,,,0.0,0.0,0.0,0.0,0.0
3201,Cl.N[C@@H](Cc1cnc[nH]1)C(=O)O,,0.0,,0.0,0.0,,0.0,,0.0,,0.0,0.0
3202,CCCC(=O)N1CCCN(c2nc(N)c3cc(OC)c(OC)cc3n2)CC1.Cl,,0.0,,0.0,0.0,,,,0.0,0.0,0.0,0.0
3203,O=C1c2ccccc2C(=O)C1c1ccc(Cl)cc1,,0.0,,0.0,0.0,,,0.0,0.0,0.0,0.0,
3204,COC(=O)c1cc(Oc2ccc(Cl)cc2Cl)ccc1[N+](=O)[O-],,0.0,0.0,1.0,,,,,0.0,0.0,0.0,0.0
3207,COc1ccc(C(=O)Nc2nc3ccccc3c(NCc3ccccc3)c2C#N)cc1,0.0,0.0,,,0.0,1.0,1.0,,,,0.0,0.0
3209,CC(C)c1c(C(=O)Nc2ccccc2)c(-c2ccccc2)c(-c2ccc(F)cc2)n1CC[C@@H](O)C[C@@H](O)CC(=O)O,0.0,0.0,,1.0,0.0,,,0.0,,0.0,0.0,0.0
3210,C#CCC1=C(C)[C@H](OC(=O)[C@H]2[C@H](C=C(C)C)C2(C)C)CC1=O,,0.0,,,0.0,0.0,,,,0.0,0.0,0.0
3211,C=CCC1=C(C)C(OC(=O)C2C(C=C(C)C)C2(C)C)CC1=O,1.0,0.0,,,0.0,0.0,,,,,0.0,0.0
3215,Brc1c2ccccc2cc2ccccc12,,0.0,,,,0.0,,1.0,1.0,1.0,0.0,
3217,CCCCCC[C@@H](O)C/C=C\CCCCCCCC(=O)O,,0.0,,0.0,0.0,0.0,0.0,0.0,0.0,0.0,0.0,0.0
3218,CCN(CC)c1c([N+](=O)[O-])cc(C(F)(F)F)c(N)c1[N+](=O)[O-],0.0,0.0,,,,,,,0.0,0.0,0.0,0.0
3222,CCCCCCCCCCCCCCC(Br)C(=O)O,,0.0,,0.0,,0.0,1.0,0.0,1.0,,0.0,0.0
3223,CCCCCCCCOc1ccc(C(=O)O)cc1,,0.0,,,0.0,,1.0,0.0,,,0.0,0.0
3225,O=c1cc(-c2ccccc2)oc2ccccc12,0.0,0.0,1.0,,,1.0,,1.0,0.0,0.0,1.0,0.0
3230,CC(C)(C)c1ccc(CSc2cnn(C(C)(C)C)c(=O)c2Cl)cc1,0.0,0.0,1.0,1.0,,0.0,1.0,,,,0.0,
3231,CC(C)c1cccc(C(C)C)c1N1C(=O)c2ccc(O)cc2C1=O,,0.0,,1.0,1.0,0.0,1.0,1.0,,1.0,0.0,
3232,COP(=O)(OC)O/C(=C\Cl)c1cc(Cl)c(Cl)cc1Cl,0.0,0.0,1.0,1.0,,0.0,,,,0.0,,0.0
3233,CCOP(=O)(OCC)OC(=CCl)c1ccc(Cl)cc1Cl,0.0,0.0,,1.0,0.0,0.0,,0.0,0.0,0.0,0.0,0.0
3234,ClC1=C(Cl)[C@]2(Cl)[C@@H]3[C@H]4C=CC(C4)[C@@H]3C1(Cl)C2(Cl)Cl,0.0,0.0,0.0,0.0,0.0,0.0,1.0,0.0,0.0,,0.0,0.0
3235,CNc1ccc([N+](=O)[O-])cc1,,,0.0,,0.0,,0.0,1.0,0.0,0.0,0.0,
3236,C[C@@H]1[C@H](O)[C@@H](C)/C=C/C=C/C=C/C=C/C=C/C=C/C=C/[C@H](O[C@@H]2O[C@H](C)[C@@H](O)[C@H](N)[C@@H]2O)C[C@@H]2O[C@](O)(C[C@@H](O)C[C@@H](O)[C@H](O)CC[C@@H](O)C[C@@H](O)CC(=O)O[C@H]1C)C[C@H](O)[C@H]2C(=O)O,,0.0,1.0,0.0,0.0,0.0,0.0,,,0.0,0.0,
3237,CC(Oc1ccc(Oc2ncc(C(F)(F)F)cc2Cl)cc1)C(=O)O,0.0,0.0,,1.0,0.0,0.0,,,,0.0,0.0,
3239,O=C(O)C1C2CCC(O2)C1C(=O)O,0.0,0.0,,0.0,0.0,1.0,0.0,,0.0,0.0,1.0,
3240,CC(Cc1ccc(O)c(O)c1)C(C)Cc1ccc(O)c(O)c1,1.0,0.0,0.0,0.0,1.0,,1.0,,,,0.0,0.0
3242,N[C@@H](Cc1cc(I)c(Oc2ccc(O)c(I)c2)c(I)c1)C(=O)[O-].[Na+],0.0,0.0,,0.0,,1.0,,1.0,,0.0,0.0,0.0
3243,Cc1c([N+](=O)[O-])cc2c(c1[N+](=O)[O-])C(C)(C)CC2(C)C,0.0,0.0,,1.0,1.0,,,,0.0,0.0,,0.0
3244,C/C=C(C)/C=C/C=C(C)C,0.0,0.0,1.0,0.0,0.0,0.0,0.0,0.0,0.0,0.0,0.0,0.0
3245,C=CC(=C)C,0.0,,0.0,,0.0,,0.0,,0.0,0.0,0.0,
3248,CC(C)[C@@H](Nc1ccc(C(F)(F)F)cc1Cl)C(=O)OC(C#N)c1cccc(Oc2ccccc2)c1,,0.0,0.0,0.0,,0.0,1.0,0.0,,,0.0,0.0
3249,CO/N=C(/C1=NOCCO1)c1ccccc1Oc1ncnc(Oc2ccccc2Cl)c1F,0.0,0.0,1.0,,,0.0,1.0,,,,0.0,
3250,N#CCC#N,1.0,0.0,0.0,,0.0,,,0.0,,,0.0,1.0
3251,Nc1cccc(O)c1,0.0,,0.0,,0.0,,0.0,,,0.0,0.0,
3252,O=C(/C=C/c1ccc([N+](=O)[O-])cc1)c1ccccc1,,0.0,0.0,,,0.0,,0.0,0.0,,1.0,
3253,CCCCC(CC)COC(=O)/C=C\C(=O)OCC(CC)CCCC,0.0,0.0,1.0,0.0,0.0,0.0,0.0,0.0,0.0,0.0,0.0,0.0
3254,Oc1ccc(C(=C(Cl)Cl)c2ccc(O)cc2)cc1,1.0,0.0,1.0,,,,1.0,1.0,,,0.0,0.0
3255,CCCCCCCCCCCCCOP(=O)(O)O,,0.0,,,0.0,0.0,,0.0,,,0.0,0.0
3257,[Cl-].[Cl-].[Cu+2],1.0,0.0,,0.0,0.0,0.0,,,0.0,0.0,0.0,
3258,CC1(C)[C@H](C(=O)O[C@H](C#N)c2cccc(Oc3ccccc3)c2)[C@@H]1C=C(Br)Br,,0.0,0.0,0.0,0.0,0.0,1.0,0.0,,,0.0,0.0
3259,CC(C)(C)C(=O)C1C(=O)c2ccccc2C1=O,0.0,0.0,,0.0,0.0,1.0,1.0,,,0.0,,0.0
3261,ClC1=C(Cl)C2(Cl)C3C(Cl)C=CC3C1(Cl)C2(Cl)Cl,,0.0,1.0,,0.0,0.0,1.0,0.0,0.0,,0.0,0.0
3263,ICCc1ccccc1,,,0.0,,,0.0,0.0,0.0,0.0,0.0,0.0,
3264,COc1cc(C=O)cc2c1[C@H](COC(N)=O)[C@]1(OC(C)=O)ON2C[C@H]2[C@@H]1N2C(C)=O,0.0,0.0,,,0.0,0.0,0.0,,,1.0,0.0,
3268,OCCN1CCNCC1,,0.0,0.0,0.0,0.0,0.0,0.0,0.0,0.0,0.0,0.0,0.0
3269,O=NN([O-])c1ccccc1.[NH4+],0.0,0.0,,,0.0,1.0,0.0,1.0,0.0,0.0,0.0,0.0
3271,CCCCCCCCCCCCCCn1cc[n+](C)c1.F[P-](F)(F)(F)(F)F,,0.0,,0.0,0.0,,,0.0,0.0,0.0,0.0,0.0
3272,O=C(c1ccccc1)c1ccc(O)c(O)c1O,0.0,0.0,,0.0,1.0,,1.0,1.0,0.0,0.0,0.0,0.0
3274,CCCC[P+](C)(CCCC)CCCC.COS(=O)(=O)[O-],0.0,0.0,,0.0,,,,,0.0,0.0,0.0,0.0
3275,Cc1coc2c1CCC(C)C2,0.0,,0.0,0.0,0.0,,,,0.0,0.0,0.0,
3276,CCCCC(=O)Cl,0.0,,,0.0,0.0,,0.0,,0.0,0.0,0.0,
3278,CC[C@@H](C(=O)[C@@H](C)[C@@H](O)[C@H](C)[C@@H]1O[C@@H]([C@@H](CC)C(=O)[O-])CC[C@@H]1C)[C@H]1O[C@]2(C=C[C@@H](O)[C@]3(CC[C@@](C)([C@H]4CC[C@](O)(CC)[C@H](C)O4)O3)O2)[C@H](C)C[C@@H]1C.[Na+],,0.0,,0.0,0.0,0.0,,0.0,1.0,,0.0,0.0
3279,CC[C@@H](C(=O)[C@@H](C)[C@@H](O)[C@H](C)CCc1ccc(C)c(O)c1C(=O)[O-])[C@H]1O[C@](CC)([C@H]2CC[C@](O)(CC)[C@H](C)O2)C[C@@H]1C.[Na+],,1.0,,,0.0,0.0,1.0,0.0,0.0,1.0,,
3281,Cc1cc(/C=C/c2ccc3cc(N(C)C)ccc3[n+]2C)c(C)n1-c1ccccc1.Cc1cc(/C=C/c2ccc3cc(N(C)C)ccc3[n+]2C)c(C)n1-c1ccccc1.O=C([O-])c1cc2ccccc2c(Cc2c(O)c(C(=O)[O-])cc3ccccc23)c1O,,0.0,,,0.0,,1.0,,0.0,1.0,0.0,0.0
3282,Br.C[C@@H]1[C@@H]2Cc3ccc(O)cc3[C@@]1(C)CCN2CCc1ccccc1,,0.0,,0.0,0.0,1.0,0.0,,,0.0,0.0,0.0
3284,CC(C)(C)[C@]1(O)CCN2C[C@H]3c4ccccc4CCc4cccc(c43)[C@@H]2C1.Cl,,0.0,,,0.0,0.0,,,0.0,0.0,0.0,0.0
3286,Cl.F/C(COc1ccc2c(c1)[nH]c1ccccc12)=C1/CN2CCC1CC2,,0.0,,,0.0,1.0,,0.0,,0.0,0.0,0.0
3289,O=C(CCl)C(Cl)Cl,,0.0,1.0,,1.0,,,1.0,1.0,1.0,0.0,1.0
3293,Cc1cc(N)c2ccccc2[n+]1CCCCCCCCCC[n+]1c(C)cc(N)c2ccccc21.[Cl-].[Cl-],,0.0,,1.0,0.0,0.0,0.0,,0.0,,0.0,0.0
3294,C[C@@H]1C[C@H]2[C@@H]3CCC4=CC(=O)C=C[C@]4(C)[C@@]3(F)[C@@H](O)C[C@]2(C)[C@@]1(O)C(=O)COP(=O)([O-])[O-].[Na+].[Na+],0.0,1.0,0.0,,0.0,0.0,0.0,1.0,0.0,0.0,0.0,1.0
3297,O=[N+]([O-])c1ccc(Nc2ccccc2)cc1,0.0,0.0,0.0,,0.0,0.0,1.0,,0.0,,0.0,0.0
3298,C=C1CC[C@H](O)C/C1=C/C=C1\CCC[C@]2(C)[C@@H]([C@H](C)CCCC(C)C)CC[C@@H]12,1.0,0.0,1.0,,0.0,0.0,0.0,0.0,,,0.0,0.0
3302,CC(C)OC(=O)Nc1ccc2[nH]c(-c3cscn3)nc2c1,,0.0,,,0.0,1.0,,1.0,0.0,1.0,1.0,
3303,CCCCC(=O)OCC(=O)[C@]1(O)Cc2c(O)c3c(c(O)c2[C@@H](O[C@H]2C[C@H](NC(=O)C(F)(F)F)[C@H](O)[C@H](C)O2)C1)C(=O)c1c(OC)cccc1C3=O,,0.0,,,,0.0,1.0,,0.0,1.0,1.0,1.0
3304,C#C[C@]1(OC(=O)CCCCCC)CC[C@H]2[C@@H]3CCC4=CC(=O)CC[C@@H]4[C@H]3CC[C@@]21C,,1.0,,,1.0,0.0,1.0,1.0,0.0,,0.0,1.0
3305,CCOc1cc(-c2nccc3cc(OC)c(OC)cc23)cc(OCC)c1OCC,,0.0,,,0.0,1.0,0.0,,0.0,0.0,,0.0
3307,CN1CCC(CN2c3ccccc3Sc3ccccc32)C1.Cl,,0.0,,0.0,0.0,0.0,,0.0,,0.0,0.0,0.0
3312,CC(=O)Nc1ccc(C(=O)CCl)cc1,1.0,0.0,1.0,,0.0,1.0,0.0,1.0,0.0,1.0,1.0,1.0
3313,CCCCc1ccc2[nH]c(NC(=O)OC)nc2c1,,1.0,,,,1.0,1.0,1.0,0.0,1.0,1.0,
3314,O=c1c2ccccc2[se]n1-c1ccccc1,,0.0,,,0.0,,1.0,,0.0,0.0,0.0,0.0
3316,Oc1cccc2cccnc12,1.0,0.0,1.0,,,0.0,0.0,0.0,,1.0,0.0,0.0
3319,CN1CSC(=S)N(C)C1,1.0,0.0,1.0,,0.0,0.0,0.0,0.0,,0.0,0.0,0.0
3321,Cc1cc(-c2ccc(/N=N/c3ccc4c(S(=O)(=O)[O-])cc(S(=O)(=O)[O-])c(N)c4c3O)c(C)c2)ccc1/N=N/c1ccc2c(S(=O)(=O)[O-])cc(S(=O)(=O)[O-])c(N)c2c1O.[Na+].[Na+].[Na+].[Na+],,0.0,,,0.0,0.0,,,0.0,0.0,0.0,0.0
3322,C[C@@H]1C[C@H]2[C@@H]3CCC4=CC(=O)C=C[C@]4(C)[C@@]3(F)[C@@H](O)C[C@]2(C)[C@@]1(O)C(=O)COC(=O)c1cccc(S(=O)(=O)[O-])c1.[Na+],,1.0,,,0.0,,0.0,1.0,0.0,0.0,,1.0
3323,COc1ccc(CC2c3cc(OC)c(OC)cc3CC[N+]2(C)CCC(=O)OCCCCCOC(=O)CC[N+]2(C)CCc3cc(OC)c(OC)cc3C2Cc2ccc(OC)c(OC)c2)cc1OC.O=S(=O)([O-])c1ccccc1.O=S(=O)([O-])c1ccccc1,,1.0,,,0.0,0.0,0.0,,,0.0,0.0,0.0
3325,C[Hg]Cl,1.0,0.0,,,,0.0,,0.0,1.0,1.0,1.0,0.0
3326,c1ccc2c(c1)Sc1ccccc1N2CC1CN2CCC1CC2,,0.0,,1.0,0.0,0.0,,0.0,,0.0,0.0,0.0
3327,CC(C)C(=O)OCC(=O)[C@@]12O[C@H](C3CCCCC3)O[C@@H]1C[C@H]1[C@@H]3CCC4=CC(=O)C=C[C@]4(C)[C@H]3[C@@H](O)C[C@@]12C,,1.0,,,0.0,0.0,1.0,,0.0,0.0,0.0,
3328,CCC(=O)OCC(=O)[C@@]1(OC(=O)CC)[C@H](C)C[C@H]2[C@H]3[C@H]([C@@H](O)C[C@@]21C)[C@@]1(C)C=CC(=O)C=C1C[C@H]3Cl,,1.0,,,0.0,,0.0,,0.0,0.0,0.0,1.0
3329,CCCC(=O)O[C@]1(C(=O)COC(=O)CC)[C@@H](C)C[C@H]2[C@@H]3CCC4=CC(=O)C=C[C@]4(C)[C@@]3(F)[C@@H](O)C[C@@]21C,,1.0,,,0.0,,1.0,0.0,,0.0,0.0,1.0
3330,CCCCCCCCS(=O)C(C)Cc1ccc2c(c1)OCO2,,0.0,1.0,,0.0,1.0,0.0,,,,0.0,0.0
3331,CCN(CC)CCC(=O)N1c2ccccc2Sc2ccc(Cl)cc21,,0.0,,,0.0,0.0,,,0.0,0.0,0.0,0.0
3332,COC(=O)C1=C(C)NC(C)=C(C(=O)O[C@H]2CCN(Cc3ccccc3)C2)[C@H]1c1cccc([N+](=O)[O-])c1.Cl,,0.0,,,0.0,0.0,1.0,0.0,,,0.0,0.0
3336,C[C@]12CC[C@H]3[C@@H](CCC4=C(Cl)C(=O)CC[C@@]43C)[C@@H]1CC[C@@H]2O,,1.0,,,1.0,0.0,,1.0,,0.0,0.0,1.0
3337,C=C1C(CCl)(CCl)C2(Cl)C(Cl)C(Cl)C1(Cl)C2(Cl)Cl,1.0,0.0,1.0,,1.0,0.0,1.0,1.0,,,0.0,
3339,Cc1cc(C(C#N)c2ccc(Cl)cc2)c(Cl)cc1NC(=O)c1cc(I)cc(I)c1O,,0.0,,,0.0,0.0,1.0,,0.0,1.0,,0.0
3345,O=C(N[C@@H](c1ccccc1)[C@@H]1CCCCN1)c1cccc(C(F)(F)F)c1Cl,0.0,0.0,,,0.0,0.0,,,,0.0,0.0,0.0
3346,C[C@]12C=CC(=O)N[C@@H]1CC[C@@H]1[C@@H]2CC[C@]2(C)[C@@H](C(=O)Nc3cc(C(F)(F)F)ccc3C(F)(F)F)CC[C@@H]12,,1.0,,0.0,0.0,0.0,,,0.0,0.0,0.0,0.0
3349,N#CSc1ccc(N)c([N+](=O)[O-])c1,,0.0,,,0.0,,1.0,0.0,,0.0,0.0,0.0
3350,N=C1NC(=N)c2cc3ccccc3cc21,1.0,0.0,1.0,,,1.0,1.0,,,1.0,1.0,1.0
3351,Cc1c(N)nc([C@H](CC(N)=O)NC[C@H](N)C(N)=O)nc1C(=O)N[C@H](C(=O)N[C@H](C)[C@@H](O)[C@H](C)C(=O)N[C@H](C(=O)NCCc1nc(-c2nc(C(=O)NCCCCNC(=N)N)cs2)cs1)[C@@H](C)O)[C@@H](O[C@@H]1O[C@@H](CO)[C@@H](O)[C@H](O)[C@@H]1O[C@H]1O[C@H](CO)[C@@H](O)[C@H](OC(N)=O)[C@@H]1O)c1cnc[nH]1.O=S(=O)(O)O.O=S(=O)(O)O,,1.0,,,,,0.0,0.0,0.0,1.0,0.0,0.0
3354,COc1ccc(N)cc1N.O=S(=O)(O)O,,0.0,1.0,,,1.0,1.0,,0.0,1.0,0.0,0.0
3356,C=C1CC[C@@H]2[C@](C)(CO)[C@H](O)CC[C@@]2(C)[C@@H]1C/C=C1/C(=O)OC[C@H]1O,,0.0,,,0.0,0.0,0.0,0.0,,0.0,0.0,0.0
3357,CCCCC/C=C\C=C\C(=O)OCC,,0.0,,,0.0,0.0,1.0,0.0,,,0.0,0.0
3359,O=C(CCl)Nc1ccccc1,1.0,0.0,1.0,,0.0,0.0,0.0,,,0.0,,0.0
3361,Cc1c(Cl)cccc1Nc1ncccc1C(=O)O,,0.0,,,0.0,1.0,1.0,,0.0,0.0,0.0,
3362,CNC(=O)Oc1ccccc1C(=O)Nc1ccccc1,,0.0,,,0.0,1.0,1.0,,0.0,0.0,0.0,
3363,O=C1C(=Cc2cccs2)CCCC1=Cc1cccs1,,0.0,,,,1.0,,1.0,0.0,0.0,1.0,0.0
3364,O=c1n(CC2CO2)c(=O)n(CC2CO2)c(=O)n1CC1CO1,1.0,0.0,1.0,,0.0,0.0,0.0,0.0,0.0,1.0,1.0,0.0
3365,O=C/C(Cl)=C(/Cl)C(=O)O,,0.0,1.0,,0.0,0.0,,0.0,,1.0,1.0,0.0
3371,O=S(=O)([O-])c1cc(O)c2c(N=Nc3ccc(Nc4ccccc4)c4c(S(=O)(=O)[O-])cccc34)cc(S(=O)(=O)[O-])cc2c1.[Na+].[Na+].[Na+],,0.0,,,0.0,0.0,,,0.0,0.0,0.0,0.0
3372,CC#CCC(C)[C@H](O)/C=C/[C@@H]1[C@H]2c3cccc(CCCC(=O)[O-])c3O[C@H]2C[C@H]1O.[Na+],,0.0,,0.0,,0.0,,1.0,0.0,0.0,0.0,0.0
3378,CC(=O)[C@@]1(O)CC[C@H]2[C@@H]3C=C(Cl)C4=CC(=O)CC[C@]4(C)[C@H]3CC[C@@]21C,,1.0,,,0.0,0.0,,1.0,0.0,0.0,0.0,1.0
3382,CCC(C)c1cc([N+](=O)[O-])cc([N+](=O)[O-])c1OC(=O)OC(C)C,1.0,0.0,1.0,,1.0,0.0,1.0,,,1.0,,
3383,Cc1c2ccccc2c(C)c2c1ccc1ccccc12,1.0,0.0,1.0,1.0,,1.0,,1.0,1.0,1.0,0.0,0.0
3385,CCCCCCC(=O)O[C@H]1CC[C@H]2[C@@H]3CC[C@H]4CC(=O)C=C(C)[C@]4(C)[C@H]3CC[C@]12C,,1.0,,,1.0,0.0,,1.0,0.0,,0.0,1.0
3386,CCCCCCC(=O)O[C@H]1CC[C@H]2[C@@H]3CCc4cc(O)ccc4[C@H]3CC[C@]12C,,1.0,,0.0,1.0,0.0,,1.0,0.0,0.0,0.0,1.0
3388,CN[C@@H]1C[C@@H](c2ccc(Cl)c(Cl)c2)c2ccccc21.Cl,,0.0,,,0.0,1.0,,0.0,0.0,,0.0,0.0
3392,O=C1OC(O)C(C(Cl)Cl)=C1Cl,,0.0,1.0,,,0.0,,0.0,1.0,1.0,1.0,1.0
3396,O=S1OCC2C(CO1)C1(Cl)C(Cl)=C(Cl)C2(Cl)C1(Cl)Cl,,0.0,1.0,,0.0,0.0,1.0,,0.0,,0.0,0.0
3398,Cc1nnc2n1-c1sc(Br)cc1C(c1ccccc1Cl)=NC2,,0.0,,,0.0,0.0,,,0.0,0.0,1.0,0.0
3400,CN1CCN(CCCN2c3ccccc3Sc3ccccc32)CC1,,0.0,,,0.0,0.0,,0.0,,0.0,0.0,0.0
3411,C=CC[C@@H]1/C=C(\C)C[C@H](C)C[C@H](OC)[C@H]2O[C@@](O)(C(=O)C(=O)N3CCCC[C@H]3C(=O)O[C@H](/C(C)=C/[C@@H]3CC[C@@H](O)[C@H](OC)C3)[C@H](C)[C@@H](O)CC1=O)[C@H](C)C[C@@H]2OC,,0.0,,,0.0,0.0,1.0,0.0,,0.0,,0.0
3416,O=C1c2ccccc2-c2n[nH]c3cccc1c23,,0.0,,,,,1.0,0.0,0.0,1.0,0.0,0.0
3417,CC1=C(C(=O)OCCN(Cc2ccccc2)c2ccccc2)C(c2cccc([N+](=O)[O-])c2)C(P2(=O)OCC(C)(C)CO2)=C(C)N1,,0.0,,,0.0,0.0,,0.0,,0.0,0.0,0.0
3419,CCCCCc1ccc(C)cc1O,,0.0,,0.0,0.0,0.0,1.0,0.0,,0.0,0.0,0.0
3421,CCCCCCOC(=O)c1ccc(O)cc1,0.0,0.0,,,1.0,0.0,1.0,1.0,0.0,0.0,1.0,0.0
3424,O=c1oc2cc(O)ccc2c2oc3cc(O)ccc3c12,,0.0,,,,1.0,1.0,1.0,,0.0,1.0,0.0
3429,Br.C[C@H]1[C@H]2Cc3ccc(O)cc3[C@]1(C)CCN2CCc1ccccc1,,0.0,,0.0,0.0,,0.0,0.0,,1.0,0.0,0.0
3431,C#C[C@]1(O)CC[C@H]2[C@@H]3CCC4=CCCC[C@@H]4[C@H]3C(=C)C[C@@]21CC,,1.0,,0.0,1.0,0.0,1.0,1.0,0.0,,0.0,1.0
3436,CC(C)(c1ccc(OCC2CO2)cc1)c1ccc(OCC2CO2)cc1,1.0,0.0,0.0,1.0,0.0,0.0,,0.0,,0.0,0.0,0.0
3439,Cc1cccc(C)c1NC(=O)CN1CCN(CCCC(c2ccc(F)cc2)c2ccc(F)cc2)CC1,,0.0,,0.0,0.0,0.0,,0.0,,0.0,0.0,0.0
3440,CCC(=O)O[C@H]1CC[C@H]2[C@@H]3CCc4cc(O)ccc4[C@H]3CC[C@]12C,,1.0,,0.0,1.0,0.0,,1.0,0.0,1.0,0.0,1.0
3442,CCOP(=S)(OCC)SCn1nnc2ccccc2c1=O,0.0,0.0,1.0,,,,,,0.0,0.0,0.0,0.0
3446,CCCCN1C(=O)[C@@H]([C@H](O)C2CCCCC2)NC(=O)C12CCN(Cc1ccc(Oc3ccc(C(=O)O)cc3)cc1)CC2.Cl,0.0,0.0,1.0,0.0,0.0,0.0,,,,1.0,0.0,
3448,CC(=O)C(Cl)(Cl)Cl,0.0,0.0,,,,0.0,1.0,,,0.0,0.0,0.0
3450,Cc1nnc2n1-c1ccc(Cl)cc1C(c1ccccc1)=NC2,,0.0,,,0.0,0.0,0.0,,,0.0,1.0,0.0
3453,COc1cc([C@@H]2c3cc4c(cc3C(O[C@@H]3O[C@@H]5CO[C@@H](C)O[C@H]5[C@H](O)[C@H]3O)C3COC(=O)[C@@H]32)OCO4)cc(OC)c1O,1.0,0.0,,0.0,0.0,0.0,0.0,0.0,,1.0,0.0,0.0
3457,C[C@](O)(CS(=O)(=O)c1ccc(F)cc1)C(=O)Nc1ccc(C#N)c(C(F)(F)F)c1,0.0,0.0,1.0,0.0,0.0,0.0,1.0,0.0,,0.0,0.0,0.0
3458,N#CCCC(Br)(C#N)CBr,1.0,0.0,,,0.0,0.0,,0.0,,0.0,0.0,
3462,CCN(CC)C(=S)[S-].O.O.O.[Na+],1.0,0.0,,,0.0,0.0,0.0,,0.0,0.0,0.0,0.0
3463,COc1ccc(C(=O)c2ccc(C)cc2)c(O)c1,0.0,0.0,0.0,,0.0,1.0,0.0,1.0,0.0,0.0,0.0,0.0
3466,CCCCC(F)(F)[C@@]1(O)CC[C@H]2[C@@H](CC(=O)[C@@H]2CCCCCCC(=O)O)O1,,0.0,,,,0.0,,0.0,0.0,0.0,0.0,0.0
3467,CCC(C)c1cc([N+](=O)[O-])cc([N+](=O)[O-])c1OC(=O)C=C(C)C,1.0,0.0,1.0,,0.0,0.0,,,,1.0,0.0,
3468,CCOC(=O)c1ccc(C#Cc2ccc3c(c2)C(C)(C)CCS3)nc1,,0.0,,1.0,0.0,0.0,,0.0,0.0,,0.0,0.0
3469,C[C@]12CCC(=O)C[C@@H]1CC[C@@H]1[C@@H]2CC[C@]2(C)[C@@H](O)CC[C@@H]12,0.0,1.0,1.0,,1.0,0.0,1.0,1.0,0.0,0.0,0.0,1.0
3470,C[C@]12CCC(=O)C[C@@H]1CC[C@@H]1[C@@H]2CC[C@@]2(C)[C@H]1CC[C@]2(C)O,,1.0,,,1.0,,,1.0,0.0,0.0,0.0,1.0
3475,O=C(NOC[C@H](O)CO)c1ccc(F)c(F)c1Nc1ccc(I)cc1F,,0.0,,,0.0,,,0.0,0.0,0.0,0.0,0.0
3479,CC(C)CCCCCCc1ccc(O)cc1,,0.0,0.0,,1.0,0.0,1.0,1.0,0.0,,0.0,0.0
3481,S=C(SSSSSSC(=S)N1CCCCC1)N1CCCCC1,1.0,0.0,,,0.0,,,0.0,,0.0,1.0,0.0
3482,CN(C)c1ccc2nc3ccc(N(C)C)cc3[s+]c2c1.O.O.O.[Cl-],0.0,0.0,1.0,1.0,,1.0,1.0,,0.0,1.0,0.0,
3484,CC(C)(c1cc(Br)c(OCCO)c(Br)c1)c1cc(Br)c(OCCO)c(Br)c1,1.0,0.0,,1.0,0.0,0.0,1.0,,,1.0,0.0,0.0
3486,CO[C@H]1/C=C/O[C@@]2(C)Oc3c(C)c(O)c4c(O)c(c5c(nc6cc(C)ccn65)c4c3C2=O)NC(=O)/C(C)=C\C=C\[C@H](C)[C@H](O)[C@@H](C)[C@@H](O)[C@@H](C)[C@H](OC(C)=O)[C@@H]1C,,0.0,,0.0,0.0,,,0.0,0.0,0.0,0.0,0.0
3488,CC(C)NCC(O)COc1ccccc1-n1cccc1,,0.0,,0.0,0.0,0.0,,0.0,0.0,,0.0,0.0
3490,CC1=C(C(=O)Nc2ccccc2)S(=O)(=O)CCO1,,0.0,1.0,,0.0,0.0,,,,1.0,0.0,0.0
3492,Cc1ccc(O)c(O)c1,,0.0,1.0,,1.0,1.0,,0.0,0.0,0.0,0.0,
3494,Cc1ccc(C=C2C(=O)C3CCC2C3(C)C)cc1,0.0,0.0,0.0,0.0,,0.0,1.0,0.0,0.0,0.0,0.0,0.0
3496,CC(CC(c1ccccc1)c1ccccc1)NC(C)(C)C.Cl,,0.0,,0.0,0.0,0.0,,0.0,,0.0,0.0,0.0
3497,CCC(=O)N(c1ccccc1)[C@H]1CCN(CCc2ccccc2)C[C@@H]1C.Cl,,0.0,,0.0,0.0,0.0,0.0,,,0.0,0.0,0.0
3498,Cl.Cl.N=C(N)c1ccc(OCCCOc2ccc(C(=N)N)cc2Br)c(Br)c1,,0.0,,0.0,0.0,0.0,0.0,,0.0,0.0,0.0,
3503,CCC(=O)O[C@](Cc1ccccc1)(c1ccccc1)[C@H](C)CN(C)C.Cl,,0.0,,0.0,0.0,0.0,,0.0,,0.0,0.0,0.0
3507,Cl.O=C(N[C@H](c1ccccc1)[C@@H]1CN2CCC1CC2)c1c(Cl)ccc(C(F)(F)F)c1Cl,0.0,0.0,,,0.0,0.0,,,,0.0,0.0,0.0
3508,Cl.Nc1ccc(Nc2ccccc2)cc1,,0.0,1.0,,0.0,,1.0,0.0,0.0,,0.0,0.0
3509,Cl.O=C(O[C@H]1CN2CCC1CC2)N1CCc2ccccc2[C@@H]1c1ccccc1,,0.0,,0.0,0.0,,,0.0,0.0,0.0,0.0,0.0
3511,Clc1nc(C(Cl)(Cl)Cl)c(Cl)c(Cl)c1Cl,1.0,0.0,1.0,,0.0,1.0,,,,0.0,,0.0
3513,Clc1ccc(COC(Cn2ccnc2)c2ccc(Cl)cc2Cl)c(Cl)c1,,0.0,,1.0,0.0,1.0,0.0,0.0,0.0,,0.0,0.0
3515,COc1ccc(S(=O)(=O)N2C(=O)[C@@](c3ccccc3OC)(N3C[C@H](O)C[C@H]3C(=O)N(C)C)c3cc(Cl)ccc32)c(OC)c1,0.0,0.0,,,0.0,,0.0,,,0.0,0.0,0.0
3516,CN(C)CCCN1c2ccccc2C(C)(C)c2ccccc21,,0.0,,0.0,0.0,0.0,,0.0,,0.0,0.0,0.0
3518,CC(C)C[C@H]1C(=O)N2CCC[C@H]2[C@]2(O)O[C@](NC(=O)[C@@H]3C[C@@H]4c5cccc6[nH]cc(c56)C[C@H]4N(C)C3)(C(C)C)C(=O)N12,,0.0,,0.0,0.0,0.0,0.0,0.0,,0.0,0.0,0.0
3520,COc1ccc(-c2ccccc2)cc1NNC(=O)OC(C)C,0.0,0.0,1.0,0.0,0.0,1.0,,,,0.0,,0.0
3523,O=c1[nH]c(=O)n([C@H]2C[C@H](O)[C@@H](CO)O2)cc1C(F)(F)F,,0.0,,0.0,0.0,0.0,0.0,,,1.0,0.0,0.0
3524,O=C(NC(=O)c1c(F)cccc1F)Nc1cc(Cl)c(Oc2ncc(C(F)(F)F)cc2Cl)c(Cl)c1,,0.0,1.0,,0.0,0.0,1.0,,,1.0,0.0,
3525,N=C1NC(=N)c2ccccc21,0.0,0.0,1.0,,0.0,,,0.0,,1.0,1.0,1.0
3526,C/C1=C2/N=C(/C=C3\N=C(/C(C)=C4\N([Co+]C[C@H]5O[C@@H](n6cnc7c(N)ncnc76)[C@H](O)[C@@H]5O)C(C(CC(N)=O)C4(C)CCC(=O)NCC(C)OP(=O)([O-])O[C@H]4[C@@H](O)[C@@H](n5cnc6cc(C)c(C)cc65)O[C@@H]4CO)C4(C)N=C1C(CCC(N)=O)C4(C)CC(N)=O)C(CCC(N)=O)C3(C)C)C(CCC(N)=O)C2(C)CC(N)=O,,0.0,,0.0,0.0,0.0,0.0,0.0,,0.0,,0.0
3527,C=CCNC1=C2C[C@@H](C)C[C@H](OC)[C@H](O)[C@@H](C)/C=C(\C)[C@H](OC(N)=O)[C@@H](OC)/C=C\C=C(/C)C(=O)NC(=CC1=O)C2=O,,0.0,,0.0,0.0,0.0,,,0.0,1.0,0.0,0.0
3532,C=C[C@H]1CN2CCC1C[C@@H]2[C@@H](O)c1ccnc2ccccc12,,0.0,,,0.0,,,0.0,0.0,0.0,0.0,0.0
3533,COC(CNC(=O)c1ccccc1OCC(=O)O)C[Hg]O,,0.0,,0.0,0.0,0.0,0.0,0.0,,0.0,,0.0
3535,COc1cc2c(cc1OC)[C@@H](c1ccccc1)CN(C)CC2.O=C(O)/C=C\C(=O)O,,0.0,,0.0,0.0,,,0.0,0.0,0.0,0.0,0.0
3536,CC1=C2[C@H](/C=C(\C)C(=O)O)CC[C@@H](C)[C@H]2CC1,1.0,0.0,1.0,0.0,0.0,0.0,,,,0.0,0.0,0.0
3537,Cc1c(C)c2c(c(C)c1OC(=O)CCC(=O)O)CC[C@@](C)(CCC[C@H](C)CCC[C@H](C)CCCC(C)C)O2,,0.0,,0.0,0.0,0.0,,0.0,0.0,0.0,0.0,0.0
3538,C=CC(=O)OCCOCC(CC)(COCCOC(=O)C=C)COCCOC(=O)C=C,,0.0,1.0,,,0.0,0.0,,1.0,0.0,1.0,1.0
3539,O=c1ssc(Cl)c1Cl,1.0,0.0,1.0,,,0.0,,0.0,,,0.0,0.0
3541,CC(C)(C)NC[C@H](O)COc1ccccc1C1CCCC1.CC(C)(C)NC[C@H](O)COc1ccccc1C1CCCC1.O=S(=O)(O)O,,0.0,,0.0,0.0,0.0,,0.0,,0.0,0.0,0.0
3546,C=CCc1cc(S(=O)(=O)c2ccc(O)c(CC=C)c2)ccc1O,0.0,0.0,,1.0,0.0,1.0,1.0,,,0.0,0.0,
3548,C[C@]12CC[C@@H]3c4ccc(O)cc4CC[C@H]3[C@@H]1CC[C@@H]2O,0.0,1.0,0.0,1.0,1.0,0.0,1.0,1.0,0.0,1.0,0.0,1.0
3551,Nc1ccc(S(=O)(=O)[N-]c2ncccn2)cc1.[Ag+],,0.0,,0.0,0.0,0.0,0.0,0.0,0.0,0.0,0.0,0.0
3552,CCN(CC)c1ccc(N=Nc2ccc(S(=O)(=O)N(C)C)cc2)c(S(=O)(=O)NCC[n+]2ccccc2)c1.[Cl-],,0.0,,0.0,0.0,,0.0,,0.0,0.0,0.0,0.0
3553,O=P([O-])([O-])OP(=O)([O-])[O-].[Na+].[Na+].[Na+].[Na+],,0.0,,0.0,0.0,,0.0,1.0,0.0,0.0,0.0,0.0
3554,CCOc1cccc(-n2cc(C(=O)N3CCN(c4cc(C(=O)[O-])c5ccccc5c4)CC3)nc2-c2ccc(C)cc2)c1.[Na+],0.0,0.0,1.0,0.0,,0.0,1.0,0.0,,,,0.0
3555,O=C(Nc1cccc([N+](=O)[O-])c1)c1cc2ccccc2cc1O,,0.0,1.0,,0.0,1.0,1.0,,0.0,,0.0,0.0
3557,Br.CCCCCCCCN1C=CN(C)C1,0.0,0.0,0.0,,0.0,0.0,,,0.0,,0.0,0.0
3558,CCCCCCCC(=O)Oc1c(Br)cc(C#N)cc1Br,0.0,0.0,0.0,,0.0,0.0,1.0,,,0.0,,
3559,COCCCCCCCCOCCC[Si](C)(O[Si](C)(C)C)O[Si](C)(C)C,,0.0,1.0,,,0.0,1.0,,0.0,0.0,0.0,
3560,C[Si](Cn1cncn1)(c1ccc(F)cc1)c1ccc(F)cc1,0.0,0.0,0.0,1.0,0.0,,1.0,,0.0,0.0,0.0,0.0
3561,C=CC(=O)OCC1CC2CC1C1CCC(COC(=O)C=C)C21,1.0,0.0,1.0,,0.0,0.0,,,0.0,1.0,,0.0
3562,c1ccc(C(O[C@@H]2CCCN(CCc3ccc4c(c3)OCO4)C2)c2ccccc2)cc1,0.0,0.0,,,0.0,1.0,,,,0.0,0.0,0.0
3567,CC(C)(C)NC(=O)[C@H]1CC[C@H]2[C@@H]3CC=C4C=C(C(=O)O)CC[C@]4(C)[C@H]3CC[C@]12C,,0.0,,0.0,0.0,0.0,,0.0,,0.0,0.0,0.0
3569,CC[C@H]1CC[C@H](NCc2cc3c(cc2OC)[C@H]2C[C@H]2C(=O)N3C)[C@H](c2ccccc2)N1,0.0,0.0,0.0,,0.0,0.0,0.0,,,1.0,,
3570,CC1=C(/C=C/C(C)=C\C=C\C(C)=C\C(=O)O)C(C)(C)CCC1,0.0,0.0,,,0.0,0.0,,,1.0,0.0,0.0,0.0
3572,CCCCC/C=C/C=C/C=O,1.0,0.0,,0.0,0.0,0.0,1.0,0.0,,,0.0,0.0
3575,C=C[C@]1(C)C[C@@H](OC(=O)CSCCN(CC)CC)[C@@]2(C)C(C)CC[C@]3(CCC(=O)[C@H]32)[C@@H](C)[C@@H]1O,,0.0,,0.0,0.0,,0.0,0.0,0.0,0.0,0.0,0.0
3577,CCC1(c2cnc[nH]2)Cc2ccccc2C1.Cl,,0.0,,,0.0,1.0,,0.0,0.0,0.0,0.0,
3582,COc1cc(C[C@H](C)N)c(OC)cc1Br.Cl,,0.0,,0.0,0.0,0.0,,0.0,,0.0,0.0,0.0
3583,CCc1cc(OC)c(C[C@@H](C)N)cc1OC.Cl,,0.0,,0.0,0.0,0.0,,0.0,,0.0,0.0,0.0
3584,CNCC(O)c1ccc(OC(=O)C(C)(C)C)c(OC(=O)C(C)(C)C)c1.Cl,,0.0,,0.0,0.0,,,0.0,0.0,0.0,0.0,0.0
3589,CN1CCN=C(c2ccccc2)c2cc(Cl)ccc21,,0.0,,0.0,0.0,,0.0,0.0,0.0,,0.0,0.0
3590,CCOC(=O)C(C)OC(=O)c1cc(Oc2ccc(C(F)(F)F)cc2Cl)ccc1[N+](=O)[O-],0.0,0.0,,0.0,0.0,0.0,1.0,,0.0,0.0,0.0,0.0
3591,CNCc1cc(F)ccc1Oc1ccc(Cl)c(Cl)c1,0.0,0.0,,,0.0,0.0,,,0.0,,0.0,0.0
3593,CCOC(=O)Nc1ccc2c(c1)N(C(=O)CN(C)C)c1ccccc1CC2,,0.0,,0.0,0.0,0.0,,0.0,,0.0,0.0,0.0
3595,CN1CCCC(OC(=O)C(O)(c2ccccc2)c2ccccc2)C1,,0.0,,0.0,0.0,,,0.0,0.0,0.0,0.0,0.0
3596,CN1[C@@H]2CC[C@H]1C[C@@H](OC(c1ccccc1)c1ccccc1)C2,,0.0,,0.0,0.0,0.0,0.0,0.0,0.0,0.0,0.0,0.0
3597,CN1[C@@H]2CC[C@H]1C[C@@H](OC(c1ccccc1)c1ccccc1)C2.CS(=O)(=O)O,,0.0,,0.0,0.0,0.0,,0.0,,0.0,0.0,0.0
3600,COc1cc2c(cc1OC)[C@@]13CCN4CC5=CCO[C@H]6CC(=O)N2[C@H]1[C@H]6[C@H]5C[C@H]43,0.0,1.0,0.0,0.0,0.0,0.0,0.0,0.0,0.0,0.0,0.0,0.0
3604,N=C(N)NCc1cccc(I)c1.N=C(N)NCc1cccc(I)c1.O=S(=O)(O)O,,0.0,,0.0,0.0,0.0,0.0,,0.0,0.0,0.0,0.0
3606,Nc1ccccc1C(=O)OCC=Cc1ccccc1,,0.0,,,0.0,1.0,,,0.0,0.0,0.0,0.0
3608,O=C(c1ccc(O)cc1)c1ccc(O)cc1O,0.0,1.0,0.0,,1.0,1.0,1.0,1.0,0.0,0.0,0.0,0.0
3609,CCCCC/C=C\C/C=C\CCCCCCCC(=O)OC,1.0,1.0,0.0,0.0,0.0,0.0,,0.0,0.0,0.0,0.0,0.0
3610,CCCN(CCOc1c(Cl)cc(Cl)cc1Cl)C(=O)n1ccnc1,0.0,0.0,1.0,1.0,0.0,1.0,1.0,,0.0,0.0,0.0,0.0
3613,C[C@@H]1[C@H]2Cc3ccc(O)cc3[C@]1(C)CCN2C.O=C(O)/C=C/C(=O)O,,0.0,,0.0,0.0,0.0,0.0,,,0.0,0.0,0.0
3618,CN(C)CCOc1ccccc1Cc1ccccc1.Nc1ccc(C(=O)O)c(O)c1,,0.0,,0.0,0.0,0.0,,0.0,,0.0,0.0,0.0
3620,C[C@H](CCC(=O)O)[C@H]1CC[C@H]2[C@@H]3[C@H](O)C[C@@H]4C[C@H](O)CC[C@]4(C)[C@H]3CC[C@]12C,0.0,1.0,,0.0,0.0,0.0,,0.0,0.0,0.0,0.0,0.0
3621,CO/C=C(/C(=O)OC)c1ccccc1Oc1cc(Oc2ccccc2C#N)ncn1,0.0,0.0,1.0,,0.0,0.0,,,,,0.0,0.0
3622,COCC(=O)Nc1cc(Sc2ccccc2)ccc1N=C(NC(=O)OC)NC(=O)OC,,,,0.0,0.0,,0.0,0.0,0.0,1.0,0.0,0.0
3623,CCOC(=O)[C@]1(c2ccccc2)Oc2ccccc2[C@@H]1N,0.0,0.0,,1.0,0.0,0.0,,,0.0,0.0,0.0,0.0
3625,O=CC=C(c1ccccc1)c1ccccc1,,0.0,1.0,,0.0,,1.0,0.0,,,0.0,0.0
3627,Nc1ccc2c(O)cc(S(=O)(=O)O)cc2c1,0.0,0.0,,,0.0,0.0,1.0,,,1.0,0.0,0.0
3628,CCCCCCCN(CC)CCCC(O)c1ccc(NS(C)(=O)=O)cc1.CCCCCCCN(CC)CCCC(O)c1ccc(NS(C)(=O)=O)cc1.O=C(O)/C=C/C(=O)O,,0.0,,0.0,0.0,0.0,,0.0,0.0,,0.0,0.0
3632,OC(c1ccc(Cl)cc1)(c1ccc(Cl)cc1)c1cccnc1,0.0,0.0,,1.0,0.0,0.0,1.0,,,1.0,0.0,0.0
3633,CCC(C)(C)c1cc(O)c(C(C)(C)CC)cc1O,,0.0,1.0,,0.0,0.0,1.0,0.0,,,0.0,
3634,CCC(C)(c1ccc(O)cc1)c1ccc(O)cc1,0.0,0.0,1.0,,1.0,0.0,1.0,1.0,,1.0,0.0,0.0
3636,Oc1ccc2ccc3cccc4ccc1c2c34,,0.0,,1.0,,1.0,1.0,1.0,0.0,,0.0,0.0
3637,CC(C)(CO)[C@@H](O)C(=O)NCCCC(=O)[O-].CC(C)(CO)[C@@H](O)C(=O)NCCCC(=O)[O-].[Ca+2],,0.0,,0.0,0.0,0.0,,,0.0,0.0,0.0,0.0
3639,Cc1ccc(S(=O)(=O)Oc2ccc(N=Nc3ccc(-c4ccc(N=Nc5c(O)ccc6cc(S(=O)(=O)[O-])cc(S(=O)(=O)[O-])c56)c(C)c4)cc3C)cc2)cc1.[Na+].[Na+],0.0,0.0,,,0.0,0.0,,,0.0,0.0,0.0,0.0
3641,Cc1cc(C)c(NC(=O)C[C@H](CC(=O)[O-])c2cccc3ccccc23)c(C(=O)N2CCC3(CCCC3)CC2)c1.[Na+],,0.0,,0.0,0.0,0.0,,1.0,,0.0,0.0,0.0
3642,O=C([O-])c1cc2cc(Cc3cccnc3)ccc2o1.[Na+],,0.0,,0.0,,,0.0,1.0,0.0,0.0,0.0,0.0
3644,Nc1c(CC(=O)[O-])cccc1C(=O)c1ccccc1.[Na+],,0.0,,0.0,0.0,0.0,0.0,1.0,1.0,0.0,0.0,
3645,O=C(O)c1cccc(/C=C2/C[C@@H]3[C@@H](/C=C/[C@@H](O)C4CCCCC4)[C@H](O)C[C@@H]3O2)c1.[Na+],,0.0,,0.0,0.0,0.0,,0.0,1.0,0.0,0.0,
3647,OCCCCCCCCCCCCBr,,0.0,,0.0,0.0,,1.0,0.0,,1.0,0.0,0.0
3653,Cc1ccc(C(C)(C)C)c(O)c1,0.0,0.0,0.0,,0.0,0.0,1.0,0.0,0.0,0.0,0.0,0.0
3655,CCCc1nc(C(C)(C)O)c(C(=O)OCc2oc(=O)oc2C)n1Cc1ccc(-c2ccccc2-c2nn[nH]n2)cc1,,0.0,,0.0,0.0,,0.0,,0.0,0.0,0.0,0.0
3658,CCC1OCC(COc2ccc(Oc3ccccc3)cc2)O1,,0.0,,,0.0,1.0,,1.0,0.0,0.0,0.0,
3662,Cl.Cl.Nc1ccc(-c2ccc(N)c(Cl)c2)cc1Cl,,1.0,1.0,1.0,1.0,1.0,,1.0,0.0,1.0,1.0,0.0
3663,COc1cc(-c2ccc(N)c(OC)c2)ccc1N.Cl.Cl,0.0,0.0,,,0.0,,1.0,0.0,0.0,,0.0,0.0
3664,COc1ccc(OC)c(C(O)C(C)N)c1.Cl,,0.0,,0.0,0.0,,0.0,0.0,0.0,0.0,0.0,
3666,CCN(CC)CCNC(=O)c1ccc(NS(C)(=O)=O)cc1.Cl,,0.0,,0.0,0.0,,0.0,,0.0,0.0,0.0,0.0
3669,CC1(C)CCC(Cc2ccc(Cl)cc2)C1(O)Cn1cncn1,0.0,0.0,1.0,,0.0,,1.0,,,,0.0,0.0
3671,COP(=S)(Oc1cc(Cl)c(Br)cc1Cl)c1ccccc1,0.0,0.0,,,0.0,1.0,,0.0,,,0.0,0.0
3673,O=C(NC(=O)c1c(F)cccc1F)Nc1ccc(Oc2ccc(C(F)(F)F)cc2Cl)cc1F,,0.0,1.0,0.0,0.0,0.0,,,1.0,,0.0,0.0
3675,CSC1=N[C@@](C)(c2ccccc2)C(=O)N1Nc1ccccc1,0.0,0.0,1.0,1.0,,0.0,1.0,,,0.0,0.0,
3678,CC(C(=O)O)c1ccc(-c2ccccc2)c(F)c1,0.0,0.0,0.0,0.0,0.0,0.0,0.0,1.0,,0.0,0.0,0.0
3680,NC(=O)N(O)[C@@H]1COc2cc(OCc3ccccc3)ccc21,0.0,0.0,,,0.0,,,,0.0,0.0,1.0,0.0
3682,NC(=S)NS(=O)(=O)c1ccc(N)cc1,,0.0,,0.0,0.0,,0.0,0.0,0.0,0.0,0.0,0.0
3688,O=[N+]([O-])C1(Br)COCOC1,,0.0,,,0.0,0.0,,0.0,0.0,0.0,0.0,0.0
3689,Cc1ccc([N+](=O)[O-])c([N+](=O)[O-])c1,0.0,0.0,1.0,0.0,0.0,,,0.0,0.0,0.0,0.0,0.0
3692,CCSc1ccc2c(c1)N(CCCN1CCN(C)CC1)c1ccccc1S2.O=C(O)CC(O)C(=O)O.O=C(O)CC(O)C(=O)O,,0.0,,0.0,0.0,,,0.0,0.0,0.0,0.0,0.0
3694,CCOC(=O)COc1ccc2c(=O)cc(-c3ccccc3)oc2c1,,0.0,,0.0,0.0,0.0,,0.0,0.0,0.0,0.0,0.0
3695,O=C1CCC(=O)N1CO,,0.0,,0.0,0.0,,,0.0,0.0,0.0,0.0,0.0
3696,CC1C2CC(CC2C2CCCC(O)C2)C1(C)C,,0.0,,,1.0,0.0,1.0,1.0,0.0,,0.0,0.0
3697,CCCCCc1cc(O)cc(O)c1,0.0,0.0,1.0,,0.0,1.0,1.0,0.0,0.0,,0.0,0.0
3698,Oc1cc(Cl)c(Cl)cc1Cl,0.0,0.0,,0.0,0.0,0.0,1.0,0.0,0.0,0.0,0.0,0.0
3699,Oc1ccc(C2(c3ccc(O)cc3)CCCCC2)cc1,1.0,0.0,1.0,,1.0,0.0,1.0,1.0,,,0.0,
3700,CC(=O)Nc1ccc(OC(=O)c2ccccc2O)cc1,,0.0,,0.0,0.0,0.0,,,0.0,0.0,0.0,0.0
3701,CCCCC(=O)O[C@]1(C(=O)CO)[C@@H](C)C[C@H]2[C@@H]3CCC4=CC(=O)C=C[C@]4(C)[C@@]3(F)[C@@H](O)C[C@@]21C,0.0,1.0,,,0.0,,1.0,,,0.0,0.0,1.0
3702,CCCCCC[n+]1ccccc1.[Br-],,0.0,1.0,0.0,0.0,0.0,,,0.0,,0.0,0.0
3703,CCCCCC[n+]1ccccc1.[Cl-],,0.0,1.0,0.0,0.0,0.0,,,0.0,,0.0,0.0
3704,O.O.O.O=C([O-])C1O[Sb]2OC(=O)C(O2)C(C(=O)[O-])O[Sb]2OC(=O)C1O2.[K+].[K+],1.0,0.0,1.0,,0.0,,0.0,,,1.0,0.0,
3705,CC[C@H](NC(=O)c1cc(F)ccc1[N-]S(=O)(=O)c1cccc2cccnc12)c1ccccc1.[Na+],,0.0,,,0.0,0.0,1.0,0.0,0.0,,0.0,0.0
3706,CCCCc1nc2cccnc2n1Cc1ccc(-c2ccccc2-c2nnn[n-]2)cc1.[Na+],0.0,0.0,,,0.0,0.0,,0.0,1.0,0.0,0.0,
3707,Cc1c(C2(c3cc(Br)c(O)c(Br)c3C)OS(=O)(=O)c3ccccc32)cc(Br)c(O)c1Br,0.0,0.0,,,0.0,0.0,,,0.0,0.0,,0.0
3708,O=S1(=O)OC(c2cc(Br)c(O)c(Br)c2)(c2cc(Br)c(O)c(Br)c2)c2ccccc21,0.0,0.0,0.0,,0.0,0.0,,,,0.0,,0.0
3710,CC(C)=CCC1=C(O)C(=O)c2ccccc2C1=O,0.0,0.0,1.0,0.0,,1.0,1.0,,,1.0,0.0,
3711,c1ccc2c(c1)-c1cccc3c1c-2cc1ccccc13,1.0,0.0,1.0,0.0,,1.0,,0.0,1.0,1.0,0.0,1.0
3712,Cc1nc(-c2ccccn2)ncc1C(=O)Nn1cc(C)c2cc(F)ccc21,,0.0,,0.0,0.0,1.0,0.0,,,0.0,0.0,0.0
3714,CCCCCc1ccco1,,0.0,,,0.0,0.0,1.0,0.0,,,0.0,0.0
3715,COC(=O)C1=C(C)NC(C)=C(C(=O)O[C@@H]2CCCN(Cc3ccccc3)C2)[C@@H]1c1cccc([N+](=O)[O-])c1.Cl,0.0,0.0,,,0.0,,1.0,0.0,,0.0,0.0,0.0
3716,N#CC(Cl)Cl,0.0,,1.0,,0.0,0.0,0.0,0.0,,0.0,0.0,
3717,ClC1=C(Cl)[C@]2(Cl)[C@@H]3[C@@H]4C[C@@H]([C@H]5O[C@@H]45)[C@@H]3[C@@]1(Cl)C2(Cl)Cl,0.0,0.0,,,,0.0,1.0,,0.0,0.0,0.0,
3718,O=[N+]([O-])c1cc(Cl)c(Cl)c(Cl)c1Cl,,0.0,1.0,,0.0,0.0,,0.0,0.0,,1.0,1.0
3719,O=S(=O)(c1ccc(Cl)cc1)c1cc(Cl)c(Cl)cc1Cl,0.0,0.0,,1.0,0.0,0.0,1.0,,,1.0,0.0,0.0
3722,O=C(Nc1ccccc1)N(Cc1ccc(Cl)cc1)C1CCCC1,0.0,0.0,,0.0,0.0,1.0,1.0,0.0,,,,0.0
3723,Cc1oc2c(NC(=O)c3c(Cl)cccc3Cl)cccc2c1C(C)(C)O,0.0,0.0,,1.0,0.0,1.0,1.0,,,0.0,0.0,0.0
3725,Clc1ccc(C(c2ccccc2Cl)C(Cl)(Cl)Cl)cc1,,0.0,,0.0,1.0,0.0,1.0,1.0,0.0,,0.0,0.0
3727,ClC1=C(Cl)C2(Cl)C3C4OC4C(Cl)C3C1(Cl)C2(Cl)Cl,,0.0,,,0.0,0.0,1.0,,0.0,0.0,0.0,0.0
3728,CCc1cccc(CC)c1N(COC)C(=O)CCl,,0.0,1.0,,0.0,0.0,,0.0,,,0.0,0.0
3729,CCCCCCCCCCn1cc[n+](C)c1.O=S(=O)([O-])C(F)(F)F,0.0,0.0,1.0,1.0,,0.0,1.0,,0.0,,0.0,0.0
3730,O=C(N[C@@H]1N=C(c2ccccc2F)c2cccc3c2N(CC3)C1=O)c1cc2ccccc2[nH]1,0.0,0.0,,0.0,0.0,1.0,1.0,,0.0,,1.0,0.0
3731,Nc1ccc2c(c1)Cc1ccccc1-2,0.0,1.0,,,,1.0,,1.0,0.0,0.0,1.0,
3732,Nc1ccccc1Nc1ccccc1,1.0,0.0,1.0,,,1.0,,0.0,,0.0,0.0,
3733,NNC(=S)NN,1.0,0.0,0.0,,0.0,1.0,0.0,0.0,0.0,0.0,0.0,0.0
3734,O=[Se](O)O,0.0,0.0,1.0,,0.0,,1.0,,,1.0,,0.0
3735,O=C(O)c1cccc(N(Cc2cccnc2)c2ccc(OC(F)F)c(OC(F)F)c2)c1,0.0,0.0,,0.0,0.0,0.0,,0.0,,0.0,0.0,
3736,O=C(O)Cc1cc(I)c(Oc2cc(I)c(O)c(I)c2)c(I)c1,,0.0,1.0,,0.0,0.0,1.0,,,,0.0,0.0
3737,CCCCCCCCCCCSCC(=O)O,,0.0,0.0,0.0,0.0,0.0,0.0,,1.0,,0.0,0.0
3739,CCC(=O)O[C@H]1[C@H](O[C@@H]2[C@@H](C)[C@H](O[C@H]3C[C@@](C)(OC)[C@@H](O)[C@H](C)O3)[C@@H](C)C(=O)O[C@H](CC)[C@@](C)(O)[C@H](O)[C@@H](C)C(=O)[C@H](C)C[C@@]2(C)O)O[C@H](C)C[C@@H]1N(C)C.CCCCCCCCCCCCOS(=O)(=O)O,,0.0,,,0.0,0.0,,0.0,0.0,,0.0,0.0
3740,OC(c1ccc(Cl)cc1)(c1cncnc1)c1ccccc1Cl,0.0,0.0,1.0,1.0,1.0,0.0,1.0,1.0,,0.0,0.0,0.0
3745,S=C=NCCc1ccccc1,1.0,0.0,,,0.0,1.0,,1.0,0.0,,0.0,
3746,CCCCCCCCn1cc[n+](C)c1.[Cl-],0.0,0.0,1.0,1.0,,0.0,1.0,,0.0,,,0.0
3747,C/C=C1\C(=O)C[C@H]2[C@@H]3CCC4=CC(=O)CC[C@]4(C)[C@H]3CC[C@]12C,0.0,0.0,1.0,,0.0,0.0,,,,,0.0,0.0
3748,c1ccc2c(c1)ccc1cc3c(ccc4ccccc43)cc12,,0.0,1.0,0.0,1.0,1.0,0.0,0.0,0.0,1.0,1.0,0.0
3750,CC(=O)Oc1ccc(C2(c3ccc(OC(C)=O)cc3)Oc3ccccc3NC2=O)cc1,0.0,0.0,0.0,0.0,,0.0,,,0.0,1.0,0.0,0.0
3753,CCc1ccc(O)c(C(C)(C)C)c1,0.0,0.0,,,,0.0,1.0,1.0,0.0,,0.0,0.0
3756,CCCCCCCCCCCC(=O)OCC(C)OC(=O)CCCCC(=O)O,,0.0,0.0,0.0,,0.0,0.0,0.0,,,0.0,0.0
3758,CC(COc1ccccc1)N(CCCl)Cc1ccccc1.Cl,1.0,0.0,,,1.0,0.0,1.0,1.0,0.0,,0.0,0.0
3759,CN(C)CCCN1c2ccccc2CCc2ccccc21.Cl,0.0,0.0,,0.0,0.0,0.0,,,,0.0,0.0,0.0
3760,Cl.Cn1sccc1=O,,0.0,,,0.0,0.0,,,0.0,0.0,0.0,0.0
3761,CCOP(=S)(OCC)Oc1nc(Cl)c(Cl)cc1Cl,0.0,0.0,1.0,0.0,0.0,1.0,1.0,0.0,0.0,0.0,0.0,0.0
3762,O=C=Nc1ccc(Cl)cc1,0.0,0.0,,,0.0,,1.0,,0.0,0.0,,0.0
3763,O=C=Nc1ccc(Cl)c(Cl)c1,0.0,,,,0.0,1.0,1.0,0.0,0.0,0.0,0.0,
3765,CCCCCCCCn1cc[n+](C)c1.F[P-](F)(F)(F)(F)F,0.0,0.0,1.0,1.0,,0.0,1.0,,0.0,,,0.0
3766,CCCCCCn1cc[n+](C)c1.O=S(=O)([N-]S(=O)(=O)C(F)(F)F)C(F)(F)F,0.0,0.0,1.0,,0.0,0.0,,,,0.0,0.0,
3767,CN(C)c1ccc(SC#N)cc1,1.0,0.0,0.0,,0.0,,,1.0,,,0.0,0.0
3768,C(=NC1CCCCC1)=NC1CCCCC1,0.0,0.0,,1.0,0.0,0.0,1.0,1.0,,,0.0,0.0
3769,NC(=O)Cn1c(=O)cc(CCN2CCN(c3nccc4sccc34)CC2)c2ccc(F)cc21,0.0,0.0,,0.0,0.0,,,,0.0,0.0,0.0,0.0
3771,O=[Se]=O,0.0,0.0,1.0,0.0,0.0,0.0,,,0.0,1.0,,
3772,O=C(c1ccccc1)c1ccc(O)cc1,,0.0,,,,0.0,1.0,1.0,0.0,0.0,0.0,
3773,O=C(Nc1ccccc1)Nc1cnns1,0.0,0.0,,,0.0,1.0,1.0,,0.0,,0.0,0.0
3774,CCC(=O)N(c1ccccc1)C1(COC)CCN(CCc2cccs2)CC1.O=C(O)CC(O)(CC(=O)O)C(=O)O,0.0,0.0,1.0,0.0,0.0,,,,,0.0,0.0,0.0
3775,CC(C)n1c(/C=C/[C@@H](O)C[C@@H](O)CC(=O)O)c(-c2ccc(F)cc2)c2ccccc21,0.0,0.0,,1.0,0.0,1.0,0.0,0.0,,,0.0,0.0
3776,O=C(O)C1(C(=O)Nc2ccc(Cl)cc2Cl)CC1,0.0,0.0,1.0,,0.0,1.0,,0.0,,,1.0,
3778,CCCCC/C=C\C/C=C\CCCCCCCC(=O)O,1.0,0.0,0.0,0.0,0.0,0.0,0.0,0.0,0.0,0.0,0.0,0.0
3780,Cc1ccc2c(c1N)C(=O)c1ccccc1C2=O,0.0,1.0,1.0,,1.0,1.0,1.0,1.0,0.0,0.0,1.0,0.0
3781,O=Cc1ccccc1O,0.0,0.0,0.0,0.0,0.0,0.0,0.0,,0.0,0.0,0.0,0.0
3782,CCOP(=O)(Sc1ccccc1)Sc1ccccc1,0.0,0.0,,0.0,0.0,0.0,,,,0.0,0.0,0.0
3783,O=C(NS(=O)(=O)/C=C/c1cccs1)c1ccc(F)cc1Br,0.0,0.0,0.0,0.0,,0.0,,1.0,,1.0,1.0,0.0
3784,CCCCNS(=O)(=O)c1ccccc1,0.0,0.0,0.0,,0.0,,0.0,0.0,0.0,0.0,0.0,0.0
3785,Oc1ccc2c(c1)Cc1ccccc1-2,0.0,1.0,1.0,,1.0,,,1.0,0.0,1.0,,0.0
3786,Oc1ccc(Nc2ccccc2)cc1,0.0,0.0,,0.0,1.0,,1.0,1.0,,,0.0,0.0
3787,CCCCCCn1cc[n+](C)c1.[Br-],0.0,0.0,1.0,,0.0,0.0,,,0.0,,0.0,0.0
3788,CCCCCCCCCCCCOCCOS(=O)(=O)[O-].[Na+],0.0,0.0,,,0.0,0.0,0.0,,,,0.0,0.0
3789,C=CC(=O)OCCOc1ccccc1,1.0,0.0,,0.0,0.0,0.0,,,0.0,1.0,0.0,
3790,c1ccsc1,0.0,,0.0,,0.0,0.0,0.0,,0.0,0.0,0.0,
3791,c1ccc2c(c1)ccc1ncccc12,0.0,0.0,,0.0,,1.0,,0.0,0.0,1.0,0.0,0.0
3792,CCCOCC(C)O,0.0,1.0,0.0,0.0,0.0,0.0,0.0,0.0,0.0,0.0,0.0,0.0
3793,CC1(O)CSC(C)(O)CS1,0.0,0.0,,,0.0,0.0,,0.0,,,0.0,0.0
3794,Cc1ccc([N+](=O)[O-])cc1C,0.0,0.0,0.0,0.0,0.0,0.0,0.0,0.0,0.0,0.0,0.0,0.0
3795,CC1(C)C(C(=O)OC(C#N)c2cccc(Oc3ccccc3)c2)C1(C)C,0.0,0.0,,1.0,0.0,0.0,,,0.0,0.0,0.0,0.0
3796,CCCCOC(=O)CC(CC(=O)OCCCC)(OC(C)=O)C(=O)OCCCC,0.0,0.0,0.0,0.0,0.0,0.0,0.0,0.0,0.0,0.0,0.0,0.0
3797,C=C[C@H]1CN2CCC1C[C@H]2[C@H](O)c1ccnc2ccc(OC)cc12.Cl.O.O,0.0,0.0,,0.0,0.0,1.0,,0.0,,,0.0,0.0
3798,CC(CCc1ccccc1)NCC(O)c1ccc(O)c(C(N)=O)c1.Cl,,0.0,,0.0,0.0,0.0,0.0,0.0,0.0,0.0,0.0,0.0
3799,CC1(C)[C@H](/C=C(\Cl)C(F)(F)F)[C@@H]1C(=O)O[C@H](C#N)c1cccc(Oc2ccccc2)c1,,,0.0,0.0,0.0,,1.0,0.0,0.0,0.0,0.0,0.0
3800,CC1COc2ccccc2N1C(=O)C(Cl)Cl,0.0,0.0,1.0,,,1.0,0.0,0.0,,1.0,1.0,0.0
3801,CCC(=O)Nc1ccc(Cl)c(Cl)c1,0.0,0.0,0.0,0.0,0.0,1.0,,,0.0,0.0,0.0,0.0
3805,CCCCCCCCn1cc[n+](C)c1.F[B-](F)(F)F,0.0,0.0,1.0,1.0,,0.0,1.0,,0.0,,,0.0
3806,Nc1c(Cl)c(Cl)nc(C(=O)O)c1Cl,0.0,0.0,0.0,0.0,0.0,1.0,0.0,0.0,0.0,0.0,0.0,0.0
3807,COc1cc(-c2ccc(N)c(OC)c2)ccc1N,0.0,0.0,1.0,0.0,0.0,0.0,1.0,,0.0,0.0,1.0,0.0
3808,COc1ccc(N)cc1,0.0,0.0,0.0,0.0,0.0,1.0,0.0,1.0,0.0,0.0,0.0,0.0
3810,O=[N+]([O-])c1cc(C(F)(F)F)cc([N+](=O)[O-])c1Cl,0.0,1.0,1.0,,0.0,0.0,,,,0.0,0.0,
3811,O=C1C(=O)c2cccc3cccc1c23,,0.0,,0.0,0.0,1.0,,0.0,0.0,1.0,0.0,0.0
3814,CCC1CCC(CCC(=O)O)C1,0.0,0.0,,0.0,,,0.0,1.0,,0.0,0.0,0.0
3815,OC[C@H](Cc1cccc(O)c1)[C@H](CO)Cc1cccc(O)c1,,0.0,0.0,,0.0,,,0.0,0.0,,0.0,0.0
3816,O=C(c1ccccc1)c1cc(Cl)ccc1O,0.0,0.0,,1.0,,,1.0,,0.0,0.0,0.0,0.0
3817,Oc1ccccc1-c1ccccc1,0.0,0.0,0.0,0.0,0.0,0.0,1.0,0.0,0.0,0.0,0.0,0.0
3819,CCCCC(CC)COP(=O)(O)O,0.0,0.0,,0.0,0.0,0.0,,0.0,,,0.0,0.0
3820,CC(C)C1=CC2=CC[C@@H]3[C@](C)(CCC[C@@]3(C)C(=O)[O-])[C@H]2CC1.[Na+],0.0,0.0,,0.0,0.0,1.0,,0.0,,,0.0,0.0
3821,O=C([O-])c1ccc2c(c1)nc(C(=O)NC1CCN(C3CC3)CC1)n2Cc1cc(-c2ccc(Cl)s2)on1.[Na+],0.0,0.0,0.0,0.0,0.0,,,0.0,,0.0,0.0,
3823,Brc1cccc(-c2ccccc2)c1,0.0,,0.0,,0.0,0.0,,,0.0,0.0,0.0,0.0
3824,CC(C)=C1CC[C@@H](C)CC1=O,0.0,,0.0,,0.0,0.0,0.0,,0.0,0.0,0.0,
3826,CC(C)OC(=O)CCCCC(=O)OC(C)C,0.0,,,0.0,0.0,,,0.0,0.0,0.0,0.0,0.0
3827,CC1(C)[C@H](C=C(Cl)Cl)[C@@H]1C(=O)O[C@@H](C#N)c1cccc(Oc2ccccc2)c1,,0.0,0.0,0.0,0.0,0.0,,,,0.0,0.0,0.0
3828,CC12CC1(C)C(=O)N(c1cc(Cl)cc(Cl)c1)C2=O,0.0,0.0,0.0,0.0,0.0,0.0,0.0,0.0,0.0,0.0,0.0,0.0
3829,CC(Oc1ccc(Cl)cc1Cl)C(=O)O,0.0,0.0,0.0,,0.0,0.0,0.0,0.0,0.0,0.0,0.0,0.0
3830,ClC(Cl)=C(c1ccc(Cl)cc1)c1ccc(Cl)cc1,0.0,0.0,1.0,0.0,0.0,0.0,1.0,,0.0,,0.0,0.0
3831,COc1cc(/C=C/c2ccccc2)oc(=O)c1,0.0,,,,0.0,,,1.0,0.0,0.0,1.0,0.0
3832,CCCCCCn1cc[n+](C)c1.F[P-](F)(F)(F)(F)F,0.0,0.0,1.0,0.0,0.0,0.0,,,0.0,,0.0,0.0
3834,Nc1ccc(C(=O)OCCCOC(=O)c2ccc(N)cc2)cc1,0.0,0.0,,1.0,0.0,1.0,,,0.0,0.0,0.0,
3835,CCCCCCc1ccc(N)cc1,0.0,0.0,,,0.0,,,1.0,,0.0,0.0,0.0
3837,O=C(O)CCCCCCCCCCCBr,0.0,0.0,,,0.0,0.0,,0.0,,0.0,0.0,
3838,CC1(C)[C@H](/C=C2\CCSC2=O)[C@@H]1C(=O)OCc1coc(Cc2ccccc2)c1,,0.0,1.0,0.0,0.0,0.0,,,0.0,,0.0,0.0
3839,CC(C)=CC1C(C(=O)OCc2coc(Cc3ccccc3)c2)C1(C)C,1.0,0.0,1.0,0.0,0.0,0.0,,0.0,,0.0,0.0,0.0
3840,COC1=CC(=O)O[C@@H](/C=C/c2ccc3c(c2)OCO3)C1,0.0,0.0,,,0.0,1.0,,,0.0,0.0,0.0,
3841,O=Cc1cccc(Oc2ccccc2)c1,0.0,0.0,0.0,0.0,0.0,0.0,0.0,,0.0,0.0,0.0,0.0
3842,Oc1ccc(Cl)c(Cl)c1Cl,0.0,0.0,,0.0,,,1.0,0.0,0.0,,0.0,0.0
3844,COC(=O)NC(=S)Nc1ccccc1NC(=S)NC(=O)OC,0.0,0.0,0.0,0.0,0.0,,0.0,0.0,0.0,0.0,0.0,0.0
3845,CSCCCN=C=S,,0.0,1.0,0.0,,0.0,1.0,0.0,,1.0,,0.0
3846,CCCCCC[n+]1ccccc1.[I-],0.0,0.0,,0.0,0.0,,,,0.0,0.0,0.0,0.0
3847,CCCCCCCCCCCCCOS(=O)(=O)[O-].[Na+],0.0,0.0,0.0,0.0,0.0,0.0,,0.0,0.0,,0.0,
3848,CCN(CC)c1ccc(C(=C2C=CC(=[N+](CC)CC)C=C2)c2ccc(S(=O)(=O)[O-])cc2S(=O)(=O)[O-])cc1.[Na+],0.0,0.0,0.0,1.0,0.0,,,,0.0,0.0,,0.0
3849,CCCCCCCCCCCCOS(=O)(=O)[O-].[NH4+],0.0,0.0,,0.0,0.0,0.0,,0.0,0.0,,0.0,0.0
3850,Brc1c2ccccc2c(Br)c2ccccc12,1.0,0.0,1.0,0.0,,0.0,,0.0,1.0,1.0,0.0,
3851,c1ccc2cc(Nc3ccc(Nc4ccc5ccccc5c4)cc3)ccc2c1,0.0,0.0,0.0,0.0,,1.0,0.0,0.0,,0.0,0.0,
3853,C1CCCNCC1,0.0,0.0,0.0,,0.0,0.0,0.0,0.0,0.0,0.0,0.0,0.0
3854,C1COC1,0.0,,0.0,0.0,0.0,,0.0,,0.0,0.0,0.0,
3856,Cc1cc(C)c(C2=C(OC(=O)CC(C)(C)C)C3(CCCC3)OC2=O)c(C)c1,0.0,0.0,,0.0,0.0,0.0,,0.0,,,0.0,0.0
3857,CC(C)(c1ccc(O)cc1)c1ccc(O)cc1,0.0,0.0,1.0,0.0,1.0,,1.0,1.0,,0.0,0.0,0.0
3858,Cc1ccc2cc3c(ccc4ccccc43)c3c2c1CC3,,0.0,1.0,,,1.0,1.0,,,0.0,0.0,0.0
3860,CCC(=O)C(CC(C)N(C)C)(c1ccccc1)c1ccccc1.Cl,0.0,0.0,0.0,0.0,0.0,0.0,0.0,0.0,0.0,0.0,0.0,0.0
3861,COc1cc(CCN)c(OC)cc1Br.Cl,,0.0,,,0.0,,,0.0,0.0,0.0,0.0,0.0
3862,CCCC1COC(Cn2cncn2)(c2ccc(Cl)cc2Cl)O1,0.0,0.0,1.0,1.0,0.0,1.0,0.0,,0.0,0.0,0.0,0.0
3863,CC(C)C(C(=O)OC(C#N)c1cccc(Oc2ccccc2)c1)c1ccc(Cl)cc1,,0.0,0.0,,0.0,0.0,1.0,1.0,0.0,0.0,0.0,0.0
3864,Clc1nc(Cl)nc(Cl)n1,0.0,0.0,0.0,0.0,0.0,0.0,0.0,,0.0,0.0,0.0,0.0
3865,CCOc1cc(Oc2ccc(C(F)(F)F)cc2Cl)ccc1[N+](=O)[O-],0.0,0.0,1.0,0.0,0.0,0.0,,,0.0,0.0,0.0,0.0
3866,CN(C)c1ccc(Cc2ccc(N(C)C)cc2)cc1,0.0,0.0,0.0,0.0,0.0,1.0,0.0,0.0,0.0,0.0,0.0,0.0
3867,IC(I)I,0.0,0.0,0.0,,0.0,,0.0,1.0,0.0,0.0,0.0,0.0
3868,Nc1nc(N)c(N)c(N)n1.O=S(=O)(O)O,0.0,,,,0.0,,1.0,0.0,0.0,0.0,0.0,0.0
3869,NCCNCCN,0.0,1.0,0.0,0.0,0.0,0.0,0.0,0.0,0.0,0.0,0.0,1.0
3870,CCCCOC(=O)/C=C\C(=O)OCCCC,,0.0,,,0.0,0.0,,0.0,0.0,,0.0,0.0
3871,CC(=O)Nc1ccc(C)cc1,0.0,,0.0,0.0,0.0,0.0,,,0.0,0.0,0.0,0.0
3872,CC(C)C(=O)OCC(C)(C)C(OC(=O)C(C)C)C(C)C,0.0,0.0,0.0,0.0,1.0,0.0,0.0,1.0,0.0,0.0,0.0,0.0
3873,COC(=O)/C=C(\C)OP(=O)(OC)OC,,0.0,,1.0,,0.0,0.0,,0.0,0.0,0.0,0.0
3876,CCn1c2ccccc2c2cc([N+](=O)[O-])ccc21,1.0,0.0,0.0,0.0,0.0,,,0.0,,1.0,0.0,1.0
3877,CC(=O)CCC(=O)O,0.0,0.0,0.0,0.0,0.0,0.0,0.0,0.0,0.0,0.0,0.0,0.0
3878,CC(C)(CCl)C(=O)Cl,,0.0,0.0,,0.0,,,,0.0,0.0,0.0,0.0
3879,CC(C)C(C)C,0.0,,0.0,0.0,0.0,0.0,,,0.0,0.0,0.0,
3880,Cl.Nc1ccc(Cl)cc1,0.0,0.0,0.0,0.0,0.0,1.0,0.0,0.0,,0.0,0.0,0.0
3881,ClC(Cl)(Cl)c1ccccc1,0.0,0.0,0.0,0.0,0.0,1.0,0.0,0.0,0.0,0.0,0.0,0.0
3882,NC(=O)Nc1ccc(Cl)c(Cl)c1,0.0,0.0,,0.0,0.0,,1.0,0.0,0.0,,0.0,0.0
3884,II,,0.0,,,0.0,,,0.0,0.0,0.0,0.0,0.0
3886,C=CCCCC,0.0,,0.0,0.0,0.0,,0.0,,0.0,0.0,0.0,
3887,COCC(C)OC(C)=O,0.0,1.0,,0.0,,,0.0,,0.0,0.0,0.0,1.0
3888,CCC12COCN1COC2,0.0,0.0,0.0,0.0,0.0,0.0,0.0,0.0,0.0,0.0,0.0,0.0
3889,CN(C)c1cccc(O)c1,0.0,0.0,,0.0,0.0,1.0,1.0,0.0,0.0,0.0,0.0,0.0
3890,CN(C)c1ccccc1,0.0,0.0,0.0,0.0,0.0,0.0,0.0,0.0,0.0,0.0,0.0,0.0
3891,Nc1ccc(Cl)cc1,0.0,0.0,,0.0,0.0,,0.0,,,0.0,0.0,0.0
3893,Cc1cccc(NC(=S)N(C)C)c1,,0.0,,0.0,0.0,,,0.0,0.0,0.0,0.0,0.0
3900,N#CSCSc1nc2ccccc2s1,1.0,0.0,,,0.0,,1.0,0.0,1.0,1.0,1.0,1.0
3901,C[C@]12CC[C@H]3[C@@H](CCC4=CC(=O)CC[C@@]43C)[C@@H]1CC[C@H]2O,,1.0,,,1.0,0.0,0.0,1.0,0.0,0.0,0.0,1.0
3902,O=S(=O)(O)O.Oc1cccc2cccnc12.Oc1cccc2cccnc12,1.0,0.0,1.0,,1.0,,,0.0,,1.0,0.0,0.0
3903,CCCCCCCCCCCCCCCC[N+](C)(C)CCN(Cc1ccc(OC)cc1)c1ncccn1.[Br-],,0.0,,,0.0,0.0,,0.0,0.0,0.0,0.0,0.0
3904,COc1cc(Br)c(C[N+]2(CCOCCC3CCC4CC3C4(C)C)CCOCC2)cc1OC.[Br-],,0.0,,,0.0,0.0,,0.0,0.0,0.0,0.0,0.0
3906,[Na+].[O-][n+]1ccccc1[S-],1.0,0.0,,,0.0,0.0,1.0,,1.0,,1.0,1.0
3907,C[C@H]1C[C@@H]2[C@H]([C@@H](O)C[C@@]3(C)[C@H]2CC[C@]3(O)C(=O)COC(=O)CCC(=O)[O-])[C@@]2(C)C=CC(=O)C=C12.[Na+],,1.0,,,0.0,0.0,0.0,,0.0,0.0,0.0,1.0
3909,C=CC(=O)OCCCCCCOC(=O)C=C,1.0,0.0,1.0,,,0.0,0.0,0.0,1.0,1.0,1.0,1.0
3910,CC(=O)OCC(=O)[C@@]1(O)[C@H](C)C[C@H]2[C@@H]3C[C@H](F)C4=CC(=O)C=C[C@]4(C)[C@H]3[C@@H](O)C[C@@]21C,,1.0,,,0.0,,0.0,0.0,0.0,0.0,0.0,1.0
3911,C=C1CC2C3CCC4=CC(=O)C=C[C@]4(C)[C@@]3(F)[C@@H](O)C[C@]2(C)[C@@]1(O)C(=O)COC(C)=O,,1.0,,,0.0,0.0,0.0,,0.0,0.0,0.0,1.0
3912,C[C@@H]1C[C@H]2C3C[C@H](F)C4=CC(=O)C=CC4(C)[C@@]3(F)[C@@H](O)CC2(C)[C@@]1(O)C(=O)COC(=O)C(C)(C)C,,1.0,,,0.0,,1.0,0.0,0.0,0.0,0.0,1.0
3913,CC(C)CCC(=O)O[C@H]1CC[C@H]2[C@@H]3CCC4=CC(=O)CC[C@]4(C)[C@H]3CC[C@]12C,,1.0,,,1.0,,0.0,1.0,0.0,0.0,0.0,1.0
3914,CC(C)N1CCN(c2ccc(OC[C@H]3CO[C@](Cn4cncn4)(c4ccc(Cl)cc4Cl)O3)cc2)CC1,,0.0,,,0.0,1.0,,0.0,0.0,0.0,0.0,0.0
3915,CCN(CC)c1ccc(N)cc1,1.0,0.0,1.0,,0.0,1.0,1.0,,0.0,,,0.0
3917,COc1ccc(OC(F)(F)F)cc1CN[C@H]1CCCN[C@H]1c1ccccc1,0.0,0.0,,,0.0,0.0,,,0.0,0.0,0.0,0.0
3919,CN1C(=O)/C(=N/NC(N)=S)c2ccccc21,,0.0,,,0.0,1.0,1.0,0.0,1.0,0.0,0.0,0.0
3920,C[C@]12C[C@H]3S[C@H]3C[C@@H]1CC[C@@H]1[C@@H]2CC[C@]2(C)[C@@H](O)CC[C@@H]12,,1.0,,,1.0,0.0,,1.0,0.0,0.0,0.0,1.0
3922,CO[C@@H]1[C@@H](O[C@@H]2O[C@H](C)[C@@H](O[C@H]3C[C@@](C)(O)[C@@H](OC(=O)CC(C)C)[C@H](C)O3)[C@H](N(C)C)[C@H]2O)[C@@H](CC=O)C[C@@H](C)[C@@H](O)/C=C/C=C/C[C@@H](C)OC(=O)C[C@H]1O.O=C(O)C(O)C(O)C(=O)O,,1.0,,,,0.0,0.0,1.0,0.0,0.0,0.0,0.0
3929,C[C@]12CCC(=O)C=C1CC[C@@H]1[C@@H]2[C@@H](O)C[C@@]2(C)[C@H]1CC[C@]2(O)C(=O)COP(=O)([O-])[O-].[Na+].[Na+],,1.0,,,,0.0,0.0,1.0,0.0,0.0,0.0,1.0
3930,CC[Sn](Br)(CC)CC,1.0,0.0,,,1.0,0.0,1.0,,1.0,1.0,1.0,1.0
3932,CC(=O)[C@@]1(O)CC[C@H]2[C@@H]3CCC4=CC(=O)CC[C@]4(C)C3(F)[C@@H](O)C[C@@]21C,,,,,0.0,0.0,0.0,0.0,0.0,0.0,0.0,1.0
3939,CSc1ccc(Oc2ccc(S(N)(=O)=O)cc2CN(C)C)cc1C,0.0,0.0,0.0,,0.0,0.0,,,,0.0,0.0,0.0
3942,Cc1nn(C)c(Oc2ccccc2)c1/C=N/OCc1ccc(C(=O)OC(C)(C)C)cc1,0.0,0.0,1.0,,,0.0,,,0.0,0.0,0.0,0.0
3943,Cc1[nH]cnc1C[C@H]1CCc2c(C)c3ccccc3n2C1=O,,0.0,,0.0,0.0,0.0,,0.0,0.0,0.0,0.0,0.0
3944,CCN(CC)CCNc1ccc(CNC=O)c2sc3ccc(OC)cc3c(=O)c12,0.0,0.0,,,1.0,1.0,,1.0,,1.0,1.0,1.0
3946,CCOc1ccc(N=Nc2ccc(N)cc2N)cc1,,1.0,,,,1.0,1.0,1.0,0.0,0.0,1.0,0.0
3948,O=C1NC2CCCCN2C12CCN(CCCN1c3ccccc3CCc3ccc(Cl)cc31)CC2,0.0,0.0,,,0.0,1.0,0.0,,,0.0,0.0,0.0
3952,CNS(=O)(=O)c1cc(C(=O)N2CCC(CCN3C4CCC3CC(n3c(C)nc5ccccc53)C4)(c3cccc(F)c3)CC2)c(Cl)cc1F,0.0,0.0,1.0,,0.0,0.0,,,,0.0,0.0,0.0
3956,CCCCC[C@H](O)/C=C/[C@@H]1[C@@H](C/C=C\CCCC(=O)O)[C@@H](O)C[C@H]1O,,0.0,,0.0,,0.0,0.0,1.0,0.0,0.0,0.0,0.0
3961,N#CC(C#N)=Cc1cc(O)c(O)c(O)c1,,0.0,,,0.0,0.0,,0.0,0.0,0.0,0.0,0.0
3963,CCCCCCCC/C=C\CCCCCCCC(=O)NCc1ccc(O)c(OC)c1,,0.0,,0.0,0.0,0.0,1.0,0.0,0.0,0.0,0.0,0.0
3975,O=S(=O)([O-])c1ccc2c(/N=N\c3ccc(S(=O)(=O)[O-])c4ccccc34)c(O)c(S(=O)(=O)[O-])cc2c1.[Na+].[Na+].[Na+],0.0,0.0,0.0,0.0,0.0,0.0,0.0,0.0,0.0,0.0,0.0,0.0
3976,CC[C@H](C)C(=O)O[C@H]1CCC=C2C=C[C@H](C)[C@H](CC[C@@H]3C[C@@H](O)CC(=O)O3)[C@H]21,,0.0,,1.0,0.0,0.0,0.0,0.0,0.0,0.0,0.0,0.0
3977,COc1ccc2cc([C@H](C)CO)ccc2c1,,0.0,,,0.0,,0.0,1.0,0.0,0.0,0.0,0.0
3978,CCCCCCCCCCCCCCCCSCC(COC)COP(=O)([O-])OCC[N+](C)(C)C,,0.0,,0.0,0.0,0.0,,0.0,0.0,0.0,0.0,0.0
3979,C=C1/C(=C\C=C2/CCC[C@]3(C)[C@@H]([C@H](C)OCCC(C)(C)O)CC[C@@H]23)C[C@@H](O)C[C@@H]1O,,0.0,,0.0,0.0,0.0,0.0,0.0,,1.0,0.0,0.0
3980,c1cc(N(CC2CO2)CC2CO2)ccc1OCC1CO1,1.0,0.0,1.0,,0.0,0.0,0.0,0.0,,1.0,1.0,0.0
3985,CCCC(=O)O[C@]1(C(=O)COC(C)=O)CC[C@H]2[C@@H]3C[C@H](F)C4=CC(=O)C=C[C@]4(C)[C@@]3(F)[C@@H](O)C[C@@]21C,,1.0,,,0.0,0.0,,0.0,0.0,0.0,0.0,1.0
3989,CC(NNC(=O)c1ccccc1)c1ccccc1,,0.0,,,0.0,,1.0,1.0,0.0,0.0,1.0,0.0
3992,Cc1cc(C2CC2)nc(Nc2ccccc2)n1,,0.0,,,0.0,1.0,,1.0,0.0,0.0,0.0,0.0
3996,CC(C)(C)c1ccc(CN2CCN(C(c3ccccc3)c3ccc(Cl)cc3)CC2)cc1.Cl.Cl,,0.0,,1.0,0.0,0.0,1.0,,0.0,0.0,0.0,0.0
3997,O=C1Nc2ccc(Cl)cc2C(c2ccccc2)=NC1O,0.0,1.0,0.0,0.0,0.0,0.0,0.0,1.0,0.0,0.0,0.0,0.0
3999,CC(CN1c2ccccc2Sc2ccc(S(=O)(=O)N(C)C)cc21)N(C)C,,0.0,,,0.0,0.0,,0.0,0.0,0.0,0.0,0.0
4004,CS(=O)(=O)O.O=C(O[C@@H]1C[C@@H]2C[C@@H]3C[C@H](C1)N2CC3=O)c1c[nH]c2ccccc12,,0.0,,0.0,0.0,0.0,,0.0,0.0,0.0,0.0,0.0
4006,Nc1ccc(N)c(Cl)c1.O=S(=O)(O)O,0.0,0.0,1.0,,0.0,1.0,1.0,,0.0,0.0,0.0,
4009,Cc1c(N)nc(C(CC(N)=O)NCC(N)C(N)=O)nc1C(=O)NC(C(=O)NC(C)C(O)C(C)C(=O)NC(C(=O)NCCc1nc(-c2nc(C(=O)NCCCN[C@@H](C)c3ccccc3)cs2)cs1)C(C)O)C(O[C@@H]1O[C@@H](CO)[C@@H](O)[C@H](O)[C@@H]1O[C@H]1O[C@H](CO)[C@@H](O)[C@H](OC(N)=O)[C@@H]1O)c1c[nH]cn1.O=S(=O)(O)O,,0.0,,0.0,0.0,0.0,0.0,0.0,,1.0,0.0,0.0
4010,C[C@@H](Cc1ccccc1)NCCC(c1ccccc1)c1ccccc1.C[C@H](O)C(=O)O,,0.0,,,0.0,0.0,,0.0,0.0,0.0,0.0,0.0
4011,CC(C(=O)O)c1ccc(C2CCCCC2)c2ccccc12,,0.0,,,0.0,0.0,0.0,0.0,,0.0,0.0,0.0
4014,Cc1cccc(Nc2ncccc2C(=O)O)c1C,,0.0,,,0.0,1.0,0.0,,0.0,0.0,0.0,0.0
4019,C[C@]12CC[C@H]3[C@@H](CCC4=CC(=O)CC[C@@]43C)[C@@H]1CC[C@@H]2OC(=O)CCc1ccccc1,,1.0,,,1.0,0.0,,1.0,0.0,0.0,0.0,1.0
4020,O=C(Nc1ccc(S(=O)(=O)N2CCOCC2)cc1)c1cc(Cl)ccc1NS(=O)(=O)c1ccc(Cl)s1,,0.0,,0.0,0.0,0.0,,0.0,0.0,1.0,0.0,0.0
4022,CC(C(O)c1ccccc1)N(C)CCOC(c1ccccc1)c1ccccc1,0.0,0.0,0.0,,0.0,0.0,,,,0.0,0.0,0.0
4023,CCC(=C(CC)c1ccc(O)cc1)c1ccc(O)cc1,,0.0,,0.0,1.0,0.0,1.0,1.0,0.0,1.0,0.0,0.0
4025,Oc1ccc2c3c1O[C@H]1[C@@H](O)CC[C@@]4(O)[C@@H](C2)N(CC2CCC2)CC[C@]314,,,,,0.0,0.0,0.0,0.0,0.0,0.0,0.0,0.0
4026,Oc1ccc2cc(SSc3ccc4cc(O)ccc4c3)ccc2c1,1.0,0.0,1.0,,1.0,,1.0,1.0,0.0,0.0,0.0,0.0
4029,CCCCCC[C@@H](O)C/C=C\CCCCCCCC(=O)[O-].[K+],,0.0,,0.0,0.0,0.0,1.0,0.0,0.0,0.0,0.0,0.0
4030,BrC(Br)C(Br)(Br)Br,,0.0,,,0.0,,0.0,0.0,0.0,1.0,0.0,0.0
4032,C[C@]1(O)CC[C@H]2[C@@H]3CCC4=CC(=O)CC[C@]4(C)[C@@]3(F)[C@@H](O)C[C@@]21C,0.0,1.0,,,,0.0,0.0,1.0,0.0,0.0,0.0,1.0
4042,CCC(=O)NCCC1CCc2ccc3c(c21)CCO3,,0.0,,0.0,0.0,0.0,,1.0,0.0,0.0,0.0,0.0
4043,CCC(=O)Oc1ccc2c(c1)CC[C@@H]1[C@@H]2CC[C@]2(C)[C@@H](OC(=O)CC)CC[C@@H]12,,1.0,,,1.0,0.0,0.0,1.0,0.0,,0.0,1.0
4045,CCCCC(=O)O[C@H]1CC[C@H]2[C@@H]3CCc4cc(O)ccc4[C@H]3CC[C@]12C,,1.0,,0.0,1.0,0.0,,1.0,0.0,0.0,0.0,1.0
4050,CCOc1ccc2c(c1)C(C)=CC(C)(C)N2,,0.0,,0.0,0.0,1.0,0.0,0.0,1.0,0.0,0.0,0.0
4053,Cc1cc2c(cc1C(F)(F)F)N(C(=O)Nc1ccc(Oc3cccnc3C)nc1)CC2.Cl,0.0,0.0,1.0,,0.0,0.0,1.0,,,0.0,,0.0
4061,Cc1nnc2n1-c1ccc(Cl)cc1C(c1ccccc1Cl)=NC2,,0.0,,0.0,0.0,0.0,0.0,,0.0,0.0,0.0,0.0
4067,NS(=O)(=O)C(F)(F)C(F)(F)C(F)(F)C(F)(F)C(F)(F)C(F)(F)C(F)(F)C(F)(F)F,1.0,0.0,,,1.0,0.0,1.0,0.0,0.0,1.0,0.0,
4070,C=CC(=O)Nc1cc2c(Nc3ccc(F)c(Cl)c3)ncnc2cc1OCCCN1CCOCC1,1.0,0.0,1.0,,1.0,0.0,,1.0,0.0,1.0,,
4074,NCCCNCCCN,0.0,0.0,,,0.0,0.0,,0.0,0.0,0.0,0.0,
4075,C[C@H](/C=C/[C@H](C)C(C)(C)O)[C@H]1CC[C@H]2/C(=C/C=C3C[C@@H](O)C[C@H](O)C3)CCC[C@]12C,,0.0,,0.0,0.0,0.0,1.0,,0.0,0.0,0.0,0.0
4078,NC(=O)Oc1ccc(Cc2ccccc2)cc1,,0.0,,0.0,,0.0,1.0,1.0,0.0,0.0,0.0,0.0
4079,O=C(Nc1ccc(O)cc1)c1ccccc1O,,0.0,,,0.0,1.0,1.0,1.0,0.0,0.0,1.0,
4080,C=C1c2c(Cl)ccc(O)c2C(=O)C2=C(O)[C@]3(O)C(=O)C(C(N)=O)=C(O)[C@@H](N(C)C)[C@@H]3[C@@H](O)[C@H]12.O=C(O)c1cc(S(=O)(=O)O)ccc1O,,0.0,,0.0,0.0,0.0,0.0,0.0,0.0,0.0,0.0,
4083,C[C@]12CC[C@@H]3c4ccc(OC(=O)c5ccccc5)cc4CC[C@H]3[C@@H]1CC[C@@H]2O,,1.0,,0.0,1.0,0.0,,1.0,0.0,0.0,0.0,1.0
4093,CC(C)(C)C(O)/C(=C\c1ccc(Cl)cc1Cl)n1cncn1,0.0,0.0,1.0,,0.0,,1.0,,,0.0,0.0,0.0
4094,CC(=C\c1ccccc1)/C=C1/SC(=S)N(CC(=O)O)C1=O,,0.0,,,0.0,0.0,0.0,0.0,,0.0,1.0,0.0
4098,CCCOC(=O)c1ccc(O)cc1,0.0,0.0,,,1.0,,1.0,1.0,0.0,0.0,0.0,0.0
4099,COc1cc(/C=C/C(=O)O[C@H]2CC[C@]34C[C@]35CC[C@]3(C)[C@@H]([C@H](C)CCC=C(C)C)CC[C@@]3(C)[C@@H]5CC[C@H]4C2(C)C)ccc1O,0.0,0.0,0.0,0.0,1.0,0.0,0.0,0.0,1.0,1.0,1.0,1.0
4100,N#Cc1ccc2c(c1)N(CCCN1CCC(O)CC1)c1ccccc1S2,,0.0,,0.0,0.0,0.0,,0.0,0.0,1.0,0.0,0.0
4101,C[C@H](Cc1ccc(O)c(O)c1)[C@@H](C)Cc1ccc(O)c(O)c1,,0.0,,,0.0,0.0,1.0,0.0,,0.0,0.0,0.0
4104,S=C1SCN(Cc2ccccc2)CN1Cc1ccccc1,,0.0,,0.0,0.0,0.0,1.0,1.0,1.0,0.0,0.0,0.0
4106,O=C1OC2(c3cc(Br)c([O-])cc3Oc3c2cc(Br)c([O-])c3[Hg]O)c2ccccc21.[Na+].[Na+],,0.0,,0.0,0.0,0.0,,0.0,0.0,0.0,0.0,0.0
4107,C[C@]12CC[C@@H]3c4ccc(OC(=O)N(CCCl)CCCl)cc4CC[C@H]3[C@@H]1CC[C@@H]2OP(=O)([O-])[O-].[Na+].[Na+],,1.0,,0.0,1.0,0.0,0.0,1.0,0.0,1.0,0.0,
4109,CCC(=O)[N-]S(=O)(=O)c1ccc(-c2c(-c3ccccc3)noc2C)cc1.[Na+],,0.0,,,0.0,0.0,0.0,0.0,,0.0,0.0,0.0
4111,O=C([O-])CCC/C=C\C[C@@H]1[C@@H](/C=C/[C@@H](O)COc2cccc(Cl)c2)[C@H](O)C[C@@H]1O.[Na+],,0.0,,0.0,0.0,0.0,,0.0,0.0,0.0,0.0,0.0
4112,CCC(=O)OC(OP(=O)(CCCCc1ccccc1)CC(=O)N1C[C@H](C2CCCCC2)C[C@H]1C(=O)[O-])C(C)C.[Na+],,0.0,,0.0,0.0,0.0,0.0,0.0,,0.0,0.0,0.0
4113,CCCC(=O)Nc1c(I)cc(I)c(CC(CC)C(=O)[O-])c1I.[Na+],,0.0,,0.0,0.0,,0.0,0.0,0.0,0.0,0.0,0.0
4114,O=c1[nH]c(=O)n([C@H]2C[C@H](O)[C@@H](CO)O2)cc1/C=C/Br,,,,0.0,0.0,0.0,0.0,0.0,0.0,0.0,0.0,0.0
4117,C#CCOc1ccc2c(C)cc(=O)oc2c1,,1.0,,,0.0,,0.0,0.0,0.0,0.0,0.0,0.0
4118,CC(C)=CCC/C(C)=C/CC/C(C)=C/CC/C(C)=C/CC1=C(C)C(=O)c2ccccc2C1=O,,0.0,,0.0,0.0,1.0,0.0,0.0,0.0,0.0,0.0,0.0
4119,CO[C@@H]1[C@H](OC(=O)/C=C/C=C/C=C/C=C/C(=O)O)CC[C@]2(CO2)[C@H]1[C@@]1(C)O[C@@H]1CC=C(C)C,0.0,0.0,1.0,1.0,0.0,0.0,0.0,0.0,0.0,0.0,0.0,0.0
4120,CC(C)[C@@H](C)/C=C/[C@@H](C)[C@H]1CC[C@H]2/C(=C/C=C3\C[C@@H](O)CC[C@@H]3C)CCC[C@]12C,,0.0,,0.0,0.0,0.0,1.0,0.0,0.0,0.0,,0.0
4122,c1ccc2c(c1)cc1ccc3cccc4ccc2c1c34,1.0,0.0,1.0,,,1.0,,,1.0,1.0,0.0,1.0
4123,CC(=O)O[C@H]1CC[C@@]2(C)C(=CC[C@H]3[C@@H]4CC[C@H](C(C)=O)[C@@]4(C)CC[C@@H]32)C1,,1.0,,0.0,1.0,0.0,0.0,,0.0,0.0,0.0,0.0
4124,CC(=O)C=Cc1ccc2c(c1)OCO2,,0.0,,,0.0,1.0,0.0,0.0,0.0,,0.0,0.0
4125,CC(=O)O[C@H]1CC[C@@]2(C)C(=CC[C@@H]3[C@@H]2CC[C@]2(C)C(=O)CC[C@@H]32)C1,0.0,0.0,,,1.0,0.0,1.0,1.0,0.0,0.0,0.0,0.0
4126,CC(C)(C)c1cc(O)c(C(C)(C)C)cc1O,0.0,0.0,1.0,,0.0,0.0,1.0,,,,0.0,0.0
4128,CC(C)(c1ccccc1)c1ccc(O)cc1,0.0,0.0,1.0,,1.0,0.0,1.0,1.0,0.0,,0.0,0.0
4132,Cc1cc(C(=O)NNCc2ccccc2)no1,,0.0,,,0.0,,0.0,1.0,0.0,0.0,0.0,0.0
4136,CCN(CC)CCOCCOC(=O)C(CC)(CC)c1ccccc1.O=C(O)CC(O)(CC(=O)O)C(=O)O,,0.0,,0.0,1.0,0.0,,1.0,0.0,0.0,0.0,0.0
4138,Cl.Cl.OCCN1CCN(CC/C=C2/c3ccccc3Sc3ccc(Cl)cc32)CC1,,0.0,,0.0,0.0,0.0,,0.0,0.0,0.0,0.0,0.0
4143,CN(C)CCOC(c1ccccc1)c1ccccc1.Cl,0.0,0.0,0.0,0.0,1.0,0.0,0.0,0.0,0.0,0.0,0.0,0.0
4145,COc1ccc(CCN(C)CCCC(C#N)(c2ccc(OC)c(OC)c2)C(C)C)cc1OC.Cl,0.0,0.0,0.0,0.0,0.0,0.0,,,,0.0,0.0,0.0
4147,CC(C)C[C@@H](NC(=O)[C@@H](O)[C@H](N)Cc1ccccc1)C(=O)O.Cl,,1.0,,0.0,0.0,0.0,0.0,0.0,0.0,0.0,0.0,0.0
4150,Cl.Nc1c2c(nc3ccccc13)CCCC2,0.0,0.0,,,0.0,1.0,0.0,1.0,,,0.0,0.0
4151,Cl.Nc1c(Br)cc(Br)cc1CN[C@H]1CC[C@H](O)CC1,,1.0,,0.0,0.0,,0.0,0.0,0.0,0.0,0.0,1.0
4154,CC(C)(C)NCC(O)CSc1nc(-c2ccc(C(N)=O)s2)cs1.Cl,,0.0,,,0.0,,1.0,0.0,0.0,0.0,0.0,0.0
4156,Cn1sc(Cl)cc1=O,,1.0,0.0,0.0,0.0,0.0,0.0,0.0,0.0,0.0,0.0,0.0
4159,C[C@]12CC[C@@H]3c4ccc(OC(=O)N(CCCl)CCCl)cc4CC[C@H]3[C@@H]1CC[C@@H]2OP(=O)(O)O,,1.0,,0.0,1.0,0.0,0.0,1.0,,1.0,0.0,0.0
4160,CC[C@H]1OC(=O)[C@H](C)[C@@H](O[C@H]2C[C@@](C)(OC)[C@@H](O)[C@H](C)O2)[C@H](C)[C@@H](O[C@@H]2O[C@H](C)C[C@H](N(C)C)[C@H]2O)[C@](C)(O)C[C@@H](C)CN(C)[C@H](C)[C@@H](O)[C@]1(C)O,0.0,0.0,,0.0,0.0,0.0,0.0,0.0,0.0,0.0,0.0,0.0
4163,CO[C@H]1C[C@H](O[C@@H]2/C(C)=C/C[C@@H]3C[C@@H](C[C@]4(CC[C@H](C)[C@@H](C5CCCCC5)O4)O3)OC(=O)[C@@H]3C=C(C)/C(=N/O)[C@H]4OC/C(=C\C=C\[C@@H]2C)[C@]43O)O[C@@H](C)[C@@H]1O,,0.0,,0.0,0.0,0.0,,0.0,0.0,0.0,0.0,0.0
4164,COC(=O)[C@H]1[C@H]2C[C@@H]3c4[nH]c5cc(OC)ccc5c4CCN3C[C@H]2C[C@@H](OC(=O)C=Cc2cc(OC)c(OC)c(OC)c2)[C@@H]1OC,,0.0,,,0.0,,0.0,0.0,0.0,0.0,0.0,0.0
4169,O=C(O)CCC/C=C\C[C@@H]1[C@@H](/C=C/[C@@H](O)COc2cccc(C(F)(F)F)c2)[C@H](O)C[C@@H]1O,,0.0,,,,0.0,0.0,1.0,0.0,0.0,0.0,0.0
4170,CN[C@H]1C[C@@H](N)[C@H](O)[C@@H](O[C@@H]2O[C@H](CO)[C@H](O)[C@@H]3OC4(O[C@H]23)O[C@H](C(N)CO)[C@H](O)[C@H](O)[C@H]4O)[C@@H]1O,,0.0,,0.0,0.0,0.0,,0.0,0.0,0.0,0.0,0.0
4171,CC(C)(C)c1cc([N+](=O)[O-])cc([N+](=O)[O-])c1O,0.0,0.0,1.0,,0.0,0.0,1.0,,,1.0,0.0,
4172,O=Cc1ccc(Cl)c([N+](=O)[O-])c1,,0.0,1.0,,0.0,0.0,0.0,,0.0,0.0,0.0,0.0
4173,O=[N+]([O-])OCC(CO[N+](=O)[O-])(CO[N+](=O)[O-])CO[N+](=O)[O-],0.0,0.0,0.0,0.0,0.0,0.0,0.0,0.0,0.0,0.0,0.0,0.0
4174,CC(C)CN(C[C@@H](O)[C@H](Cc1ccccc1)NC(=O)O[C@@H]1CCOC1)S(=O)(=O)c1ccc(N)cc1,,0.0,,0.0,0.0,0.0,0.0,,0.0,0.0,0.0,0.0
4176,CCc1c(C(=O)NN2CCCCC2)nn(-c2ccc(Cl)cc2Cl)c1-c1ccc(Br)cc1,0.0,0.0,1.0,1.0,0.0,0.0,1.0,1.0,,,0.0,
4178,COc1ccc2c(c1)N(C[C@H](C)CN(C)C)c1ccccc1S2.O=C(O)/C=C\C(=O)O,,0.0,,0.0,0.0,0.0,,0.0,0.0,0.0,0.0,0.0
4182,CCOc1cc(CC(=O)N[C@@H](CC(C)C)c2ccccc2N2CCCCC2)ccc1C(=O)O,,1.0,,,0.0,0.0,0.0,0.0,,0.0,0.0,0.0
4184,COC(=O)C1=C(C)NC(COC(N)=O)=C(C(=O)OC(C)C)C1c1cccc(Cl)c1Cl,1.0,0.0,1.0,,,,,0.0,1.0,1.0,0.0,1.0
4187,Cc1c(C)c2c(c(C)c1OC(=O)CCC(=O)OCCO)CC[C@@](C)(CCC[C@H](C)CCC[C@H](C)CCCC(C)C)O2,0.0,0.0,1.0,0.0,0.0,0.0,0.0,0.0,,,0.0,0.0
4188,O=C/C=C/c1ccccc1,0.0,1.0,0.0,0.0,0.0,0.0,0.0,0.0,0.0,0.0,0.0,1.0
4192,O=C1CCCc2c1cc1ccc3cccc4ccc2c1c34,1.0,0.0,,,,1.0,1.0,1.0,1.0,1.0,,1.0
4196,CN1CCc2c(c3ccccc3n2Cc2ccccc2)C1.CN1CCc2c(c3ccccc3n2Cc2ccccc2)C1.O=S(=O)(O)c1cccc2c(S(=O)(=O)O)cccc12,,0.0,,,0.0,0.0,,0.0,0.0,0.0,0.0,0.0
4204,Oc1cccc(O)c1O,0.0,0.0,0.0,0.0,1.0,1.0,1.0,1.0,0.0,1.0,0.0,0.0
4209,CCCCCCCCCCCC(=O)O.OCCN(CCO)CCO,,0.0,,,0.0,0.0,0.0,,0.0,0.0,0.0,0.0
4211,CN(CCCCCCCCCCN(C)C(=O)Oc1ccccc1[N+](C)(C)C)C(=O)Oc1ccccc1[N+](C)(C)C.[Br-].[Br-],,0.0,,0.0,0.0,0.0,,0.0,0.0,0.0,0.0,0.0
4214,CC(C)[N+]1(C)C2CCC1CC(OC(=O)C(CO)c1ccccc1)C2.O.[Br-],,0.0,,0.0,0.0,0.0,0.0,1.0,0.0,0.0,0.0,0.0
4217,CNC(=O)OCC[N+](C)(C)C.[Cl-],,0.0,,0.0,0.0,,0.0,0.0,0.0,0.0,0.0,0.0
4219,CC(C)(COP(=O)([O-])OP(=O)([O-])OC[C@H]1O[C@@H](n2cnc3c(N)ncnc32)[C@H](O)[C@@H]1OP(=O)([O-])O)C(O)C(=O)NCCC(=O)NCCS.O.O.[Li+].[Li+].[Li+],,0.0,,0.0,0.0,,0.0,1.0,0.0,0.0,0.0,0.0
4220,CC[C@@H](C)CCCCC(=O)N[C@@H](CCNCS(=O)(=O)[O-])C(=O)N[C@H](C(=O)N[C@@H](CCNCS(=O)(=O)[O-])C(=O)N[C@H]1CCNC(=O)[C@H]([C@@H](C)O)NC(=O)[C@H](CCNCS(=O)(=O)[O-])NC(=O)[C@H](CCNCS(=O)(=O)[O-])NC(=O)[C@H](CC(C)C)NC(=O)[C@@H](CC(C)C)NC(=O)[C@H](CCNCS(=O)(=O)[O-])NC1=O)[C@@H](C)O.[Na+].[Na+].[Na+].[Na+].[Na+],,0.0,,0.0,0.0,0.0,0.0,0.0,,0.0,0.0,0.0
4222,O=C([O-])c1cc(O)c2c3nc4ccccc4oc-3cc(=O)c2n1.[Na+],,0.0,,0.0,0.0,,1.0,0.0,0.0,0.0,0.0,0.0
4223,CN(C)C=Nc1c(I)cc(I)c(CCC(=O)[O-])c1I.[Na+],,0.0,,0.0,0.0,0.0,0.0,0.0,,0.0,0.0,0.0
4225,CC1(C)C[C@@H]1C(=O)N/C(=C\CCCCSC[C@H](N)C(=O)O)C(=O)[O-].[Na+],,0.0,,0.0,0.0,0.0,0.0,0.0,0.0,0.0,0.0,0.0
4226,CCCCC(CC)COS(=O)(=O)[O-].[Na+],0.0,0.0,0.0,0.0,0.0,0.0,0.0,0.0,0.0,0.0,0.0,0.0
4227,O=[N+]([O-])C(Br)(CO)CO,,0.0,1.0,0.0,0.0,0.0,0.0,0.0,0.0,0.0,0.0,0.0
4230,COS(=O)(=O)[O-].C[N+]1(C)CCCCC1COC(=O)C(O)(c1ccccc1)c1ccccc1,,0.0,,0.0,0.0,0.0,,0.0,0.0,0.0,0.0,0.0
4231,Br.COc1cc(CC(C)N)c(OC)cc1Br,,0.0,,0.0,0.0,0.0,0.0,0.0,,0.0,0.0,0.0
4233,CC(O)[C@@H]1NC(=O)[C@H](CCCCN)NC(=O)[C@@H](Cc2c[nH]c3ccccc23)NC(=O)[C@H](Cc2ccccc2)NC(=O)[C@@H](NC(=O)[C@H](N)Cc2ccccc2)CSSC[C@@H](C(=O)N[C@H](CO)[C@@H](C)O)NC1=O,,0.0,,0.0,0.0,0.0,0.0,,0.0,0.0,0.0,0.0
4234,CCCCCCCCCCCCCCCCCCOC[C@H](COP(=O)([O-])OCC[N+](C)(C)C)OC,,0.0,,0.0,0.0,,0.0,0.0,0.0,0.0,0.0,0.0
4236,CCOC(=O)/C=C(C)/C=C/C[C@@H](C)CCCC(C)C,1.0,0.0,,0.0,0.0,0.0,,0.0,0.0,,0.0,0.0
4238,c1ccc(Nc2ccc3ccccc3c2)cc1,0.0,0.0,1.0,,0.0,1.0,,1.0,0.0,0.0,1.0,0.0
4240,c1cc(OCC2CO2)cc(OCC2CO2)c1,,0.0,1.0,,0.0,0.0,0.0,,,1.0,0.0,0.0
4241,c1ccc(Nc2cccc3ccccc23)cc1,0.0,0.0,0.0,,1.0,1.0,,1.0,0.0,0.0,0.0,0.0
4242,c1cc(OCC2CO2)ccc1Cc1ccc(OCC2CO2)cc1,,0.0,1.0,,0.0,0.0,0.0,0.0,,1.0,0.0,0.0
4244,CC(=O)O.CCC(N)Cc1c[nH]c2ccccc12,,0.0,,0.0,0.0,1.0,,0.0,0.0,0.0,0.0,0.0
4247,CC(C)(C)C(=O)OCC(=O)[C@H]1CC[C@H]2[C@@H]3CCC4=CC(=O)CC[C@]4(C)[C@H]3CC[C@]12C,,1.0,,0.0,0.0,0.0,0.0,,0.0,0.0,0.0,1.0
4253,COC(C)(C)CCC[C@H](C)C/C=C/C(C)=C/C(=O)OC(C)C,1.0,0.0,,0.0,0.0,0.0,,,0.0,0.0,0.0,0.0
4254,CC(c1ccc(O)cc1)(c1ccc(O)cc1)c1ccc(O)cc1,,0.0,1.0,,,0.0,1.0,1.0,0.0,1.0,0.0,0.0
4256,CC(C)CC(C)(O)C#CC(C)(O)CC(C)C,0.0,0.0,0.0,1.0,0.0,0.0,1.0,,0.0,0.0,0.0,0.0
4259,Cc1cc(C(C)(C)c2ccc(O)c(C)c2)ccc1O,0.0,0.0,1.0,,,0.0,1.0,1.0,,1.0,0.0,0.0
4260,CCCCCCOc1cc(C)c(O)c(C)c1C,,0.0,,,0.0,1.0,1.0,0.0,0.0,0.0,0.0,0.0
4262,Cc1ccccc1-n1c(C)nc2ccccc2c1=O,,0.0,,0.0,0.0,0.0,0.0,1.0,0.0,0.0,0.0,0.0
4267,Cc1ccccc1OP(=O)(Oc1ccccc1C)Oc1ccccc1C,,0.0,1.0,1.0,0.0,1.0,,1.0,0.0,0.0,0.0,
4270,CCC[C@@]1(CCc2ccccc2)CC(O)=C([C@H](CC)c2cccc(NS(=O)(=O)c3ccc(C(F)(F)F)cn3)c2)C(=O)O1,,0.0,,0.0,0.0,0.0,1.0,0.0,,0.0,0.0,0.0
4271,CCN(CC)C(=O)N[C@H]1C[C@@H]2c3cccc4[nH]cc(c34)C[C@H]2N(C)C1,,0.0,,0.0,0.0,1.0,0.0,1.0,0.0,0.0,0.0,
4275,C=CCN1CC[C@]23c4c5ccc(O)c4O[C@H]2C(=O)CC[C@@]3(O)[C@H]1C5.CI,,0.0,,0.0,0.0,0.0,0.0,,0.0,0.0,0.0,0.0
4276,Cl.c1ccc2c(CCC3CCNCC3)c[nH]c2c1,,0.0,,0.0,0.0,1.0,,0.0,0.0,0.0,0.0,0.0
4278,C[C@H]1CC[C@]2(NC1)O[C@H]1C[C@H]3[C@@H]4CC[C@H]5C[C@@H](O)CC[C@]5(C)[C@H]4CC[C@]3(C)[C@H]1[C@@H]2C.Cl,,0.0,,0.0,0.0,0.0,,0.0,0.0,0.0,0.0,0.0
4282,CCC(=O)N(c1ccccc1)[C@@H]1CCN(CCc2ccccc2)C[C@@H]1C.Cl,0.0,0.0,,,0.0,0.0,0.0,,,0.0,0.0,0.0
4293,CN1CCN(C(c2ccccc2)c2ccc(Cl)cc2)CC1.Cl,,0.0,,0.0,0.0,0.0,,0.0,0.0,0.0,0.0,0.0
4297,CN(C)CC/C=C1/c2ccccc2CSc2ccccc21.Cl,,0.0,,0.0,0.0,0.0,,0.0,0.0,1.0,0.0,0.0
4301,COc1cc(C[C@H](C)N)c(OC)cc1C.Cl,,0.0,,0.0,0.0,0.0,,0.0,0.0,0.0,0.0,0.0
4303,Cc1nc(-c2ccc3c(c2)CCN(CCC2CCC(NC(=O)/C=C/c4ccc(F)cc4)CC2)CC3)no1.Cl,1.0,0.0,,0.0,1.0,0.0,0.0,,,1.0,1.0,1.0
4304,CC(C)NC(C)Cc1ccc(I)cc1.Cl,,0.0,,0.0,0.0,0.0,,1.0,0.0,0.0,0.0,0.0
4308,Cl.O=C(C[C@@H]1NCCC[C@H]1O)Cn1cnc2cc(Br)c(Cl)cc2c1=O,,0.0,,0.0,0.0,,0.0,0.0,0.0,0.0,0.0,0.0
4309,CN(CC(=O)N1CCOCC1)Cc1c(Cl)cccc1NC(=O)c1ccccc1.Cl,,0.0,,0.0,0.0,1.0,,0.0,0.0,0.0,0.0,0.0
4314,CCN(CC)CC#CCOC(=O)C(O)(c1ccccc1)C1CCCCC1.Cl,,0.0,,0.0,0.0,0.0,,0.0,0.0,0.0,0.0,0.0
4319,CCCCC/C=C\CCC(=O)N[C@H]1[C@H](Oc2c3cc4cc2Oc2ccc(cc2Cl)[C@@H](O[C@@H]2O[C@H](CO)[C@@H](O)[C@H](O)[C@H]2NC(C)=O)[C@@H]2NC(=O)[C@H](NC(=O)[C@@H]4NC(=O)[C@H]4NC(=O)[C@@H](Cc5ccc(c(Cl)c5)O3)NC(=O)[C@@H](N)c3ccc(O)c(c3)Oc3cc(O)cc4c3)c3ccc(O)c(c3)-c3c(O[C@H]4O[C@H](CO)[C@@H](O)[C@H](O)[C@@H]4O)cc(O)cc3[C@H](C(=O)O)NC2=O)O[C@H](CO)[C@@H](O)[C@@H]1O,,0.0,,0.0,0.0,0.0,,0.0,0.0,0.0,0.0,0.0
4321,NS(=O)(=O)c1cc(Cl)c(Cl)c(S(N)(=O)=O)c1,,0.0,,0.0,0.0,0.0,0.0,0.0,,0.0,0.0,0.0
4327,N=C(NN=Cc1ccc(Cl)cc1)NN=Cc1ccc(Cl)cc1,,0.0,,0.0,0.0,1.0,0.0,0.0,0.0,,0.0,0.0
4331,CN1CCN(C2=Nc3ccccc3Cc3ccccc32)CC1,,0.0,,0.0,0.0,0.0,,0.0,0.0,0.0,0.0,0.0
4334,CN1CCC(OC(=O)C(Oc2ccc(Cl)cc2)Oc2ccc(Cl)cc2)CC1,,0.0,,0.0,0.0,0.0,,0.0,0.0,0.0,0.0,0.0
4335,CN1[C@@H]2CC[C@H]1C[C@@H](OC1c3ccccc3CCc3ccccc31)C2.O=C(O)CC(O)(CC(=O)O)C(=O)O,,0.0,,0.0,0.0,0.0,,0.0,0.0,0.0,0.0,0.0
4337,C=C[C@H]1C[N@]2CC[C@H]1C[C@H]2[C@H](OC(=O)OCC)c1ccnc2ccc(OC)cc12,,1.0,,0.0,0.0,,0.0,1.0,0.0,0.0,0.0,1.0
4342,FC(F)(F)COCC(F)(F)F,,0.0,,0.0,0.0,0.0,0.0,,0.0,0.0,0.0,0.0
4345,CC1(C)[C@@H]2CC[C@@]1(C)[C@H](OC(=O)CSC#N)C2,,0.0,,0.0,0.0,0.0,,0.0,0.0,0.0,0.0,0.0
4348,NC(=O)c1ccc[n+]([C@@H]2O[C@H](COP(=O)([O-])OP(=O)(O)OC[C@H]3O[C@@H](n4cnc5c(N)ncnc54)[C@H](O)[C@@H]3O)[C@@H](O)[C@H]2O)c1,,0.0,,,0.0,0.0,,0.0,0.0,0.0,0.0,0.0
4351,NC(Cc1ccccc1)C(=O)O,,0.0,,,0.0,0.0,0.0,,0.0,0.0,0.0,0.0
4352,Nc1ccc(-c2ccc(N)c(Cl)c2)cc1Cl,,1.0,1.0,,1.0,1.0,,1.0,0.0,1.0,1.0,0.0
4353,C/C(=C(\CCOC(=O)c1ccccc1)SS/C(CCOC(=O)c1ccccc1)=C(/C)N(C=O)Cc1cnc(C)nc1N)N(C=O)Cc1cnc(C)nc1N,,0.0,,0.0,0.0,0.0,0.0,,0.0,0.0,0.0,0.0
4360,O=C(c1ccc(O)cc1)c1ccc(Cl)cc1,0.0,0.0,1.0,,1.0,,,1.0,0.0,0.0,0.0,
4361,CC/C=C/C/C=C/C/C=C/CCCCCCCC(=O)OCC,,0.0,,,0.0,0.0,1.0,0.0,,0.0,0.0,0.0
4362,CCCCCCCCCC(=O)NO,,0.0,,,0.0,,0.0,0.0,0.0,1.0,0.0,0.0
4363,CCOC(=O)CC(=O)CCl,,0.0,0.0,,0.0,0.0,,0.0,1.0,,1.0,1.0
4365,Cn1cc(NC(=O)c2cc(NC(=O)c3cc(NC=O)cn3C)cn2C)cc1C(=O)NCCC(=N)N,,0.0,,0.0,0.0,0.0,0.0,,0.0,0.0,0.0,0.0
4369,C[C@]12N[C@H](Cc3ccccc31)c1ccccc12.O=C(O)/C=C\C(=O)O,,0.0,,0.0,0.0,0.0,,0.0,0.0,0.0,0.0,0.0
4370,CN1CC[C@@]23CCCC[C@@H]2[C@@H]1Cc1ccc(O)cc13.O=C(O)[C@H](O)[C@@H](O)C(=O)O,,1.0,,0.0,0.0,0.0,0.0,,0.0,0.0,0.0,0.0
4371,CC1(C)[C@@H](O[C@H]2O[C@H](C(=O)O)[C@@H](O)[C@H](O)[C@H]2O[C@@H]2O[C@H](C(=O)O)[C@@H](O)[C@H](O)[C@H]2O)CC[C@]2(C)[C@H]3C(=O)C=C4[C@@H]5C[C@@](C)(C(=O)O)CC[C@]5(C)CC[C@@]4(C)[C@]3(C)CC[C@@H]12,0.0,1.0,0.0,0.0,0.0,0.0,0.0,0.0,0.0,0.0,0.0,0.0
4376,Cc1cc(C(=O)O)c(C)n1-c1cccc(C(=O)O)c1.O=C1C[C@@H]2OCC=C3CN4CC[C@]56c7ccccc7N1[C@H]5[C@H]2[C@H]3C[C@H]46,,0.0,,0.0,0.0,0.0,0.0,,0.0,0.0,0.0,0.0
4379,O=C(O)c1cc2ccccc2c(Cc2c(O)c(C(=O)O)cc3ccccc23)c1O,,0.0,,0.0,1.0,1.0,,1.0,0.0,0.0,0.0,0.0
4391,O=C1O[Pt]2(N[C@@H]3CCCC[C@H]3N2)OC1=O,,0.0,,0.0,0.0,0.0,0.0,0.0,0.0,1.0,0.0,0.0
4392,C#CC1(O)CC[C@H]2[C@@H]3CCC4=CC(=O)CC[C@@H]4[C@H]3CC[C@@]21CC,0.0,1.0,1.0,1.0,1.0,0.0,,1.0,,0.0,0.0,1.0
4394,C[C@]12CC[C@@H]3c4ccc(O)cc4CC[C@H]3[C@@H]1CC[C@@H]2OP(=O)(O)O,,1.0,,0.0,1.0,0.0,0.0,1.0,0.0,0.0,0.0,
4396,CC(C)OP(=S)(OC(C)C)SCCNS(=O)(=O)c1ccccc1,0.0,0.0,1.0,,0.0,1.0,,,,0.0,0.0,0.0
4397,O=C(Nc1ccc(/C=C/c2ccc(NC(=O)c3cc(S(=O)(=O)O)c4cccnc4c3O)cc2S(=O)(=O)O)c(S(=O)(=O)O)c1)c1cc(S(=O)(=O)O)c2cccnc2c1O,,0.0,,0.0,0.0,0.0,,0.0,0.0,0.0,0.0,0.0
4398,O=C1/C(=C2\Nc3ccc(S(=O)(=O)O)cc3C2=O)Nc2ccc(S(=O)(=O)O)cc21,,0.0,,0.0,0.0,0.0,0.0,1.0,0.0,0.0,0.0,0.0
4399,Cc1ccc(S(=O)(=O)O)cc1.c1cc2c(c(NC3=NCCN3)c1)CCCC2,,0.0,,0.0,0.0,,0.0,0.0,0.0,0.0,0.0,0.0
4400,C/N=C(\NC)NCc1ccccc1.C/N=C(\NC)NCc1ccccc1.O=S(=O)(O)O,,0.0,,0.0,0.0,0.0,0.0,,0.0,0.0,0.0,0.0
4401,Cc1ccc(C2(O)CCN(CCCC(=O)c3ccc(F)cc3)CC2)cc1.O=S(=O)(O)O,,0.0,,0.0,0.0,0.0,0.0,0.0,,0.0,0.0,0.0
4404,CN(C)CCC(O)(c1ccccc1)c1ccccc1Cl,,0.0,,0.0,0.0,,0.0,0.0,0.0,0.0,0.0,0.0
4408,CCCCCCCCOC(=O)c1ccc(O)cc1,,0.0,0.0,,1.0,0.0,1.0,1.0,0.0,0.0,0.0,0.0
4409,COc1ccc(C[C@@H](C)NC[C@H](O)c2ccc(O)c(NC=O)c2)cc1.COc1ccc(C[C@@H](C)NC[C@H](O)c2ccc(O)c(NC=O)c2)cc1.O=C(O)/C=C/C(=O)O,,0.0,,0.0,0.0,0.0,0.0,0.0,0.0,0.0,,0.0
4411,COc1cc(CNC(=O)CCCC/C=C/C(C)C)ccc1O,0.0,0.0,1.0,1.0,0.0,0.0,0.0,0.0,0.0,0.0,0.0,0.0
4412,Oc1ccc(Cl)c2c1CCC2,,0.0,,0.0,0.0,,1.0,0.0,0.0,0.0,0.0,0.0
4413,Cc1cc(O)ccc1O,0.0,0.0,1.0,,0.0,1.0,0.0,0.0,,,,0.0
4422,CCCC(CCC)C(=O)O[C@H]1C[C@H]2CC[C@@H](C1)[N+]2(C)C.[Br-],,0.0,,0.0,0.0,0.0,0.0,0.0,0.0,0.0,0.0,0.0
4431,O=C([O-])c1nc(O)nc(O)n1.[K+],,0.0,,0.0,0.0,0.0,0.0,0.0,,0.0,0.0,0.0
4432,O=P([O-])([O-])OC[C@@]1(O)O[C@H](COP(=O)([O-])O)[C@@H](O)[C@@H]1O.[Na+].[Na+].[Na+],,0.0,,0.0,,0.0,0.0,1.0,0.0,0.0,0.0,0.0
4433,CN1c2c(O)nc(N)nc2NCC1CNc1ccc(C(=O)NC(CCC(=O)[O-])C(=O)[O-])cc1.[Na+].[Na+],,0.0,,0.0,0.0,0.0,,0.0,0.0,0.0,0.0,0.0
4434,O=C1/C(=C2\Nc3ccc(S(=O)(=O)[O-])cc3C2=O)Nc2ccc(S(=O)(=O)[O-])cc21.[Na+].[Na+],0.0,0.0,0.0,0.0,0.0,0.0,0.0,0.0,0.0,0.0,0.0,0.0
4438,CC(=O)O[C@H]1C[C@@]2(C)[C@@H](C[C@@H](O)[C@H]3[C@@]4(C)CC[C@@H](O)[C@@H](C)[C@@H]4CC[C@@]32C)/C1=C(\CCC=C(C)C)C(=O)[O-].[Na+],,0.0,,0.0,0.0,0.0,,0.0,0.0,0.0,0.0,0.0
4439,O=C(Cn1cnnn1)N[C@@H]1C(=O)N2C(C(=O)[O-])=C(CSc3nncs3)CS[C@H]12.[Na+],,0.0,,0.0,0.0,0.0,0.0,0.0,0.0,0.0,0.0,0.0
4441,CCCCCCCCCCCCCCCCCCOS(=O)(=O)[O-].[Na+],,0.0,,,0.0,0.0,0.0,0.0,0.0,,0.0,0.0
4443,CC(C)OC(=S)[S-].[Na+],1.0,0.0,0.0,,0.0,0.0,,,,0.0,0.0,0.0
4444,CC(=O)Nc1c(I)c(C(=O)[O-])c(I)c(N(C)C(C)=O)c1I.[Na+],,0.0,,0.0,0.0,,0.0,0.0,0.0,0.0,0.0,0.0
4446,O=C(NNCS(=O)(=O)[O-])c1ccncc1.[Na+],,0.0,,0.0,0.0,,0.0,0.0,0.0,0.0,0.0,0.0
4449,O=C1NCCN1c1ncc([N+](=O)[O-])s1,,0.0,,0.0,0.0,0.0,,0.0,0.0,0.0,0.0,0.0
4450,Cc1ccc2c(c1[N+](=O)[O-])C(=O)c1ccccc1C2=O,0.0,0.0,1.0,,0.0,1.0,1.0,1.0,,,0.0,
4452,[O-][n+]1cc[n+]([O-])c2ccccc21,,0.0,,0.0,0.0,,0.0,0.0,0.0,0.0,0.0,0.0
4454,Br.C[N+]1([O-])[C@@H]2C[C@@H](OC(=O)[C@H](CO)c3ccccc3)C[C@H]1[C@@H]1O[C@@H]12,,0.0,,0.0,0.0,0.0,0.0,0.0,0.0,0.0,0.0,0.0
4458,C[C@@H](CO)NC(=O)[C@@H]1C=C2c3cccc4[nH]cc(c34)C[C@H]2N(C)C1,,1.0,,0.0,0.0,0.0,,0.0,0.0,0.0,0.0,1.0
4459,COc1cc2c(c(OC)c1OC)-c1c(cc3c(c1OC)OCO3)C[C@@H](C)[C@](C)(O)C2,,0.0,,0.0,0.0,1.0,0.0,0.0,0.0,0.0,0.0,0.0
4462,CC(=O)OC(C)C(=O)OCC[N+](C)(C)C.CC(=O)OC(C)C(=O)OCC[N+](C)(C)C.O=S(=O)([O-])c1cccc2c(S(=O)(=O)[O-])cccc12,,0.0,,0.0,0.0,0.0,0.0,1.0,0.0,0.0,0.0,0.0
4463,CCCCCCCCCCCCCCCC(=O)OC[C@@H](COP(=O)([O-])OCC[N+](C)(C)C)OC(=O)CCCCCCCCCCCCCCC,,0.0,,0.0,0.0,,0.0,1.0,0.0,0.0,0.0,0.0
4464,CCCCCCCCCCCCCC(=O)OCC(COP(=O)([O-])OCC[N+](C)(C)C)OC(=O)CCCCCCCCCCCCC,,0.0,,0.0,0.0,,0.0,0.0,0.0,0.0,0.0,0.0
4465,C[Si](C)(C)O[Si](C)(C)C,0.0,0.0,0.0,0.0,0.0,0.0,0.0,0.0,0.0,0.0,0.0,0.0
4466,C[Sn](C)(Cl)Cl,1.0,0.0,1.0,,0.0,0.0,0.0,0.0,0.0,0.0,0.0,0.0
4468,C/C=C/C=C/C(=O)O,0.0,1.0,0.0,0.0,0.0,0.0,0.0,0.0,0.0,0.0,0.0,0.0
4474,COc1c(O[C@@H]2O[C@H](CO)[C@@H](O)[C@H](O)[C@H]2O)cc2c(c1OC)-c1ccc(SC)c(=O)cc1[C@@H](NC(C)=O)CC2,,0.0,,0.0,0.0,0.0,,0.0,0.0,0.0,0.0,0.0
4475,CC(=O)Oc1ccc2c3c1O[C@H]1[C@@H](OC(C)=O)C=C[C@H]4[C@@H](C2)N(C)CC[C@@]341,,0.0,,0.0,0.0,0.0,,0.0,0.0,0.0,0.0,0.0
4476,CC(=O)OC1CN2CCC1CC2,,0.0,,0.0,0.0,0.0,,0.0,0.0,0.0,0.0,0.0
4477,CC(=O)OCC(=O)[C@H]1CC[C@H]2[C@@H]3CC[C@H]4C[C@H](O)CC[C@]4(C)[C@H]3C(=O)C[C@]12C,,0.0,,0.0,0.0,,0.0,0.0,0.0,0.0,0.0,0.0
4480,CC(C)(O)[C@@H]1[C@H]2OC(=O)[C@@H]1[C@]1(O)C[C@H]3O[C@]34C(=O)O[C@H]2[C@]14C,,0.0,,0.0,0.0,,0.0,0.0,0.0,0.0,0.0,0.0
4481,CC(C)c1ncc([N+](=O)[O-])n1C,,0.0,,0.0,,0.0,0.0,0.0,0.0,0.0,0.0,0.0
4482,CC(C)CCCCCCCOP(=O)(Oc1ccccc1)Oc1ccccc1,0.0,0.0,,0.0,0.0,,,0.0,0.0,0.0,0.0,0.0
4483,CCOC(=O)c1cnc2cc(OCC(C)C)c(OCC(C)C)cc2c1O,,0.0,,0.0,0.0,,0.0,0.0,0.0,0.0,0.0,0.0
4488,Cc1cc(C(=O)NCCc2ccc(S(=O)(=O)NC(=O)NN3CCCCCC3)cc2)no1,,0.0,,0.0,0.0,,0.0,0.0,0.0,0.0,0.0,0.0
4489,Cc1ccc2c(ccc3ccccc32)c1,0.0,0.0,0.0,,0.0,,,,0.0,0.0,0.0,0.0
4491,Cc1ccc(S(=O)(=O)NC(=O)N[C@@H](C)Cc2ccccc2)cc1,,0.0,,0.0,0.0,,0.0,0.0,0.0,0.0,0.0,0.0
4498,Cc1cc(O)c2c(c1)C(=O)c1cc(O)cc(O)c1C2=O,0.0,0.0,1.0,,1.0,1.0,1.0,1.0,0.0,1.0,0.0,
4503,CCN(CC)N(O)N=O.CCNCC,,0.0,,0.0,0.0,0.0,0.0,,0.0,0.0,0.0,0.0
4511,CN[C@H](C)Cc1ccccc1.Cl,,0.0,,0.0,0.0,,0.0,0.0,0.0,0.0,0.0,0.0
4517,CCN1CCCC1CNC(=O)c1cc(S(=O)(=O)CC)ccc1OC.Cl,,0.0,,0.0,0.0,0.0,1.0,0.0,0.0,0.0,0.0,0.0
4519,Cl.Clc1ccc([C@@H]2C[C@H]3CC[C@@H]2N3)cn1,,0.0,,0.0,0.0,0.0,,0.0,0.0,0.0,0.0,0.0
4524,COc1ccc(C(=O)Nc2ccccc2CCC2CCCCN2C)cc1.Cl,,0.0,,0.0,0.0,0.0,0.0,,0.0,0.0,0.0,0.0
4525,COc1cc(C[C@@H]2NCCc3cc(O)c(O)cc32)cc(OC)c1OC.Cl,,0.0,,0.0,0.0,0.0,,0.0,0.0,0.0,0.0,0.0
4530,CO/N=C(\C(=O)N[C@@H]1C(=O)N2C(C(=O)O)=C(CSc3nnnn3C)CS[C@H]12)c1csc(N)n1.CO/N=C(\C(=O)N[C@@H]1C(=O)N2C(C(=O)O)=C(CSc3nnnn3C)CS[C@H]12)c1csc(N)n1.Cl,,0.0,,0.0,0.0,0.0,,0.0,0.0,0.0,0.0,0.0
4533,Cc1nccn1CC1CCc2c(c3ccccc3n2C)C1=O.Cl.O.O,,0.0,,0.0,0.0,,0.0,0.0,0.0,0.0,0.0,0.0
4536,Cc1cccc(C)c1NC(=O)C1CCCCN1C.Cl,,,,0.0,0.0,0.0,0.0,0.0,0.0,0.0,0.0,0.0
4538,Cl.O=C(O)CC/C=C\CC[C@@H]1[C@@H](N2CCCCC2)[C@@H](O)C[C@@H]1OCc1ccc(-c2ccccc2)cc1,,0.0,,0.0,0.0,0.0,,0.0,0.0,0.0,0.0,0.0
4546,Cc1c(COC(=O)C2C(/C=C(\Cl)C(F)(F)F)C2(C)C)cccc1-c1ccccc1,0.0,0.0,0.0,0.0,0.0,0.0,,0.0,0.0,0.0,0.0,0.0
4548,C[C@H]1[C@H](c2ccc(Cl)cc2)SC(=O)N1C(=O)NC1CCCCC1,0.0,0.0,1.0,0.0,0.0,0.0,,,,0.0,0.0,0.0
4550,NC(=O)OCC(O)COc1ccc(Cl)cc1,,0.0,,0.0,0.0,,0.0,0.0,0.0,0.0,0.0,0.0
4553,Oc1ccc(-c2ccccc2)c(Cl)c1,0.0,1.0,1.0,0.0,,,1.0,1.0,0.0,,0.0,0.0
4555,CCOCN(C(=O)CCl)c1c(C)cccc1CC,1.0,0.0,1.0,,0.0,0.0,,0.0,,0.0,0.0,0.0
4556,CC[C@H]1OC(=O)C[C@@H](O)[C@H](C)[C@@H](O[C@@H]2O[C@H](C)[C@@H](O)[C@H](N(C)C)[C@H]2O)[C@@H](CCN2C[C@H](C)C[C@H](C)C2)C[C@@H](C)C(=O)/C=C/C(C)=C/[C@@H]1CO[C@@H]1O[C@H](C)[C@@H](O)[C@@H](OC)[C@H]1OC,,,,0.0,0.0,0.0,0.0,0.0,0.0,0.0,0.0,0.0
4557,CC[C@H]1OC(=O)[C@H](C)[C@@H](O[C@H]2C[C@@](C)(OC)[C@@H](O)[C@H](C)O2)[C@H](C)[C@@H](O[C@@H]2O[C@H](C)C[C@H](N(C)C)[C@H]2O)[C@](C)(O)C[C@@H](C)C(=O)[C@H](C)[C@@H](O)[C@]1(C)O,,0.0,,0.0,,0.0,0.0,1.0,0.0,0.0,0.0,0.0
4565,CI.CN1[C@@H]2CC[C@H]1CC(OC(=O)c1c[nH]c3ccccc13)C2,,0.0,,0.0,0.0,,0.0,0.0,0.0,0.0,0.0,0.0
4566,CC[C@H]1[C@@H]2C[C@H]3[C@@H]4N(C)c5ccccc5[C@]45C[C@@H](C2[C@H]5O)N3[C@@H]1O,,0.0,,0.0,0.0,0.0,,0.0,0.0,0.0,0.0,0.0
4568,CNC1(c2ccccc2Cl)CCCCC1=O,,0.0,,0.0,0.0,0.0,0.0,0.0,0.0,0.0,0.0,0.0
4573,COc1ccc(CCNC[C@H](O)c2ccc(O)cc2)cc1OC,,0.0,,0.0,0.0,,0.0,0.0,0.0,0.0,0.0,0.0
4576,CC[C@H](C)COC(=O)/C=C/c1ccc(/N=C/c2ccc(OC)cc2)cc1,0.0,0.0,,,0.0,,,1.0,0.0,0.0,1.0,0.0
4578,CCN(CC)C(=O)C(Cl)=C(C)OP(=O)(OC)OC,0.0,0.0,0.0,0.0,0.0,0.0,0.0,0.0,0.0,0.0,0.0,0.0
4581,CS(=O)(=O)OCC(O)C(O)COS(C)(=O)=O,,0.0,,0.0,0.0,,0.0,0.0,0.0,0.0,0.0,0.0
4582,COc1cc(S(C)=O)ccc1-c1nc2ncccc2[nH]1,,0.0,,0.0,0.0,,0.0,0.0,0.0,0.0,0.0,0.0
4584,CCNC(C)Cc1cccc(C(F)(F)F)c1,,0.0,,0.0,0.0,0.0,,0.0,0.0,0.0,0.0,0.0
4587,O=C(CCCN1CCN2CCCC2C1)c1ccc(F)cc1,,0.0,,0.0,0.0,,0.0,0.0,0.0,0.0,0.0,0.0
4588,O=C(CCCN1CCN(c2ccc(F)cc2)CC1)NC1c2ccccc2CSc2ccccc21,0.0,0.0,,,0.0,0.0,,0.0,,0.0,0.0,0.0
4596,NCCCC[C@H](NC(=O)[C@@H]1CCCN1C(=O)[C@@H]1CSSC[C@H](N)C(=O)N[C@@H](Cc2ccc(O)cc2)C(=O)N[C@@H](Cc2ccccc2)C(=O)N[C@@H](CCC(N)=O)C(=O)N[C@@H](CC(N)=O)C(=O)N1)C(=O)NCC(N)=O,,0.0,,0.0,0.0,0.0,0.0,0.0,0.0,0.0,0.0,0.0
4599,CCCC(C)(COC(N)=O)COC(=O)NC1CC1,,0.0,,0.0,0.0,,0.0,0.0,0.0,0.0,0.0,0.0
4603,Nc1ccccc1O,0.0,0.0,1.0,,0.0,1.0,1.0,,,,0.0,0.0
4611,CC(=O)O[Al](O)OC(C)=O,0.0,0.0,0.0,0.0,0.0,0.0,0.0,1.0,0.0,0.0,0.0,0.0
4615,OC[C@H]1OC(O)[C@H](O)[C@@H](O)[C@H]1O,,0.0,,0.0,0.0,0.0,,0.0,0.0,0.0,0.0,0.0
4617,O=C(N[C@@H](Cc1ccccc1)[C@@H](O)C(=O)N1C[C@@H](O)[C@@H](O)C1)c1cc2cc(Cl)ccc2[nH]1,0.0,0.0,0.0,0.0,0.0,0.0,,,0.0,0.0,0.0,0.0
4618,OC[C@H]1O[C@H](O[C@@]2(CO)O[C@@H](O)[C@H](O)[C@@H]2O)[C@H](O)[C@@H](O)[C@@H]1O,,0.0,,0.0,0.0,,0.0,0.0,0.0,0.0,0.0,0.0
4624,CC(=O)Oc1cccc(C(=O)O)c1OC(C)=O,,0.0,,0.0,0.0,,0.0,0.0,0.0,0.0,0.0,0.0
4625,O=C(O)COc1ccc(C(=O)c2cccs2)c(Cl)c1Cl,,0.0,,0.0,0.0,0.0,0.0,0.0,0.0,0.0,0.0,0.0
4627,CCCCCCCCCCCCCCCC(=O)OCC(COC(=O)CCCCCCCCCCCCCCC)OC(=O)CCCCCCCCCCCCCCC,,0.0,,0.0,0.0,0.0,0.0,,0.0,0.0,0.0,0.0
4630,CCN(CC)C(=O)c1cccnc1,,0.0,,0.0,0.0,0.0,0.0,,0.0,0.0,0.0,0.0
4632,O=C(O)COc1ccccc1/C=N/NC(=O)c1ccncc1,,0.0,,0.0,0.0,,0.0,0.0,0.0,0.0,0.0,0.0
4639,O=C(NNCNNC(=O)c1ccncc1)c1ccncc1,,0.0,,0.0,0.0,1.0,,0.0,0.0,0.0,0.0,0.0
4640,Cc1ccc(/C(=C\CN2CCCC2)c2cccc(/C=C/C(=O)O)n2)cc1,,0.0,,0.0,0.0,0.0,,0.0,0.0,0.0,0.0,0.0
4644,O=C(O)[C@H](O)[C@@H](O)C(=O)O.c1cnc2cc3c(cc2n1)C1CNCC3C1,,0.0,,0.0,0.0,,0.0,0.0,0.0,0.0,0.0,0.0
4645,CCc1nn(C2CCCCC2)c2cc([C@]3(C#N)CC[C@@H](C(=O)O)CC3)ccc12,0.0,0.0,1.0,,,0.0,,0.0,1.0,1.0,,0.0
4649,CC(=O)N(CC(C)C(=O)O)c1c(I)cc(I)c(N)c1I,,0.0,,0.0,0.0,0.0,,0.0,0.0,0.0,0.0,0.0
4652,CC(=O)OCC1=C(C(=O)O)N2C(=O)[C@@H](NC(=O)Cc3ccccc3)[C@H]2SC1,,0.0,,0.0,0.0,,0.0,0.0,0.0,0.0,0.0,0.0
4659,COc1ccc(C(=O)CCC(=O)O)c2ccccc12,,0.0,,0.0,0.0,0.0,0.0,0.0,0.0,0.0,0.0,
4660,O=C(O)CCC(=O)O.c1ccc(C2(c3ccccc3)CC2C2=NCCN2)cc1,,0.0,,0.0,0.0,0.0,0.0,1.0,0.0,0.0,0.0,
4663,CCCCNC(=O)n1c(NC(=O)OC)nc2ccccc21,,0.0,0.0,,0.0,1.0,,,0.0,1.0,0.0,0.0
4664,O=C(OC1CN2CCC1CC2)c1ccccc1,,0.0,,0.0,0.0,0.0,0.0,0.0,0.0,0.0,0.0,0.0
4667,CCOC(=O)Cc1ccc(-c2ccccc2)cc1,,0.0,,0.0,0.0,,0.0,0.0,1.0,0.0,0.0,0.0
4669,O=C(OCc1ccccc1)c1cccnc1,,0.0,,0.0,0.0,0.0,,0.0,0.0,0.0,0.0,0.0
4671,CC(C)C[C@H](NC(=O)[C@@H](Cc1c[nH]c2ccccc12)NC(=O)[C@H](Cc1ccc(O)cc1)NC(=O)[C@H](CO)NC(=O)[C@H](Cc1c[nH]c2ccccc12)NC(=O)[C@H](Cc1c[nH]cn1)NC(=O)[C@@H]1CCC(=O)N1)C(=O)N[C@@H](CCCNC(=N)N)C(=O)N1CCC[C@@H]1C(=O)NCC(N)=O.O=C(O)c1cc2ccccc2c(Cc2c(O)c(C(=O)O)cc3ccccc23)c1O,,0.0,,0.0,0.0,0.0,,0.0,0.0,0.0,0.0,0.0
4672,CCC1(CC)C(=O)NC(=O)N(C)C1=O,,0.0,,0.0,0.0,,0.0,0.0,0.0,0.0,0.0,0.0
4674,CN1C(C(=O)Nc2ccccn2)C(=O)c2sc(Cl)cc2S1(=O)=O,,0.0,,0.0,0.0,0.0,1.0,0.0,0.0,0.0,0.0,
4681,Cc1ccc2c(c1)[C@]13CCCC[C@@H]1[C@H](C2)N(C)CC3.O=P(O)(O)O,,0.0,,0.0,0.0,,0.0,0.0,0.0,0.0,0.0,0.0
4682,CCC(C)(S(=O)(=O)CC)S(=O)(=O)CC,,0.0,,0.0,0.0,0.0,,0.0,0.0,0.0,0.0,0.0
4691,CCOc1ccc(S(=O)(=O)O)c2cccnc12,,0.0,,0.0,1.0,,0.0,1.0,0.0,0.0,0.0,0.0
4692,CO/N=C(\C(=O)N[C@@H]1C(=O)N2C(C(=O)[O-])=C(C[n+]3ccc(N)n3CCO)CS[C@H]12)c1csc(N)n1.O=S(=O)(O)O,,0.0,,0.0,0.0,,0.0,0.0,0.0,0.0,0.0,0.0
4693,CN[C@@H]1[C@H](O[C@H]2[C@H](O[C@H]3[C@H](O)[C@@H](O)[C@H](NC(=N)N)[C@@H](O)[C@@H]3NC(=N)N)O[C@@H](C)[C@]2(O)CO)O[C@@H](CO)[C@H](O)[C@H]1O.CN[C@@H]1[C@H](O[C@H]2[C@H](O[C@H]3[C@H](O)[C@@H](O)[C@H](NC(=N)N)[C@@H](O)[C@@H]3NC(=N)N)O[C@@H](C)[C@]2(O)CO)O[C@@H](CO)[C@H](O)[C@H]1O.O=S(=O)(O)O.O=S(=O)(O)O.O=S(=O)(O)O,,0.0,,0.0,0.0,0.0,,1.0,0.0,0.0,0.0,0.0
4695,CC1(C)S[C@@H]2[C@H](N)C(=O)N2[C@H]1C(=O)O,,0.0,,0.0,0.0,,0.0,0.0,0.0,0.0,0.0,0.0
4696,O=C1CC[C@@H](C(=O)N2CSC[C@H]2C(=O)O)N1,,,,0.0,0.0,0.0,0.0,0.0,0.0,0.0,0.0,0.0
4697,CC1(C)S[C@@H]2[C@H](NC(=O)C3(N)CCCCC3)C(=O)N2[C@H]1C(=O)O,,0.0,,0.0,0.0,0.0,,0.0,0.0,0.0,0.0,0.0
4701,CCCCc1ccc(C(=O)O)nc1,,0.0,,0.0,0.0,0.0,0.0,,0.0,0.0,0.0,0.0
4705,CC(C)OC(=O)C(O)(c1ccc(Cl)cc1)c1ccc(Cl)cc1,0.0,0.0,,,0.0,0.0,1.0,0.0,,,0.0,0.0
4707,Cc1c(O)c(=O)ccn1C,,0.0,,0.0,0.0,,0.0,0.0,0.0,0.0,0.0,0.0
4708,NC(=O)CN1CC(O)CC1=O,,0.0,,0.0,0.0,,0.0,0.0,0.0,0.0,0.0,0.0
4710,CC/C(=C(/CC)c1ccc(O)cc1)c1ccc(O)cc1,1.0,0.0,1.0,,1.0,0.0,1.0,1.0,0.0,1.0,0.0,0.0
4713,O=c1c(-c2ccc(O)cc2)coc2cc(O)ccc12,0.0,0.0,,,1.0,1.0,,1.0,0.0,0.0,1.0,
4716,CCCc1c(OCCCOc2ccc(OCC(=O)O)cc2)ccc(C(C)=O)c1O,0.0,0.0,,,0.0,0.0,0.0,0.0,1.0,,0.0,
4718,C[C@@H]1[C@@H]2Cc3ccc(O)cc3[C@@]1(C)CCN2CC1CC1,,0.0,,0.0,0.0,0.0,0.0,0.0,0.0,0.0,0.0,
4722,OCc1c[nH]c2ccccc12,,0.0,1.0,1.0,,1.0,1.0,,0.0,0.0,0.0,0.0
4724,OCCNCCO,0.0,0.0,0.0,0.0,0.0,0.0,0.0,0.0,0.0,0.0,0.0,0.0
4725,CC/C(=C(/CC)c1ccc(OP(=O)(O)O)cc1)c1ccc(OP(=O)(O)O)cc1,,0.0,,0.0,1.0,,0.0,1.0,0.0,0.0,0.0,0.0
4726,CCCCN(CCCC)C(=S)SSC(=S)N(CCCC)CCCC,1.0,0.0,,,0.0,0.0,,0.0,,0.0,0.0,0.0
4727,S=P(N1CC1)(N1CC1)N1CC1,0.0,0.0,,0.0,0.0,0.0,0.0,0.0,0.0,1.0,0.0,0.0
4728,CCCC[N+]1(C)CCCC1.[Cl-],0.0,0.0,0.0,0.0,0.0,0.0,0.0,0.0,0.0,0.0,0.0,0.0
4729,CC1=C(Br)C(=O)C(Br)=C/C1=C(\c1ccccc1S(=O)(=O)[O-])c1cc(Br)c(O)c(Br)c1C.[Na+],0.0,0.0,0.0,,0.0,,,,0.0,0.0,0.0,0.0
4730,O=[N+]([O-])c1cccc2cccc([N+](=O)[O-])c12,0.0,0.0,1.0,,0.0,1.0,,,0.0,0.0,0.0,
4731,O=[N+]([O-])c1cc[n+]([O-])cc1,0.0,0.0,,,0.0,,0.0,,0.0,0.0,0.0,0.0
4732,CC(C)=CCC/C(C)=C/CC/C(C)=C/CO,,0.0,,,0.0,0.0,0.0,,0.0,0.0,0.0,0.0
4734,CC(=O)OCC(C)C,0.0,,0.0,,0.0,0.0,0.0,,0.0,0.0,0.0,0.0
4735,CC(C)(N)CO,0.0,0.0,0.0,0.0,0.0,,0.0,0.0,0.0,0.0,0.0,0.0
4736,CCOC(=O)CCN(SN(C)C(=O)Oc1cccc2c1OC(C)(C)C2)C(C)C,,0.0,0.0,,0.0,0.0,,0.0,0.0,0.0,0.0,
4738,CCCCCOc1ccc(C2SC(=O)NC2=O)cc1OCC,0.0,0.0,0.0,,0.0,,,0.0,,0.0,0.0,0.0
4740,ClC1C(Cl)C(Cl)C(Cl)C(Cl)C1Cl,0.0,0.0,0.0,0.0,1.0,0.0,0.0,1.0,0.0,0.0,0.0,0.0
4741,C=C(C)C(=O)Nc1ccc(Cl)c(Cl)c1,0.0,0.0,1.0,,0.0,1.0,1.0,0.0,,1.0,0.0,0.0
4742,COS(=O)(=O)[O-].Cn1c(-c2ccccc2)cc(-c2ccccc2)[n+]1C,0.0,0.0,1.0,,0.0,0.0,0.0,,0.0,0.0,0.0,0.0
4743,COc1cc(NC(=O)CC(C)=O)c(OC)cc1Cl,0.0,0.0,,,0.0,1.0,0.0,0.0,0.0,0.0,0.0,0.0
4744,COc1ccc(C(c2ccc(OC)cc2)C(Cl)(Cl)Cl)cc1,,0.0,0.0,,,0.0,1.0,1.0,0.0,,0.0,0.0
4745,COc1ccc(Nc2ccc(OC)cc2)cc1,0.0,0.0,0.0,,0.0,,,1.0,0.0,,1.0,0.0
4746,CCNc1nc(NC(C)(C)C)nc(SC)n1,0.0,0.0,1.0,0.0,0.0,,1.0,0.0,0.0,0.0,0.0,0.0
4747,N#Cc1c[nH]cc1-c1cccc2c1OC(F)(F)O2,0.0,0.0,,1.0,1.0,1.0,,0.0,0.0,1.0,0.0,0.0
4751,CCCCCCOc1ccc(N)cc1,0.0,0.0,0.0,,0.0,1.0,,1.0,,,1.0,0.0
4752,C=CC(=O)OCCOC(=O)C=C,,0.0,1.0,0.0,1.0,0.0,0.0,1.0,1.0,,1.0,
4753,O=C(c1ccccc1)c1ccc(O)cc1O,0.0,0.0,1.0,0.0,1.0,0.0,,1.0,0.0,0.0,0.0,0.0
4754,CS(=O)(=O)c1ccc([C@@H](CC2CCCC2)C(=O)Nc2cnccn2)cc1Cl,0.0,0.0,1.0,,0.0,0.0,,,,0.0,0.0,0.0
4755,CC/C=C\C/C=C\C/C=C\CCCCCCCC(=O)O,1.0,0.0,1.0,0.0,0.0,0.0,0.0,0.0,1.0,0.0,0.0,0.0
4758,O=Cc1cc(O)ccc1Br,0.0,0.0,,,0.0,0.0,,1.0,,0.0,0.0,0.0
4760,CCCOC(=O)c1cc(O)c(O)c(O)c1,0.0,0.0,1.0,0.0,1.0,1.0,1.0,1.0,0.0,0.0,0.0,0.0
4761,CCC(C)OC(=O)c1ccc(O)cc1,0.0,0.0,0.0,,1.0,1.0,,1.0,0.0,0.0,0.0,0.0
4764,Oc1ccc(-c2ccccc2)cc1,0.0,0.0,1.0,,1.0,0.0,,1.0,0.0,0.0,1.0,0.0
4765,O=c1cc(-c2ccc(O)cc2)oc2cc(O)cc(O)c12,0.0,0.0,1.0,,1.0,1.0,1.0,1.0,,1.0,1.0,0.0
4767,Oc1ccccc1O,0.0,0.0,1.0,,1.0,1.0,0.0,0.0,0.0,0.0,0.0,0.0
4769,O=C1c2cccc(O)c2C(=O)c2c(O)cc(CO)cc21,0.0,0.0,1.0,,0.0,0.0,1.0,,,,0.0,0.0
4770,[Cu]I,1.0,0.0,,0.0,0.0,0.0,0.0,,0.0,0.0,0.0,0.0
4771,Nc1cc(S(=O)(=O)[O-])cc2cc(S(=O)(=O)O)cc(O)c12.O.[Na+],0.0,0.0,,,0.0,,0.0,0.0,,0.0,0.0,0.0
4772,O=[N+]([O-])c1ccc(Oc2ccc(C(F)(F)F)cc2[N+](=O)[O-])cc1,,0.0,,,0.0,1.0,1.0,,0.0,0.0,0.0,0.0
4773,BrCC(Br)(Br)Br,1.0,0.0,,,0.0,0.0,,0.0,0.0,1.0,,0.0
4774,CO[C@@H]1[C@H](OC(=O)NC(=O)CCl)CC[C@]2(CO2)[C@H]1[C@@]1(C)O[C@@H]1CC=C(C)C,1.0,0.0,1.0,,,0.0,0.0,0.0,1.0,1.0,,
4776,C/C(Cl)=C/CCl,0.0,,,,0.0,0.0,0.0,,0.0,0.0,0.0,0.0
4777,CC(C=O)=Cc1ccccc1,0.0,,0.0,,0.0,0.0,0.0,0.0,0.0,0.0,0.0,
4779,CC(C)(C)c1ccc(OP(=O)(Oc2ccccc2)Oc2ccccc2)cc1,0.0,0.0,1.0,0.0,0.0,,,,0.0,0.0,0.0,0.0
4780,C=C(C)C1CC=C(C)CC1,0.0,1.0,0.0,0.0,0.0,0.0,0.0,0.0,0.0,0.0,0.0,0.0
4782,CCc1cccc(C)c1N,0.0,0.0,0.0,0.0,0.0,,0.0,0.0,0.0,0.0,0.0,0.0
4784,ClC1=C(Cl)[C@]2(Cl)[C@@H]3[C@H]4C[C@H]([C@@H]5O[C@H]45)[C@@H]3[C@@]1(Cl)C2(Cl)Cl,,0.0,,1.0,0.0,0.0,1.0,,0.0,0.0,0.0,0.0
4786,Clc1cc(C(Cl)(Cl)Cl)cnc1Cl,,0.0,,,0.0,0.0,,0.0,0.0,0.0,1.0,0.0
4789,CN(C)c1ccc(C2(c3ccc(N(C)C)cc3)OC(=O)c3cc(N(C)C)ccc32)cc1,,0.0,,0.0,1.0,0.0,1.0,0.0,,1.0,0.0,1.0
4790,CS/C(C)=N/OC(=O)N(C)SN(C)C(=O)O/N=C(\C)SC,,0.0,,,0.0,0.0,0.0,0.0,0.0,,0.0,0.0
4793,Nc1ccc(-c2ccc(F)cc2)cc1,0.0,0.0,,,0.0,1.0,,1.0,0.0,0.0,,0.0
4794,O.O.O=c1c(O)c(-c2ccc(O)cc2O)oc2cc(O)cc(O)c12,0.0,0.0,0.0,0.0,0.0,,,,0.0,0.0,0.0,0.0
4795,O=C(/C=C/C=C/c1ccc2c(c1)OCO2)N1CCCCC1,0.0,0.0,1.0,,0.0,1.0,,1.0,0.0,0.0,1.0,0.0
4796,O=C(c1ccccc1)c1cccc(O)c1,0.0,,,,1.0,,1.0,1.0,0.0,0.0,0.0,0.0
4797,O=C(c1ccc(O)cc1O)c1ccc(O)cc1O,1.0,0.0,0.0,0.0,1.0,1.0,1.0,1.0,0.0,1.0,0.0,0.0
4801,C=CC(=O)OCCC(=O)O,0.0,0.0,1.0,0.0,0.0,0.0,0.0,0.0,,0.0,0.0,0.0
4802,COC(=O)C(C)Oc1ccc(Oc2ncc(C(F)(F)F)cc2Cl)cc1,0.0,0.0,0.0,0.0,0.0,0.0,0.0,,0.0,0.0,0.0,0.0
4804,O=C1c2ccccc2Cc2ccccc21,0.0,,0.0,,,,1.0,1.0,0.0,0.0,0.0,0.0
4805,O=P(Oc1ccccc1)(Oc1ccccc1)Oc1ccccc1,0.0,0.0,1.0,0.0,0.0,,1.0,1.0,0.0,0.0,0.0,0.0
4806,CC(C)(C)C(O)(CCc1ccc(Cl)cc1)Cn1cncn1,0.0,0.0,0.0,1.0,0.0,0.0,1.0,0.0,0.0,0.0,0.0,0.0
4807,O=C(O[C@@H]1Cc2c(O)cc(O)cc2O[C@@H]1c1cc(O)c(O)c(O)c1)c1cc(O)c(O)c(O)c1,0.0,1.0,0.0,0.0,0.0,0.0,0.0,0.0,,0.0,0.0,0.0
4808,Oc1cc(Cl)cc(Cl)c1Cl,0.0,0.0,1.0,0.0,0.0,1.0,1.0,,,,0.0,0.0
4809,CCCCCCCCCc1ccc(O)cc1,0.0,0.0,,,0.0,0.0,,1.0,0.0,0.0,0.0,0.0
4810,Oc1cc2c(cc1O)[C@H]1c3ccc(O)c(O)c3OC[C@@]1(O)C2,,0.0,0.0,,0.0,0.0,0.0,,0.0,0.0,0.0,
4813,OCc1c2ccccc2cc2ccccc12,0.0,0.0,,,0.0,,1.0,1.0,,0.0,0.0,0.0
4814,S=C=NCc1ccccc1,1.0,0.0,,0.0,0.0,,1.0,0.0,,1.0,0.0,0.0
4818,CCC(CC)Nc1c([N+](=O)[O-])cc(C)c(C)c1[N+](=O)[O-],0.0,0.0,0.0,1.0,0.0,0.0,1.0,1.0,0.0,0.0,0.0,0.0
4819,C[NH+](C)CCC(c1ccc(Cl)cc1)c1ccccn1.O=C([O-])/C=C\C(=O)O,0.0,0.0,0.0,0.0,0.0,0.0,0.0,0.0,0.0,0.0,0.0,0.0
4821,c1ccc2sc(SNC3CCCCC3)nc2c1,1.0,0.0,1.0,,0.0,1.0,1.0,,0.0,0.0,0.0,0.0
4822,c1ccc([Bi](c2ccccc2)c2ccccc2)cc1,,0.0,,0.0,0.0,0.0,,1.0,0.0,0.0,0.0,0.0
4824,CC(=O)c1ccc2c(c1)Cc1ccccc1-2,0.0,0.0,1.0,,,1.0,,1.0,0.0,0.0,0.0,0.0
4825,CC(C)(N=C=O)c1cccc(C(C)(C)N=C=O)c1,0.0,0.0,0.0,0.0,0.0,0.0,0.0,,0.0,0.0,0.0,0.0
4827,CC(COc1ccc(Oc2ccccc2)cc1)Oc1ccccn1,0.0,0.0,1.0,,0.0,,,,0.0,0.0,0.0,0.0
4830,Cc1ccccc1C(=O)O,0.0,,0.0,,0.0,0.0,0.0,0.0,0.0,0.0,0.0,
4831,CC1=CCC2C(C1)C2(C)C,,0.0,,,0.0,0.0,,0.0,0.0,0.0,0.0,0.0
4832,Cc1cc(Cc2ccc(N)c(C)c2)ccc1N,0.0,0.0,0.0,0.0,0.0,,0.0,0.0,0.0,0.0,0.0,0.0
4833,CCCCCCCCCCCCS,0.0,0.0,0.0,0.0,0.0,0.0,0.0,0.0,0.0,0.0,0.0,0.0
4834,CCCCN(CCCC)SN(C)C(=O)Oc1cccc2c1OC(C)(C)C2,1.0,0.0,0.0,,0.0,1.0,,1.0,,0.0,0.0,0.0
4835,CCN(CC)C(=O)C(C)Oc1cccc2ccccc12,0.0,0.0,0.0,1.0,0.0,1.0,0.0,0.0,0.0,0.0,0.0,0.0
4836,CCCCc1c(C)nc(NCC)nc1OS(=O)(=O)N(C)C,0.0,0.0,1.0,,0.0,1.0,,,0.0,0.0,0.0,
4839,Cl[Sb](Cl)Cl,1.0,0.0,1.0,0.0,0.0,0.0,1.0,0.0,,1.0,0.0,
4841,ClC/C=C/CCl,0.0,,1.0,,0.0,0.0,0.0,0.0,0.0,0.0,0.0,
4842,Nc1c(Cl)cc([N+](=O)[O-])cc1Cl,0.0,0.0,0.0,0.0,0.0,0.0,1.0,0.0,0.0,0.0,0.0,0.0
4843,CC(C)(c1cc(Cl)c(O)c(Cl)c1)c1cc(Cl)c(O)c(Cl)c1,1.0,0.0,1.0,0.0,1.0,0.0,1.0,1.0,,,0.0,0.0
4844,CON(C)C(=O)Nc1ccc(Br)c(Cl)c1,0.0,0.0,,,0.0,1.0,,,0.0,0.0,0.0,0.0
4845,CC(C)OC(=O)Nc1cccc(Cl)c1,0.0,0.0,0.0,,0.0,,,0.0,0.0,0.0,1.0,0.0
4846,Clc1ccc2[nH]nnc2c1,,0.0,0.0,0.0,,0.0,0.0,0.0,,0.0,0.0,0.0
4848,CN1C(=S)CN=C(c2ccccc2)c2cc(Cl)ccc21,0.0,0.0,0.0,,0.0,0.0,,,0.0,0.0,,0.0
4849,CCc1cc2c(s1)-n1c(C)nnc1CN=C2c1ccccc1Cl,0.0,0.0,0.0,,0.0,,,,0.0,0.0,1.0,0.0
4850,CCN(CCC#N)c1ccc(N=Nc2c(Cl)cc([N+](=O)[O-])cc2Cl)cc1,0.0,0.0,1.0,,0.0,,,0.0,0.0,,0.0,0.0
4851,CCOC1Oc2ccc(OS(C)(=O)=O)cc2C1(C)C,0.0,0.0,1.0,0.0,,,0.0,,0.0,0.0,0.0,0.0
4852,O=C(O)C(F)(F)C(F)(F)C(F)(F)C(F)(F)C(F)(F)C(F)(F)C(F)(F)C(F)(F)C(F)(F)C(F)(F)F,0.0,0.0,,,0.0,,,0.0,0.0,0.0,0.0,0.0
4853,O=S(=O)(O)C(F)(F)C(F)(F)C(F)(F)C(F)(F)C(F)(F)C(F)(F)C(F)(F)C(F)(F)F,0.0,0.0,,,0.0,0.0,,0.0,0.0,,0.0,0.0
4854,Fc1ccc(C2(Cn3cncn3)OC2c2ccccc2Cl)cc1,0.0,0.0,0.0,1.0,0.0,,,0.0,,0.0,0.0,0.0
4855,N#C/C=C/C#N,,0.0,1.0,,1.0,0.0,,0.0,,0.0,1.0,1.0
4857,Nc1ccc(/N=N/c2ccc(N)cc2)cc1,0.0,,1.0,,0.0,,1.0,0.0,,0.0,1.0,0.0
4858,Cc1cc([N+](=O)[O-])c(O)c([N+](=O)[O-])c1,0.0,0.0,1.0,0.0,0.0,,1.0,,0.0,0.0,0.0,
4860,Cc1cc(C(F)(C(F)(F)F)C(F)(F)F)ccc1NC(=O)c1cccc(I)c1C(=O)NC(C)(C)CS(C)(=O)=O,1.0,0.0,,0.0,0.0,0.0,1.0,,,0.0,0.0,0.0
4863,CCOC(=O)NCCOc1ccc(Oc2ccccc2)cc1,0.0,0.0,1.0,,,0.0,,,0.0,0.0,0.0,0.0
4864,CCCCOC(=O)c1ccccc1C(=O)OCC(CC)CCCC,0.0,0.0,0.0,0.0,0.0,0.0,,0.0,,,0.0,0.0
4865,CN1CCCC1=O,0.0,0.0,0.0,0.0,0.0,0.0,0.0,0.0,0.0,0.0,0.0,0.0
4867,Nc1cnn([C@@H]2O[C@H](CO)[C@@H](O)[C@H]2O)c(=O)n1,0.0,0.0,0.0,0.0,0.0,0.0,,0.0,,1.0,0.0,0.0
4870,O=c1cccccc1O,,0.0,,1.0,0.0,0.0,,0.0,0.0,0.0,0.0,0.0
4872,CC(C)(C)c1ccc(O)c(O)c1,1.0,0.0,1.0,1.0,,1.0,1.0,1.0,0.0,0.0,0.0,0.0
4873,Oc1ccc2c(c1)OCO2,0.0,1.0,0.0,,,0.0,0.0,,,0.0,0.0,1.0
4874,O=S(=O)([O-])C(F)(F)C(F)(F)C(F)(F)C(F)(F)C(F)(F)C(F)(F)C(F)(F)C(F)(F)F.[K+],,0.0,0.0,,0.0,0.0,,0.0,0.0,,0.0,0.0
4875,O=[N+]([O-])C(Br)Br,0.0,0.0,1.0,,0.0,,1.0,0.0,0.0,,,0.0
4876,COC(=O)C(Br)CBr,0.0,0.0,,,0.0,0.0,0.0,0.0,,0.0,,0.0
4877,OCC(CBr)(CBr)CBr,,0.0,,,0.0,,0.0,0.0,0.0,0.0,0.0,0.0
4878,c1ccc2cc3ccccc3cc2c1,0.0,0.0,0.0,,0.0,,1.0,,0.0,0.0,0.0,0.0
4879,c1ccc(-c2ccccn2)nc1,,0.0,,0.0,0.0,,0.0,0.0,0.0,0.0,0.0,0.0
4880,CC(C)c1ccc(O)c(C(C)C)c1,0.0,0.0,,,0.0,0.0,1.0,0.0,0.0,,0.0,0.0
4882,CCCC[N+]1(C)CCCC1.N#CN=C=[N-],0.0,0.0,0.0,0.0,0.0,,0.0,,,0.0,0.0,0.0
4883,CCCCCCC/C=C/C=O,0.0,0.0,,0.0,0.0,,0.0,0.0,0.0,0.0,0.0,
4884,CCO[Si](CCCSSSSCCC[Si](OCC)(OCC)OCC)(OCC)OCC,0.0,0.0,,,0.0,0.0,,0.0,,0.0,0.0,0.0
4885,CCOc1ccc(NC(C)=O)cc1N,,0.0,0.0,,0.0,1.0,,,0.0,0.0,0.0,0.0
4886,Cl.Cn1c(=O)cc(Oc2ccc(F)cc2F)c2cnc(NCC(C)(C)O)nc21,0.0,0.0,1.0,0.0,0.0,0.0,,,,0.0,0.0,0.0
4887,CC(C)NCC(O)COc1cccc2ccccc12.Cl,0.0,0.0,0.0,0.0,0.0,0.0,,1.0,0.0,0.0,0.0,0.0
4888,Cl.Cl.Nc1ccc(O)c(N)c1,0.0,0.0,0.0,0.0,0.0,0.0,1.0,,0.0,0.0,0.0,0.0
4889,COc1cc(C[C@@H](C)N)c(OC)cc1C.Cl,0.0,0.0,,0.0,,0.0,0.0,,0.0,0.0,0.0,0.0
4890,Cl/C=C\Cl,,0.0,,,0.0,0.0,0.0,0.0,0.0,0.0,0.0,0.0
4892,COP(=S)(OC)Oc1nc(Cl)c(Cl)cc1Cl,0.0,0.0,0.0,0.0,0.0,,1.0,0.0,,0.0,0.0,
4893,Clc1ccc(C(Cl)(Cl)Cl)cc1Cl,,0.0,,,0.0,1.0,,0.0,0.0,0.0,0.0,0.0
4896,COc1c2ccoc2cc2oc(=O)ccc12,0.0,0.0,0.0,,0.0,1.0,0.0,0.0,0.0,0.0,0.0,0.0
4898,COc1ccccc1/C=C/C=O,0.0,0.0,0.0,,0.0,0.0,0.0,0.0,0.0,0.0,0.0,0.0
4899,O=C(Nc1ccc2c(c1)Cc1ccccc1-2)C(F)(F)F,0.0,0.0,,,0.0,1.0,,,0.0,0.0,0.0,0.0
4901,Nc1ccc([N+](=O)[O-])cc1N,,0.0,1.0,0.0,1.0,1.0,1.0,1.0,0.0,0.0,0.0,0.0
4902,CCCCCCCCOCCCN,0.0,0.0,,0.0,0.0,0.0,,,0.0,0.0,0.0,0.0
4903,Nc1ccc([N+](=O)[O-])cc1[N+](=O)[O-],0.0,0.0,,,0.0,,1.0,0.0,0.0,0.0,0.0,0.0
4904,O=[N+]([O-])c1ccc(O)cc1,0.0,0.0,0.0,0.0,0.0,0.0,1.0,0.0,0.0,0.0,0.0,1.0
4905,O=C(CBr)c1ccc(O)cc1,,0.0,,,0.0,0.0,,0.0,0.0,0.0,0.0,0.0
4906,CS(=O)(=O)O.Cc1nccn1-c1ccc(Sc2cccc(C3(C(N)=O)CCOCC3)c2)cc1,0.0,0.0,1.0,1.0,,0.0,0.0,,,0.0,0.0,0.0
4907,CC(C)(O)C(=O)Nc1ccc([N+](=O)[O-])c(C(F)(F)F)c1,0.0,1.0,1.0,0.0,0.0,0.0,1.0,,0.0,,0.0,0.0
4908,O=C(Nc1cccc2c(=O)cc(-c3nnn[nH]3)oc12)c1ccc(OCCCCc2ccccc2)cc1,0.0,0.0,,0.0,0.0,,,0.0,0.0,0.0,0.0,0.0
4909,O=C(O)/C=C/C(=O)O.OCCOCCN1CCN(C2=Nc3ccccc3Sc3ccccc32)CC1.OCCOCCN1CCN(C2=Nc3ccccc3Sc3ccccc32)CC1,0.0,0.0,,0.0,0.0,0.0,,1.0,,0.0,0.0,0.0
4911,CNC(=O)Oc1cc(C)c(N(C)C)c(C)c1,0.0,0.0,,0.0,0.0,,0.0,,0.0,0.0,0.0,0.0
4912,CCC(=O)Oc1ccc(/C(CC)=C(\CC)c2ccc(OC(=O)CC)cc2)cc1,,0.0,,,1.0,0.0,1.0,1.0,0.0,1.0,0.0,0.0
4913,O=C(Oc1ccccc1)c1ccc2ccccc2c1O,0.0,0.0,0.0,,0.0,,,,0.0,0.0,1.0,0.0
4914,O=Cc1ccc(Cl)cc1,0.0,,0.0,,0.0,0.0,,0.0,0.0,0.0,0.0,
4916,CCCCCCCCCCCCCCCC(=O)OC[C@H](O)[C@H]1OC(=O)C(O)=C1O,,0.0,,0.0,0.0,0.0,0.0,0.0,0.0,0.0,0.0,0.0
4917,CCCC(=O)c1cc(O)c(O)cc1O,1.0,0.0,,0.0,0.0,,,0.0,0.0,0.0,0.0,0.0
4919,CCN(CC)c1cccc(O)c1,0.0,0.0,,0.0,,1.0,,1.0,0.0,0.0,0.0,0.0
4920,CCCCCCn1cc[n+](C)c1.[Cl-],0.0,0.0,1.0,0.0,0.0,0.0,,,0.0,,0.0,0.0
4921,[Cl-].c1ccc(C[n+]2cccc3ccccc32)cc1,0.0,0.0,1.0,0.0,0.0,,,,0.0,0.0,0.0,0.0
4922,O=S(=O)([O-])C(F)(F)C(F)(F)C(F)(F)C(F)(F)C(F)(F)C(F)(F)C(F)(F)C(F)(F)F.[Li+],0.0,0.0,,,0.0,0.0,,0.0,0.0,,0.0,0.0
4923,CCCCCCCCCCCCCCOS(=O)(=O)[O-].[Na+],,0.0,,0.0,0.0,0.0,0.0,0.0,0.0,0.0,0.0,0.0
4924,CCOP(=O)(OCC)Oc1ccc([N+](=O)[O-])cc1,0.0,0.0,,1.0,0.0,0.0,0.0,0.0,0.0,0.0,0.0,0.0
4925,CCCCCC[N+](=O)[O-],0.0,,0.0,0.0,0.0,0.0,0.0,,0.0,0.0,0.0,
4926,OCC(Br)=C(Br)CO,0.0,0.0,0.0,0.0,0.0,,,,0.0,0.0,0.0,0.0
4927,BrCc1cccc(Oc2ccccc2)c1,0.0,0.0,,0.0,,0.0,,1.0,0.0,0.0,0.0,0.0
4928,C1CCCC1,0.0,,0.0,,0.0,0.0,0.0,,0.0,0.0,0.0,0.0
4929,CC(C)[C@@H]1CC[C@@H](C)C[C@H]1O,0.0,0.0,0.0,0.0,0.0,0.0,0.0,0.0,0.0,0.0,0.0,0.0
4930,Cc1cc(SC2=C(O)C[C@@](CCc3ccc(N)cc3)(C(C)C)OC2=O)c(C(C)(C)C)cc1CO,0.0,0.0,0.0,0.0,0.0,0.0,0.0,0.0,,0.0,0.0,
4931,CC(C)CCCCCCCOC(=O)CCCCC(=O)OCCCCCCCC(C)C,0.0,0.0,0.0,0.0,0.0,0.0,0.0,,0.0,0.0,0.0,0.0
4933,Cc1ccc(N(C)C)cc1,0.0,0.0,0.0,,0.0,1.0,0.0,1.0,0.0,0.0,0.0,0.0
4934,CCCCC,,0.0,0.0,0.0,0.0,,,0.0,0.0,0.0,0.0,0.0
4935,CCCCCCCCO,0.0,0.0,0.0,0.0,0.0,0.0,0.0,0.0,0.0,0.0,0.0,0.0
4937,CCOP(=S)(OCC)Oc1cc(C)nc(N(CC)CC)n1,0.0,0.0,,,0.0,1.0,,,0.0,0.0,0.0,0.0
4938,CCCCCCCC[Si](OCC)(OCC)OCC,0.0,,0.0,,,0.0,0.0,,0.0,0.0,0.0,0.0
4939,CCOc1cc(OCC)c(C(C)=O)cc1OCC,0.0,0.0,0.0,,0.0,,,,0.0,0.0,0.0,0.0
4940,CCOP(=S)(OCC)OC(Cl)C(Cl)(Cl)Cl,0.0,0.0,,1.0,0.0,0.0,1.0,,0.0,,0.0,0.0
4941,COc1cc(C[C@@H](C)N)c(OC)cc1Br.Cl,0.0,0.0,,1.0,0.0,0.0,,0.0,,0.0,0.0,0.0
4942,Cl.NC1CCCCC1,0.0,0.0,0.0,0.0,0.0,,0.0,0.0,0.0,0.0,0.0,0.0
4943,CCCOC(=O)c1c(Cl)c(Cl)c(Cl)c(Cl)c1C(=O)OCCC,0.0,0.0,,0.0,0.0,,,0.0,0.0,0.0,0.0,0.0
4944,COP(=S)(OC)Oc1ccc([N+](=O)[O-])cc1Cl,0.0,0.0,,0.0,0.0,1.0,,0.0,0.0,0.0,0.0,
4945,O=C(O)CCCOc1ccc(Cl)cc1Cl,0.0,0.0,0.0,,0.0,,,0.0,0.0,0.0,0.0,
4946,CCCSP(=S)(OCC)Oc1ccc(Cl)cc1Cl,0.0,0.0,,0.0,,1.0,,1.0,0.0,0.0,0.0,0.0
4948,CCOC(=O)COC(=O)c1cc(Oc2ccc(C(F)(F)F)cc2Cl)ccc1[N+](=O)[O-],0.0,0.0,0.0,1.0,0.0,0.0,,,0.0,0.0,0.0,
4949,O=C(N[C@H]1N=C(c2ccccc2F)c2cccc3c2N(CC3)C1=O)c1cc2ccccc2[nH]1,0.0,0.0,0.0,0.0,0.0,1.0,0.0,,0.0,,0.0,0.0
4951,c1ccc(NNc2ccccc2)cc1,0.0,0.0,0.0,0.0,0.0,,0.0,1.0,0.0,0.0,0.0,0.0
4953,Cc1ccc(N)cc1N,0.0,0.0,,0.0,0.0,1.0,1.0,0.0,0.0,0.0,0.0,0.0
4955,Nc1ccc(Cl)c(N)c1,0.0,0.0,,0.0,0.0,1.0,0.0,0.0,0.0,0.0,0.0,0.0
4956,CCn1c2ccccc2c2cc(N)ccc21,1.0,0.0,1.0,0.0,0.0,1.0,1.0,0.0,0.0,1.0,0.0,0.0
4958,O.O.O=[N+]([O-])c1ccc(S(=O)(=O)O)c([N+](=O)[O-])c1,0.0,,1.0,,0.0,,0.0,0.0,0.0,0.0,0.0,0.0
4959,O=C(O)C(=O)Cc1ccccc1,,0.0,1.0,0.0,0.0,0.0,0.0,0.0,0.0,0.0,0.0,
4960,NC(=O)c1ccccc1C(N)=O,0.0,0.0,,0.0,0.0,,,0.0,0.0,0.0,0.0,0.0
4963,CN(C1CCCCC1)S(=O)(=O)c1ccccc1N,0.0,0.0,0.0,0.0,,0.0,,,0.0,0.0,0.0,0.0
4965,Nc1cc([N+](=O)[O-])ccc1C(=O)O,0.0,0.0,1.0,0.0,0.0,1.0,1.0,1.0,0.0,0.0,0.0,0.0
4969,CC(O)C(=O)[O-].CC(O)C(=O)[O-].[Ca+2],0.0,0.0,0.0,0.0,0.0,0.0,0.0,0.0,0.0,0.0,0.0,0.0
4970,CCCC[P+](CCCC)(CCCC)CCCC.[Cl-],0.0,0.0,0.0,0.0,0.0,0.0,0.0,0.0,0.0,,0.0,0.0
4971,CCCCCCn1cc[n+](C)c1.[I-],0.0,0.0,1.0,0.0,0.0,0.0,,,0.0,,0.0,0.0
4972,O=S(=O)([O-])c1cc(S(=O)(=O)[O-])c2c(/N=N/c3ccccc3)c(O)ccc2c1.[Na+].[Na+],0.0,0.0,0.0,0.0,0.0,0.0,,0.0,0.0,0.0,0.0,0.0
4973,[N-]=[N+]=C1C=Cc2c(cccc2S(=O)(=O)[O-])C1=O.[Na+],0.0,0.0,0.0,0.0,0.0,0.0,,,0.0,0.0,,0.0
4974,ClC(Cl)Br,0.0,,0.0,0.0,0.0,0.0,0.0,,0.0,0.0,0.0,
4975,CN=C=S,0.0,0.0,0.0,0.0,0.0,0.0,0.0,0.0,0.0,0.0,0.0,0.0
4976,C=Cc1ccccc1,0.0,0.0,0.0,0.0,0.0,0.0,0.0,0.0,0.0,0.0,0.0,0.0
4977,c1ccc2c(c1)CCCC2,0.0,0.0,0.0,0.0,0.0,0.0,0.0,0.0,0.0,0.0,0.0,0.0
4979,CNC(=O)N(C)c1nnc(C(C)(C)C)s1,0.0,0.0,0.0,0.0,0.0,0.0,0.0,0.0,0.0,0.0,0.0,0.0
4980,CC(O)COCC(C)O,0.0,0.0,0.0,0.0,0.0,0.0,0.0,0.0,0.0,0.0,0.0,0.0
4981,CC1CCC(C(C)CS)CC1S,,0.0,,0.0,0.0,0.0,0.0,0.0,0.0,,0.0,0.0
4982,Cc1cccc(C)c1[N+](=O)[O-],0.0,0.0,0.0,0.0,0.0,0.0,0.0,1.0,0.0,0.0,0.0,0.0
4983,CCCCC(CC)C(=O)O,0.0,0.0,0.0,0.0,0.0,0.0,0.0,0.0,0.0,0.0,0.0,0.0
4984,CCCCC(CC)COCCCN,,0.0,0.0,0.0,0.0,0.0,,,0.0,0.0,0.0,0.0
4985,COc1ccc(N)c(OC)c1.Cl,0.0,0.0,0.0,0.0,0.0,,,0.0,,0.0,0.0,0.0
4986,CC(C)N(C(=O)SCC(Cl)=C(Cl)Cl)C(C)C,0.0,0.0,0.0,0.0,0.0,0.0,0.0,0.0,0.0,0.0,0.0,0.0
4987,CCN(CC)C(=O)SCc1ccc(Cl)cc1,0.0,0.0,0.0,0.0,0.0,0.0,,0.0,0.0,0.0,0.0,0.0
4990,O=C(O)c1cc(Oc2ccc(C(F)(F)F)cc2Cl)ccc1[N+](=O)[O-],0.0,0.0,0.0,1.0,0.0,0.0,0.0,0.0,0.0,0.0,0.0,
4991,CCc1cccc(C)c1N(C(=O)CCl)C(C)COC,0.0,0.0,1.0,1.0,0.0,0.0,0.0,0.0,,0.0,0.0,0.0
4992,ClCc1ccc(Cl)cc1Cl,0.0,0.0,,0.0,0.0,0.0,,0.0,0.0,,0.0,0.0
4993,CN1CCC[C@H]1c1cccnc1,0.0,0.0,0.0,0.0,0.0,0.0,0.0,0.0,0.0,0.0,0.0,0.0
4994,COC(=O)c1ccc(C(=O)OC)cc1,0.0,0.0,0.0,0.0,0.0,0.0,0.0,0.0,0.0,0.0,0.0,0.0
4997,NC(=O)Nc1nc2ccccc2[nH]1,0.0,0.0,,,0.0,,,0.0,0.0,0.0,0.0,0.0
4998,Nc1ccc(Cl)cc1[N+](=O)[O-],0.0,0.0,0.0,0.0,0.0,,1.0,,0.0,0.0,0.0,0.0
4999,COc1cccc(N)c1,0.0,0.0,1.0,0.0,0.0,,,0.0,,0.0,0.0,0.0
5000,Nc1ccc(N)c([N+](=O)[O-])c1,0.0,0.0,1.0,0.0,0.0,1.0,1.0,,0.0,,0.0,0.0
5001,O=C(O)c1cccc(C[C@@H]2COc3ccc(OCc4nc5cc(F)ccc5s4)cc3[C@@H]2O)c1,0.0,0.0,,0.0,0.0,0.0,,0.0,0.0,,0.0,0.0
5002,O=C(O)c1cc(O)c2c(c1)C(=O)c1cccc(O)c1C2=O,0.0,0.0,1.0,0.0,0.0,,1.0,1.0,0.0,,0.0,
5003,CCCCCCC(O)CCCCCCCCCCC(=O)O,0.0,0.0,1.0,0.0,0.0,,0.0,0.0,1.0,0.0,0.0,0.0
5004,CCCCCCC1CCCC(=O)O1,0.0,0.0,0.0,0.0,0.0,0.0,,0.0,,0.0,0.0,
5005,CCCCCCCCCCC=CC1CC(=O)OC1=O,0.0,0.0,1.0,0.0,0.0,0.0,0.0,0.0,0.0,0.0,0.0,0.0
5006,O=NN1CCCCCCC1,0.0,0.0,0.0,0.0,0.0,0.0,0.0,,0.0,0.0,0.0,0.0
5008,O=S(=O)(O)c1cc(O)c2ccc(Nc3ccccc3)cc2c1,0.0,0.0,0.0,0.0,0.0,,,,0.0,0.0,0.0,0.0
5009,CCc1occc(=O)c1O,0.0,0.0,,0.0,0.0,,,0.0,0.0,0.0,0.0,0.0
5012,Oc1nc(O)nc(O)n1,0.0,0.0,0.0,0.0,0.0,0.0,0.0,0.0,0.0,0.0,0.0,0.0
5013,OCC1CO1,0.0,0.0,0.0,0.0,0.0,0.0,0.0,0.0,0.0,0.0,0.0,0.0
5014,O=S(=O)([O-])c1ccc(/N=N/c2c(O)ccc3cc(S(=O)(=O)[O-])ccc23)cc1.[Na+].[Na+],0.0,0.0,0.0,0.0,0.0,0.0,,0.0,0.0,0.0,0.0,0.0
5016,O=C([O-])COc1ccc(Cl)cc1Cl.[Na+],0.0,0.0,0.0,0.0,0.0,0.0,0.0,0.0,0.0,0.0,0.0,0.0
5017,CC(C)c1cccc(C(C)C)c1NC(=O)[N-]S(=O)(=O)c1cc(C(C)(C)O)co1.[Na+],0.0,0.0,,0.0,0.0,0.0,,,0.0,0.0,0.0,0.0
5018,BrCCc1ccccc1,0.0,0.0,,0.0,0.0,,,0.0,0.0,0.0,0.0,0.0
5020,c1ccc2cc3c4ccccc4c4ccccc4c3cc2c1,,0.0,1.0,1.0,0.0,1.0,,,0.0,0.0,0.0,0.0
5021,CC(=O)C(=O)O,0.0,0.0,1.0,0.0,0.0,0.0,0.0,0.0,0.0,0.0,0.0,0.0
5022,CC(O)COC(C)(C)C,0.0,,0.0,0.0,0.0,0.0,0.0,,0.0,0.0,0.0,
5023,CCC(C)(C)C(=O)O,0.0,,0.0,0.0,0.0,0.0,0.0,,0.0,0.0,0.0,
5024,CC(=O)/C=C/C1=C(C)CCCC1(C)C,0.0,0.0,0.0,0.0,0.0,0.0,0.0,0.0,0.0,0.0,0.0,0.0
5025,Cc1occc(=O)c1O,0.0,0.0,0.0,0.0,0.0,0.0,0.0,0.0,0.0,0.0,0.0,0.0
5026,Cc1c(N)cccc1[N+](=O)[O-],0.0,0.0,0.0,0.0,0.0,,0.0,,0.0,0.0,0.0,
5027,Cc1cc(C)cc(C)c1,0.0,1.0,0.0,0.0,0.0,0.0,0.0,0.0,0.0,0.0,0.0,0.0
5028,CC1CCCC1,,0.0,1.0,0.0,0.0,0.0,,0.0,0.0,,0.0,0.0
5029,Cc1ccccc1N=O,0.0,0.0,,0.0,0.0,,0.0,,0.0,0.0,0.0,0.0
5030,CCCCC(CC)CO,0.0,0.0,0.0,0.0,0.0,0.0,0.0,0.0,0.0,0.0,0.0,0.0
5031,CCCC(=O)O,0.0,0.0,0.0,0.0,0.0,0.0,0.0,0.0,0.0,0.0,0.0,0.0
5032,CCCCC(CC)CNCC(CC)CCCC,0.0,,0.0,0.0,0.0,0.0,0.0,,0.0,0.0,0.0,
5033,CCCCCCCCCCCCc1ccccc1,0.0,0.0,0.0,0.0,0.0,0.0,0.0,0.0,0.0,0.0,0.0,0.0
5034,CCCCO,0.0,,0.0,0.0,0.0,,0.0,0.0,0.0,0.0,0.0,
5035,CCCCOCCOCCO,0.0,0.0,0.0,0.0,0.0,0.0,0.0,0.0,0.0,0.0,0.0,0.0
5036,CCNc1ccccc1,0.0,0.0,0.0,0.0,0.0,0.0,0.0,0.0,0.0,0.0,0.0,0.0
5037,CCSC(=O)Cl,0.0,,1.0,0.0,0.0,0.0,0.0,,0.0,0.0,0.0,
5038,ClC(Cl)(Cl)C(Cl)(Cl)Cl,0.0,,0.0,0.0,0.0,,0.0,0.0,0.0,0.0,0.0,
5039,O=[N+]([O-])c1c(Cl)c(Cl)cc(Cl)c1Cl,0.0,0.0,,0.0,,0.0,0.0,,0.0,0.0,0.0,0.0
5040,CC(=O)c1ccc(Cl)c(Cl)c1Cl,0.0,0.0,0.0,0.0,0.0,,,0.0,0.0,,0.0,0.0
5041,O=S(=O)(Oc1ccc(Cl)cc1)c1ccc(Cl)cc1,0.0,0.0,0.0,0.0,0.0,,1.0,0.0,0.0,0.0,0.0,0.0
5042,Cc1nc2ccccc2c(=O)n1-c1ccccc1Cl,0.0,0.0,,0.0,0.0,,,1.0,0.0,0.0,0.0,0.0
5043,CS(=O)(=O)NC(=O)c1cc(Oc2ccc(C(F)(F)F)cc2Cl)ccc1[N+](=O)[O-],0.0,0.0,0.0,0.0,0.0,0.0,0.0,0.0,0.0,0.0,0.0,0.0
5044,CCOP(=O)(Cl)Cl,0.0,0.0,0.0,0.0,0.0,0.0,0.0,0.0,0.0,0.0,0.0,0.0
5045,COC(=O)c1ccc(C)cc1,0.0,0.0,0.0,0.0,0.0,0.0,0.0,0.0,0.0,0.0,0.0,0.0
5046,COC(=O)c1ccc(C=O)cc1,0.0,0.0,0.0,0.0,0.0,0.0,0.0,0.0,0.0,0.0,0.0,0.0
5047,COC(=O)c1cccc(C(=O)OC)c1,0.0,0.0,0.0,0.0,0.0,0.0,0.0,0.0,0.0,0.0,0.0,0.0
5048,Nc1ccc([N+](=O)[O-])c(N)c1,0.0,0.0,0.0,0.0,0.0,,,,0.0,0.0,0.0,0.0
5049,CCOC(=O)CC(=O)OCC,0.0,0.0,0.0,0.0,0.0,,0.0,0.0,0.0,0.0,0.0,0.0
5050,C=C(C)C(=O)OCC(CC)(COC(=O)C(=C)C)COC(=O)C(=C)C,,0.0,0.0,0.0,0.0,0.0,0.0,0.0,0.0,0.0,0.0,0.0
5051,O=S(=O)(c1ccccc1)c1ccc(Cl)cc1,0.0,0.0,,0.0,0.0,0.0,,,0.0,0.0,0.0,0.0
5052,O=C(O)c1ccc(Cl)cc1Cl,0.0,,0.0,0.0,0.0,0.0,0.0,,0.0,0.0,0.0,
5053,O=C(O)CC(O)(CC(=O)O)C(=O)O,0.0,0.0,0.0,0.0,0.0,0.0,0.0,0.0,0.0,0.0,0.0,0.0
5054,OCCO,0.0,0.0,0.0,0.0,0.0,0.0,0.0,0.0,0.0,0.0,0.0,0.0
5055,C[C@@H]1C[C@H]2[C@@H]3C[C@H](F)C4=CC(=O)C=C[C@]4(C)[C@@]3(Cl)[C@@H](O)C[C@]2(C)[C@H]1C(=O)COC(=O)C(C)(C)C,,1.0,,,0.0,0.0,0.0,0.0,0.0,0.0,0.0,1.0
5057,OCCO[C@@H]1[C@@H](O)[C@H](O)[C@@H](CO)O[C@@H]1O,,1.0,,,0.0,0.0,0.0,0.0,0.0,0.0,0.0,0.0
5058,C=CC(=O)OCCCCOC(=O)C=C,,0.0,1.0,,0.0,0.0,0.0,0.0,1.0,,1.0,1.0
5061,CC(C)(CO)[C@@H](O)C(=O)NCCC(=O)[O-].CC(C)(CO)[C@@H](O)C(=O)NCCC(=O)[O-].[Ca+2],,1.0,,,0.0,0.0,0.0,0.0,0.0,0.0,0.0,1.0
5062,COc1ccc(C(=O)/C(Br)=C\C(=O)[O-])cc1.[Na+],,0.0,1.0,,0.0,0.0,0.0,0.0,1.0,1.0,1.0,1.0
5063,C=CC[C@]1(O)CC[C@H]2[C@@H]3CCC4=CCCC[C@@H]4[C@H]3CC[C@@]21C,,1.0,,0.0,1.0,0.0,1.0,1.0,0.0,0.0,0.0,0.0
5064,CC(=O)OCC(=O)[C@@]1(O)CC[C@H]2[C@@H]3C[C@H](C)C4=CC(=O)C=C[C@]4(C)[C@H]3[C@@H](O)C[C@@]21C,,1.0,,,0.0,0.0,0.0,1.0,0.0,0.0,0.0,1.0
5067,COCCc1ccc(OCC(O)CNC(C)C)cc1.COCCc1ccc(OCC(O)CNC(C)C)cc1.O=C(O)CCC(=O)O,,1.0,,,0.0,0.0,0.0,0.0,0.0,0.0,0.0,0.0
5068,CCCOc1ccc2nc(NC(=O)OC)sc2c1,,0.0,,,0.0,1.0,1.0,1.0,0.0,1.0,1.0,0.0
5074,CO[C@H]1/C=C/O[C@@]2(C)Oc3c(C)c(O)c4c(O)c(cc([O-])c4c3C2=O)NC(=O)/C(C)=C\C=C\[C@H](C)[C@H](O)[C@@H](C)[C@@H](O)[C@@H](C)[C@H](OC(C)=O)[C@@H]1C.[Na+],0.0,0.0,1.0,,0.0,0.0,,0.0,,0.0,0.0,0.0
5078,C#C[C@]1(O)CC[C@H]2[C@@H]3CCC4=CC(=O)CC[C@@H]4[C@H]3C(=C)C[C@@]21CC,,1.0,,,1.0,0.0,0.0,1.0,0.0,0.0,0.0,1.0
5081,Cc1ccc(O)c(N)c1,0.0,0.0,1.0,,0.0,1.0,,,1.0,0.0,1.0,0.0
5083,CCN(CC)CCOc1ccccc1OC,,0.0,,0.0,0.0,0.0,0.0,0.0,0.0,0.0,0.0,0.0
5086,CC(C)/N=c1/cc2n(-c3ccc(Cl)cc3)c3ccccc3nc-2cc1Nc1ccc(Cl)cc1,,0.0,,0.0,0.0,0.0,0.0,0.0,0.0,0.0,0.0,0.0
5088,CN(C)c1ccc(/C=C/c2ccc([N+](=O)[O-])cc2)cc1,0.0,0.0,0.0,,0.0,0.0,0.0,1.0,,0.0,0.0,
5090,CCCCCCCCCCCC(=O)N(CCO)CCO,,0.0,,0.0,0.0,0.0,0.0,0.0,0.0,0.0,0.0,0.0
5091,CC(=O)N[C@@H](CC(=O)N[C@@H](CCC(=O)O)C(=O)O)C(=O)O,,0.0,,0.0,0.0,0.0,0.0,0.0,0.0,0.0,0.0,0.0
5092,N[C@@H](CCC(=O)N[C@@H](CSSC[C@H](NC(=O)CC[C@H](N)C(=O)O)C(=O)NCC(=O)O)C(=O)NCC(=O)O)C(=O)O,,1.0,,,1.0,0.0,0.0,1.0,0.0,0.0,0.0,1.0
5099,O=c1oc2cc(O)ccc2s1,,0.0,,0.0,0.0,0.0,0.0,0.0,0.0,0.0,0.0,0.0
5100,C=Cc1c(C)c2cc3nc(c(CC(=O)[O-])c4[n-]c(cc5nc(cc1[n-]2)C(C)=C5CC)c(C)c4C(=O)[O-])C(CCC(=O)[O-])C3C.[Cu+2].[Na+].[Na+].[Na+],,0.0,,0.0,0.0,1.0,0.0,0.0,0.0,0.0,0.0,0.0
5101,CCN(CC)C(=S)[S-].[Na+],1.0,0.0,1.0,,0.0,0.0,,0.0,,0.0,0.0,0.0
5102,[O-][N+](=Nc1ccccc1)c1ccccc1,0.0,0.0,1.0,,0.0,1.0,1.0,1.0,0.0,0.0,0.0,0.0
5106,CC(=O)O[C@H]1CC[C@H]2[C@@H]3CCC4=CC(=O)CCC4=C3C=C[C@]12C,,1.0,,0.0,1.0,0.0,0.0,1.0,0.0,0.0,0.0,1.0
5110,CC1=C(/C=C/C(C)=C/C=C/C(C)=C/CO)C(C)(C)CCC1,1.0,0.0,1.0,1.0,0.0,0.0,1.0,0.0,0.0,0.0,0.0,0.0
5111,C/C(=C(/CCO)SSCC1CCCO1)N(C=O)Cc1cnc(C)nc1N,,0.0,,,0.0,0.0,0.0,0.0,0.0,0.0,0.0,0.0
5112,CCN(CC)CCOc1ccc2nc(N(C)C)sc2c1,,0.0,,,0.0,1.0,0.0,1.0,0.0,0.0,0.0,0.0
5113,CC(N)Cc1ccc2c(c1)OCO2.Cl,,0.0,,0.0,0.0,0.0,0.0,0.0,0.0,0.0,0.0,0.0
5116,CN(C)c1ccc(C(=N)c2ccc(N(C)C)cc2)cc1.Cl,0.0,0.0,0.0,,0.0,1.0,1.0,,0.0,1.0,0.0,0.0
5117,CN(Cc1ccc(C(C)(C)C)cc1)Cc1cccc2ccccc12.Cl,,0.0,,,0.0,0.0,0.0,0.0,0.0,0.0,0.0,0.0
5119,Cl.Nc1ccc2cc3ccc(N)cc3nc2c1,0.0,0.0,1.0,1.0,,1.0,1.0,1.0,,1.0,0.0,1.0
5122,Nc1ncnc(Nc2ccc(Cl)cc2)n1,,0.0,,,0.0,1.0,0.0,1.0,0.0,0.0,1.0,0.0
5126,CNC(=S)NN,1.0,0.0,0.0,,0.0,,0.0,,0.0,0.0,0.0,0.0
5130,Nc1ccc(Oc2ccc(N)c(N)c2)cc1,,1.0,1.0,,0.0,1.0,1.0,,0.0,0.0,1.0,0.0
5131,Nc1ccc(Cc2ccc(N)c(Cl)c2)cc1Cl,0.0,0.0,0.0,,0.0,1.0,1.0,,0.0,,0.0,0.0
5132,Nc1nc(Cl)nc2c1ncn2[C@H]1C[C@H](O)[C@@H](CO)O1,0.0,0.0,0.0,0.0,0.0,0.0,0.0,1.0,0.0,1.0,0.0,0.0
5133,COc1ccc(N)cc1N.O.O=S(=O)(O)O,1.0,0.0,,,,1.0,1.0,0.0,0.0,1.0,0.0,0.0
5134,C=C[C@H]1C[N@]2CC[C@H]1C[C@H]2[C@H](O)c1ccnc2ccc(OC)cc12.C=C[C@H]1C[N@]2CC[C@H]1C[C@H]2[C@H](O)c1ccnc2ccc(OC)cc12.O.O.O=S(=O)(O)O,,1.0,,,0.0,1.0,0.0,1.0,0.0,0.0,0.0,0.0
5135,O=S(=O)(OC[C@H]1O[C@@](COS(=O)(=O)O[Al](O)O)(O[C@H]2O[C@H](COS(=O)(=O)O[Al](O)O)[C@@H](OS(=O)(=O)O[Al](O)O)[C@H](OS(=O)(=O)O[Al](O)O)[C@H]2OS(=O)(=O)O[Al](O)O)[C@@H](OS(=O)(=O)O[Al](O)O)[C@@H]1OS(=O)(=O)O[Al](O)O)O[Al](O)O.O[Al](O)[Al](O)O.O[Al](O)[Al](O)O.O[Al](O)[Al](O)O.O[Al](O)[Al](O)O,0.0,0.0,0.0,0.0,1.0,0.0,0.0,1.0,0.0,0.0,0.0,0.0
5138,CC(=O)Oc1c(C)cc(OCC(O)CNC(C)C)c(C)c1C,,1.0,,,1.0,0.0,0.0,1.0,0.0,0.0,0.0,0.0
5139,O=C(c1cc2ccccc2o1)N1CCN(Cc2ccccc2)CC1,,0.0,,,0.0,0.0,0.0,0.0,0.0,0.0,0.0,0.0
5142,CCCCCCCCCCCCCCCC(=O)O[C@@H]1CC(C)=C(/C=C/C(C)=C/C=C/C(C)=C/C=C/C=C(C)/C=C/C=C(C)/C=C/C2=C(C)C[C@@H](OC(=O)CCCCCCCCCCCCCCC)CC2(C)C)C(C)(C)C1,,0.0,,0.0,0.0,0.0,0.0,0.0,0.0,0.0,0.0,0.0
5148,CO/N=C(\C(=O)N[C@@H]1C(=O)N2C(C(=O)[O-])=C(C[n+]3cccc4c3CCC4)CS[C@H]12)c1csc(N)n1.O=S(=O)(O)O,,0.0,,,0.0,0.0,0.0,0.0,0.0,0.0,0.0,0.0
5149,CN[C@@H]1[C@@H](O)[C@@H](O[C@@H]2[C@@H](O)[C@H](O[C@H]3O[C@H](CN)[C@@H](O)[C@H](O)[C@H]3O)[C@@H](N)C[C@H]2NC(=O)C(O)CN)OC[C@]1(C)O.O=S(=O)(O)O,,1.0,,,0.0,0.0,0.0,0.0,0.0,0.0,0.0,0.0
5150,CC1(C)S[C@@H]2[C@H](NC(=O)[C@H](NC(=O)N3CCN(S(C)(=O)=O)C3=O)c3ccccc3)C(=O)N2[C@H]1C(=O)O,,1.0,,,0.0,0.0,0.0,1.0,0.0,0.0,0.0,0.0
5151,Nc1nc(NC2CC2)c2ncn([C@@H]3C=C[C@@H](CO)C3)c2n1,,0.0,,,0.0,1.0,0.0,1.0,0.0,0.0,1.0,0.0
5155,C[N@+]12CCCC[C@@H]1CCC(=C(c1cccs1)c1cccs1)C2.[Br-],,0.0,,0.0,0.0,0.0,0.0,0.0,0.0,0.0,0.0,0.0
5158,CCCCCCCCCC(=O)N[O-].[Na+],,0.0,,,0.0,0.0,0.0,0.0,0.0,0.0,0.0,0.0
5160,CCc1oc2ccccc2c1C(=O)c1cc(Br)c(O)c(Br)c1,,0.0,,0.0,0.0,0.0,1.0,0.0,1.0,1.0,0.0,0.0
5166,CC(=O)[C@H]1CC[C@H]2[C@@H]3CC[C@H]4C[C@H](O)CC[C@]4(C)[C@H]3CC[C@]12C,,0.0,,0.0,1.0,0.0,0.0,1.0,0.0,0.0,0.0,1.0
5173,CC(=O)OCC(=O)[C@@]1(O)CC[C@H]2[C@@H]3CCC4=CC(=O)CC[C@]4(C)C3=CC[C@@]21C,,1.0,,0.0,0.0,0.0,0.0,1.0,0.0,0.0,0.0,1.0
5177,CCC(C)(C)C(=O)OC1=C(c2cc(Cl)cc(Cl)c2)C(=O)OC12CCCCC2,0.0,0.0,1.0,,0.0,,1.0,1.0,1.0,1.0,0.0,
5178,C/C=C(/CC[C@@H](C)[C@H]1CC[C@H]2C3=CC[C@H]4[C@H](C)[C@@H](O)CC[C@]4(C)[C@H]3CC[C@]12C)C(C)C,,0.0,,0.0,0.0,0.0,0.0,0.0,0.0,0.0,0.0,0.0
5179,Cc1c(C)c2c(c(C)c1O)CC[C@@](C)(CCC[C@H](C)CCC[C@H](C)CCCC(C)C)O2,0.0,0.0,0.0,0.0,0.0,0.0,0.0,0.0,0.0,0.0,0.0,0.0
5180,Cc1cc(O)cc2c1O[C@](C)(CCC[C@H](C)CCC[C@H](C)CCCC(C)C)CC2,0.0,0.0,0.0,0.0,0.0,0.0,0.0,0.0,0.0,0.0,0.0,0.0
5182,CC(O)[C@H]1CC[C@H]2[C@@H]3CC[C@@H]4C[C@@H](O)CC[C@]4(C)[C@H]3CC[C@]12C,,0.0,,0.0,1.0,0.0,0.0,1.0,0.0,0.0,0.0,0.0
5183,CCCCCCCCCCCCCCCC(=O)OC/C=C(C)/C=C/C=C(C)/C=C/C1=C(C)CCCC1(C)C,0.0,0.0,1.0,0.0,0.0,0.0,0.0,0.0,0.0,0.0,0.0,0.0
5184,CC1=C(/C=C/C(C)=C/C=C/C(C)=C/C(=O)Oc2c(C)c(C)c3c(c2C)CC[C@@](C)(CCC[C@H](C)CCC[C@H](C)CCCC(C)C)O3)C(C)(C)CCC1,,0.0,,1.0,0.0,0.0,0.0,0.0,0.0,0.0,0.0,0.0
5185,Cc1cc(O)ccc1N,1.0,0.0,,,0.0,1.0,1.0,0.0,0.0,,0.0,0.0
5187,CC1=Nc2ccc3ccccc3c2C1(C)C,1.0,0.0,0.0,,0.0,,1.0,,0.0,0.0,0.0,0.0
5188,Cc1cccc2c1cc1ccc3cccc4ccc2c1c34,1.0,0.0,1.0,0.0,,1.0,,0.0,1.0,1.0,0.0,1.0
5189,CCCCCCCCCC(=O)O[C@H]1CC[C@H]2[C@@H]3CCC4=CC(=O)CC[C@]4(C)[C@H]3CC[C@]12C,,1.0,,,1.0,0.0,0.0,1.0,0.0,0.0,0.0,1.0
5195,CN[C@H](CC(C)C)C(=O)N[C@H]1C(=O)N[C@@H](CC(N)=O)C(=O)N[C@H]2C(=O)N[C@H]3C(=O)N[C@H](C(=O)N[C@@H](C(=O)O)c4cc(O)cc(O)c4-c4cc3ccc4O)[C@H](O)c3ccc(c(Cl)c3)Oc3cc2cc(c3O[C@@H]2O[C@H](CO)[C@@H](O)[C@H](O)[C@H]2O[C@H]2C[C@](C)(N)C(O)[C@H](C)O2)Oc2ccc(cc2Cl)[C@H]1O.Cl,,1.0,,0.0,0.0,0.0,0.0,0.0,0.0,0.0,0.0,0.0
5197,CC[C@@H]1/C=C(\C)C[C@H](C)C[C@H](OC)[C@H]2O[C@@](O)(C(=O)C(=O)N3CCCC[C@H]3C(=O)O[C@H](/C(C)=C/[C@@H]3CC[C@@H](Cl)[C@H](OC)C3)[C@H](C)[C@@H](O)CC1=O)[C@H](C)C[C@@H]2OC,,0.0,,0.0,1.0,0.0,0.0,1.0,0.0,0.0,0.0,0.0
5198,CNc1cc(OC)c(C(=O)N[C@H]2CCN(Cc3ccccc3)[C@H]2C)cc1Cl,,0.0,,0.0,0.0,0.0,0.0,0.0,0.0,0.0,0.0,0.0
5199,C=CCOc1ccc(CC(=O)O)cc1Cl,,1.0,,0.0,1.0,0.0,0.0,1.0,1.0,0.0,0.0,0.0
5200,O=C1CN=C(c2ccccc2)c2cc(Cl)ccc2N1,,0.0,,0.0,0.0,0.0,0.0,0.0,0.0,0.0,0.0,0.0
5201,O=S1(=O)OCC2C(CO1)C1(Cl)C(Cl)=C(Cl)C2(Cl)C1(Cl)Cl,,0.0,1.0,,0.0,0.0,,0.0,0.0,0.0,0.0,0.0
5202,O=C1Nc2ccc(Cl)cc2C(c2ccccc2Cl)=NC1O,,0.0,,0.0,0.0,0.0,0.0,0.0,0.0,0.0,0.0,0.0
5203,CN(C)CCO,0.0,1.0,0.0,0.0,0.0,0.0,0.0,0.0,0.0,0.0,0.0,0.0
5205,Cc1cc(C)cc(C(=O)OC2C[C@H]3CC[C@@H](C2)N3C)c1,,0.0,,0.0,0.0,0.0,0.0,0.0,0.0,0.0,0.0,0.0
5209,COP(=O)(OC)OC(Br)C(Cl)(Cl)Br,0.0,0.0,1.0,,1.0,0.0,0.0,0.0,1.0,1.0,1.0,1.0
5210,CS(=O)(=O)Nc1cc2occ(NC=O)c(=O)c2cc1Oc1ccccc1,,0.0,,0.0,0.0,0.0,0.0,0.0,0.0,0.0,0.0,0.0
5212,FC(F)OC(F)(F)C(F)Cl,0.0,0.0,0.0,0.0,0.0,0.0,0.0,0.0,0.0,0.0,0.0,0.0
5214,Fc1ccc(Oc2ccnc3cc(Cl)cc(Cl)c23)cc1,,0.0,1.0,0.0,0.0,,1.0,0.0,1.0,1.0,0.0,0.0
5221,Nc1ccc(Cl)cc1N,0.0,1.0,1.0,,0.0,1.0,1.0,0.0,0.0,0.0,1.0,0.0
5223,COc1ccc(C[C@H](C)NC[C@@H](O)c2ccc(O)c(NC=O)c2)cc1.COc1ccc(C[C@H](C)NC[C@@H](O)c2ccc(O)c(NC=O)c2)cc1.O.O.O=C(O)/C=C/C(=O)O,,0.0,,0.0,0.0,0.0,0.0,0.0,0.0,0.0,0.0,0.0
5224,CCCCCCCCCCCCCCCCCC(=O)O[Al](O)O,,1.0,,,0.0,0.0,0.0,0.0,0.0,0.0,0.0,0.0
5225,CS(=O)(=O)NC(=O)CCC/C=C\C[C@H]1C(=O)C[C@@H](O)[C@@H]1/C=C/[C@H](O)COc1ccccc1,,0.0,,0.0,0.0,0.0,0.0,0.0,0.0,0.0,0.0,0.0
5226,OC[C@H]1O[C@H](O[C@H]2[C@H](O)[C@@H](O)[C@@H](O[C@H]3[C@H](O)[C@@H](O)[C@@H](O)O[C@@H]3CO)O[C@@H]2CO)[C@H](O)[C@@H](O)[C@@H]1O,,1.0,,,0.0,0.0,0.0,1.0,0.0,0.0,0.0,1.0
5227,O=C(/C=C/c1cccc(F)c1)NC1CC1,,0.0,,,0.0,0.0,0.0,0.0,0.0,0.0,0.0,0.0
5230,COc1cc(C=CC(=O)N2CCN(CC(=O)N3CCCC3)CC2)cc(OC)c1OC.O=C(O)/C=C\C(=O)O,,0.0,,0.0,0.0,0.0,0.0,0.0,0.0,0.0,0.0,0.0
5239,NC1=NC(=O)N2CC12,,0.0,,0.0,0.0,0.0,0.0,0.0,0.0,0.0,0.0,0.0
5242,CC1=C(/C=C/C(C)=C/C=C/C(C)=C/C=C/C=C(C)/C=C/C=C(C)/C=C/C2=C(C)C(=O)CCC2(C)C)C(C)(C)CCC1=O,,0.0,,0.0,1.0,0.0,0.0,1.0,0.0,0.0,0.0,0.0
5244,C[C@]12C=CC(=O)C=C1CC[C@@H]1[C@@H]2CC[C@]2(C)OC(=O)CC[C@@H]12,,1.0,,,1.0,0.0,0.0,1.0,0.0,0.0,0.0,0.0
5247,O=Cc1ccccc1,0.0,0.0,0.0,0.0,0.0,0.0,0.0,0.0,0.0,0.0,0.0,0.0
5249,C1CNCCN1.C[C@]12CC[C@@H]3c4ccc(OS(=O)(=O)O)cc4CC[C@H]3[C@@H]1CCC2=O,,0.0,,0.0,1.0,0.0,0.0,1.0,0.0,0.0,0.0,0.0
5255,CCCCCCCCCCCCOC(=O)c1ccc(O)cc1,0.0,,,,0.0,0.0,1.0,0.0,0.0,0.0,0.0,0.0
5260,Sc1nc2ccccc2s1,1.0,0.0,1.0,0.0,0.0,1.0,1.0,0.0,1.0,0.0,0.0,0.0
5263,O=P([O-])([O-])OC(CO)CO.[Ca+2],,0.0,,0.0,0.0,0.0,0.0,0.0,0.0,0.0,0.0,0.0
5264,O=C(CO)[C@@H](O)[C@H](O)[C@@H](O)C(=O)[O-].O=C(CO)[C@@H](O)[C@H](O)[C@@H](O)C(=O)[O-].[Ca+2],,0.0,,0.0,0.0,0.0,0.0,0.0,0.0,0.0,0.0,0.0
5265,CC(C)CN(C[C@@H](OP(=O)([O-])[O-])[C@H](Cc1ccccc1)NC(=O)O[C@H]1CCOC1)S(=O)(=O)c1ccc(N)cc1.[Ca+2],,0.0,,0.0,0.0,0.0,0.0,0.0,0.0,0.0,0.0,0.0
5268,CCN(CC)c1ccc2c(-c3ccccc3C(=O)O)c3ccc(N(CC)CC)cc3[o+]c2c1.[Cl-],0.0,0.0,1.0,,0.0,0.0,,,0.0,0.0,0.0,0.0
5271,C[C@]12CCC(=O)C=C1C=C[C@@H]1[C@@H]2CC[C@@]2(C)[C@H]1CC[C@@]2(O)CCC(=O)[O-].[K+],,1.0,,0.0,0.0,0.0,0.0,0.0,0.0,0.0,0.0,1.0
5272,Nc1nc(=O)c2c(CCc3ccc(C(=O)N[C@@H](CCC(=O)[O-])C(=O)[O-])cc3)c[nH]c2[nH]1.[Na+].[Na+],,0.0,,0.0,0.0,0.0,0.0,0.0,0.0,0.0,0.0,0.0
5274,Nc1c(/N=N/c2ccc(-c3ccc(/N=N/c4cc(S(=O)(=O)[O-])c5ccccc5c4N)cc3)cc2)cc(S(=O)(=O)[O-])c2ccccc12.[Na+].[Na+],0.0,0.0,0.0,,0.0,1.0,,0.0,,0.0,0.0,0.0
5275,CO/N=C(\C(=O)N[C@@H]1C(=O)N2C(C(=O)[O-])=C(CSc3nc(C)c(CC(=O)[O-])s3)CS[C@H]12)c1csc(N)n1.[Na+].[Na+],,0.0,,,0.0,0.0,0.0,0.0,0.0,0.0,0.0,0.0
5276,COc1ccnc(CS(=O)c2nc3cc(OC(F)F)ccc3[n-]2)c1OC.[Na+],0.0,0.0,1.0,0.0,0.0,1.0,0.0,0.0,0.0,0.0,0.0,0.0
5282,O=C1c2c(O)ccc(Nc3ccc(CCO)cc3)c2C(=O)c2c([N+](=O)[O-])ccc(O)c21,0.0,0.0,1.0,,0.0,1.0,1.0,0.0,,0.0,0.0,
5283,Br.COc1ccc2c(c1)[C@@]13CCCCC1[C@@H](C2)N(C)CC3.O,,0.0,,0.0,0.0,0.0,0.0,0.0,0.0,0.0,0.0,0.0
5285,C=CC(C)(O)CC/C=C(\C)CCC=C(C)C,,0.0,,0.0,0.0,0.0,1.0,0.0,0.0,0.0,0.0,0.0
5287,CC(C)Cc1ccc([C@@H](C)C(=O)NS(C)(=O)=O)cc1,,0.0,,0.0,0.0,0.0,0.0,0.0,0.0,0.0,0.0,0.0
5289,C[C@@H]1C(=O)N=C2Nc3cccc(Cl)c3CN21,,0.0,,0.0,0.0,0.0,0.0,0.0,0.0,0.0,0.0,0.0
5290,CCC(=O)O[C@]1(c2ccccc2)CCN(C)C[C@H]1C,,0.0,,0.0,0.0,0.0,0.0,0.0,0.0,0.0,0.0,0.0
5292,C=CCN1CCCC1CNC(=O)c1cc(S(N)(=O)=O)cc(OC)c1OC,,0.0,,0.0,0.0,0.0,0.0,0.0,0.0,0.0,0.0,0.0
5295,c1csc(-c2ccc(-c3cccs3)s2)c1,1.0,1.0,1.0,,,1.0,,1.0,1.0,1.0,1.0,1.0
5296,CC(=O)CC(c1ccccc1)c1c(O)c2ccccc2oc1=O,0.0,0.0,0.0,0.0,0.0,0.0,1.0,0.0,1.0,0.0,0.0,0.0
5298,CC(=O)O.CC[C@H](C)[C@@H]1NC(=O)[C@H](Cc2ccc(O)cc2)NC(=O)[C@@H](N)CSSC[C@@H](C(=O)N2CCC[C@H]2C(=O)N[C@@H](CC(C)C)C(=O)NCC(N)=O)NC(=O)[C@H](CC(N)=O)NC(=O)[C@H](CCC(N)=O)NC1=O,,0.0,,0.0,1.0,0.0,0.0,1.0,0.0,0.0,0.0,0.0
5299,CC(=O)O.N=C(N)NCCC[C@H](NC(=O)[C@@H]1CCCN1C(=O)[C@@H]1CSSC[C@H](N)C(=O)N[C@@H](Cc2ccc(O)cc2)C(=O)N[C@@H](Cc2ccccc2)C(=O)N[C@@H](CCC(N)=O)C(=O)N[C@@H](CC(N)=O)C(=O)N1)C(=O)NCC(N)=O,,0.0,,0.0,1.0,0.0,0.0,1.0,0.0,0.0,0.0,0.0
5301,CC(=O)O[C@H]1CC[C@@]2(C)C(=CC[C@@H]3[C@@H]2CC[C@]2(C)C(c4cccnc4)=CC[C@@H]32)C1,,0.0,,0.0,1.0,0.0,0.0,1.0,0.0,0.0,0.0,0.0
5308,CC(C)CCC[C@@H](C)[C@H]1CC(=O)C2=C3CC[C@H]4C[C@@H](O)CC[C@]4(C)[C@H]3CC[C@@]21C,,0.0,,0.0,0.0,0.0,0.0,0.0,0.0,0.0,0.0,0.0
5310,CC(C)COC(=O)OCN1C(=O)CN(CCN2CC(=O)N(COC(=O)OCC(C)C)C(=O)C2)CC1=O,,0.0,,,0.0,0.0,0.0,0.0,0.0,1.0,0.0,0.0
5319,CCC(=O)N(c1ccccc1)C1CCN(CCc2ccccc2)CC1,,1.0,,0.0,0.0,0.0,0.0,0.0,0.0,0.0,0.0,1.0
5320,CCC(C(=O)NC(N)=O)c1ccccc1,0.0,0.0,0.0,0.0,0.0,0.0,0.0,0.0,0.0,0.0,0.0,0.0
5322,CCC1(C)CC(=O)NC(=O)C1,,0.0,,0.0,0.0,0.0,0.0,0.0,0.0,0.0,0.0,0.0
5323,CCc1cn([C@H]2C[C@H](O)[C@@H](CO)O2)c(=O)[nH]c1=O,,0.0,,,0.0,0.0,0.0,0.0,0.0,0.0,0.0,0.0
5324,CCCCC[C@@H](O)C1C(=O)OC(C)[C@H](O)/C=C/C=C/C=C/C=C/C=C(\C)C(O)C(O)C(O)C[C@H](O)C[C@H](O)C[C@H](O)C[C@H](O)C[C@@H]1O,,0.0,,0.0,0.0,0.0,0.0,0.0,0.0,0.0,0.0,0.0
5325,CCCCCCCCCCCCCCCCCCCCCC(=O)Nc1ccn([C@@H]2O[C@H](CO)[C@@H](O)[C@@H]2O)c(=O)n1,,0.0,,0.0,0.0,0.0,0.0,0.0,0.0,1.0,0.0,0.0
5327,CCN(CC)C(=O)[C@@H]1C=C2c3cccc4[nH]cc(c34)C[C@H]2N(C)C1,0.0,0.0,,0.0,1.0,1.0,1.0,1.0,0.0,0.0,0.0,0.0
5328,CCOc1cc(C=O)ccc1O,0.0,0.0,0.0,0.0,0.0,0.0,0.0,0.0,0.0,0.0,0.0,0.0
5329,CCOc1ccc2c3c1O[C@H]1[C@@H](O)C=C[C@H]4[C@@H](C2)N(C)CC[C@@]341,,0.0,,0.0,0.0,0.0,0.0,0.0,0.0,0.0,0.0,0.0
5333,CC(C)[C@H](N)C(=O)OCC(CO)OCn1cnc2c(=O)nc(N)[nH]c21.Cl,,0.0,,0.0,0.0,0.0,0.0,0.0,0.0,0.0,0.0,0.0
5335,CNC(C)CCC=C(C)C.Cl,,0.0,,0.0,0.0,1.0,0.0,0.0,0.0,0.0,0.0,0.0
5342,Cc1cccc(C)c1N(CCCc1cccnc1)C(=O)C(C)N.Cl.Cl,,0.0,,1.0,0.0,0.0,0.0,0.0,0.0,0.0,0.0,0.0
5343,Cl.Cl.Clc1ccc(Nc2nnc(Cc3ccncc3)c3ccccc23)cc1,,0.0,,1.0,0.0,1.0,1.0,0.0,0.0,0.0,0.0,0.0
5344,CCN(CC)Cc1cc(Nc2ccnc3cc(Cl)ccc23)ccc1O.Cl.Cl.O.O,,0.0,,0.0,0.0,0.0,0.0,0.0,0.0,0.0,0.0,0.0
5350,CC(CN(C)C)CN1c2ccccc2S(=O)(=O)c2ccccc21.Cl,,0.0,,0.0,0.0,0.0,0.0,0.0,0.0,0.0,0.0,0.0
5354,CN1[C@@H]2CCC[C@H]1C[C@@H](NC(=O)c1nn(C)c3ccccc13)C2.Cl,,0.0,,0.0,0.0,0.0,0.0,0.0,0.0,0.0,0.0,0.0
5356,COc1ccc(CCNCC(O)COc2cccc(C)c2)cc1OC.Cl,,0.0,,0.0,0.0,0.0,0.0,0.0,0.0,0.0,0.0,0.0
5357,COc1ccc(OC)c(C[C@H](C)N)c1.Cl,,0.0,,0.0,0.0,0.0,0.0,0.0,0.0,0.0,0.0,0.0
5358,COc1cc2[nH]c(C)c(CCN3CCN(c4ccccc4)CC3)c2cc1OC.Cl,,0.0,,0.0,0.0,0.0,0.0,0.0,0.0,0.0,0.0,0.0
5362,Cl.NCCC[C@H](N)C(=O)O,,0.0,,,0.0,0.0,0.0,0.0,0.0,0.0,0.0,0.0
5363,CCC[C@@H]1C[C@@H](C(=O)N[C@@H]([C@H]2O[C@H](SC)[C@H](O)[C@@H](O)[C@H]2O)[C@H](C)Cl)N(C)C1.Cl,,0.0,,0.0,0.0,0.0,0.0,0.0,0.0,0.0,0.0,0.0
5364,C[C@H](NCCc1ccc(O)cc1)[C@H](O)c1ccc(O)cc1.Cl,,0.0,,0.0,0.0,0.0,0.0,0.0,0.0,0.0,0.0,0.0
5365,C[C@@H](N)C(=O)c1ccccc1.Cl,,0.0,,0.0,0.0,0.0,0.0,0.0,0.0,0.0,0.0,0.0
5372,Cl.O=C(OCCN1CCCCC1)C(O)(c1ccccc1)c1ccccc1,,0.0,,0.0,0.0,0.0,0.0,0.0,0.0,0.0,0.0,0.0
5374,CC(CCc1ccc(O)cc1)NCC(O)c1ccc(O)cc1.Cl,,0.0,,0.0,0.0,0.0,0.0,0.0,0.0,0.0,0.0,0.0
5377,CC1(C)C(C=C(Cl)Cl)C1C(=O)OCc1cccc(Oc2ccccc2)c1,0.0,0.0,0.0,0.0,0.0,0.0,0.0,0.0,0.0,0.0,0.0,0.0
5379,O=C1N=C2SCCN2C(=O)C1Cc1ccc(Cl)cc1,,0.0,,0.0,0.0,0.0,0.0,0.0,0.0,0.0,0.0,0.0
5380,Cn1c(=O)c2c(ncn2CCOC(=O)C(C)(C)Oc2ccc(Cl)cc2)n(C)c1=O,,0.0,,0.0,0.0,0.0,0.0,0.0,0.0,0.0,0.0,0.0
5381,O=C(COc1ccc(Cl)cc1)OCCNC12CC3CC(CC(C3)C1)C2,,0.0,,0.0,0.0,0.0,0.0,0.0,0.0,0.0,0.0,0.0
5382,CN1C(=O)CC(=O)N(c2ccccc2)c2cc(Cl)ccc21,,0.0,,,0.0,0.0,0.0,0.0,0.0,0.0,0.0,0.0
5383,CN1C(=O)CN2CCc3ccccc3C2c2cc(Cl)ccc21,,0.0,,,0.0,1.0,0.0,0.0,0.0,1.0,0.0,0.0
5385,CC[C@H]1OC(=O)[C@H](C)[C@@H](O[C@H]2C[C@@](C)(OC)[C@@H](O)[C@H](C)O2)[C@H](C)[C@@H](O[C@@H]2O[C@H](C)C[C@H](N(C)C)[C@H]2O)[C@](C)(O)C[C@@H](C)C(=NOCOCCOC)[C@H](C)[C@@H](O)[C@]1(C)O,0.0,0.0,0.0,0.0,0.0,0.0,0.0,0.0,0.0,0.0,0.0,0.0
5388,CN(C)c1ccc(N(C)C)cc1,0.0,0.0,1.0,,0.0,1.0,0.0,,,0.0,0.0,0.0
5389,CN(C)c1ccc(/N=N/c2ccccc2C(=O)O)cc1,1.0,0.0,1.0,,0.0,1.0,,,0.0,0.0,1.0,0.0
5391,CN1CCN2c3ncccc3Cc3ccccc3C2C1,,0.0,,0.0,0.0,0.0,0.0,0.0,0.0,0.0,0.0,0.0
5395,CNc1ccc(C(=O)CC(O)CCC(C)C2OC(=O)CC(O)CC(=O)CC(O)CC(O)CC(O)CC(O)CC3(O)CC(O)C(C(=O)OC)C(CC(O[C@@H]4O[C@H](C)[C@@H](O)[C@H](N)[C@@H]4O)/C=C/C=C/C=C/C=C/C=C/C=C/C=C/C2C)O3)cc1,,0.0,,0.0,0.0,0.0,1.0,0.0,0.0,0.0,0.0,0.0
5397,COC1=CC=C2[C@H]3Cc4ccc(OC)c5c4[C@@]2(CCN3C)[C@H]1O5,,0.0,,0.0,0.0,0.0,0.0,0.0,0.0,0.0,0.0,0.0
5398,CCN(CC)CCn1c(=O)c(Cc2ccc(OC)cc2)nc2ccccc21,,0.0,,0.0,0.0,0.0,0.0,0.0,0.0,0.0,0.0,0.0
5404,CS(=O)(=O)c1ccc(C2=C(c3ccccc3)C(=O)OC2)cc1,,0.0,,0.0,0.0,0.0,0.0,0.0,0.0,0.0,0.0,0.0
5405,CCC[C@@H]1C[C@@H](C(=O)N[C@@H]([C@H]2O[C@H](SC)[C@H](OP(=O)(O)O)[C@@H](O)[C@H]2O)[C@H](C)Cl)N(C)C1,,0.0,,0.0,0.0,0.0,0.0,0.0,0.0,0.0,0.0,0.0
5406,O=C(CCCN1CCC(C(=O)c2ccc(F)cc2)CC1)c1ccc(F)cc1,,0.0,,0.0,0.0,0.0,0.0,0.0,0.0,0.0,0.0,0.0
5409,O=C(NC(=O)c1c(F)cccc1F)Nc1ccc(Cl)c(Oc2ncc(C(F)(F)F)cc2Cl)c1,,0.0,,0.0,0.0,0.0,1.0,0.0,0.0,1.0,0.0,0.0
5413,N#Cc1ccc(C(c2ccc(C#N)cc2)n2cncn2)cc1,0.0,0.0,0.0,1.0,0.0,0.0,0.0,0.0,0.0,0.0,0.0,0.0
5415,NC[C@@H]1CC[C@@H](N)[C@@H](O[C@H]2[C@H](O)[C@@H](O[C@H]3O[C@H](CO)[C@@H](O)[C@H](N)[C@H]3O)[C@H](N)C[C@@H]2N)O1,,1.0,,0.0,0.0,0.0,0.0,1.0,0.0,0.0,0.0,0.0
5416,CO[C@@]1(NC(=O)C2SC(=C(C(N)=O)C(=O)O)S2)C(=O)N2C(C(=O)O)=C(CSc3nnnn3C)CS[C@@H]21,,0.0,,0.0,0.0,0.0,0.0,0.0,0.0,0.0,0.0,0.0
5417,CSCC[C@H](NC(=O)[C@H](Cc1ccc(OS(=O)(=O)O)cc1)NC(=O)[C@@H](N)CC(=O)O)C(=O)NCC(=O)N[C@@H](Cc1c[nH]c2ccccc12)C(=O)N[C@@H](CCSC)C(=O)N[C@@H](CC(=O)O)C(=O)N[C@@H](Cc1ccccc1)C(N)=O,,0.0,,0.0,1.0,0.0,0.0,1.0,0.0,0.0,0.0,0.0
5422,CN(C)c1ccc(N)cc1,0.0,,1.0,,0.0,1.0,1.0,1.0,0.0,0.0,1.0,0.0
5424,Nc1ccc(/N=N/c2ccccc2)cc1,0.0,0.0,1.0,,0.0,1.0,,1.0,,0.0,1.0,0.0
5427,Nc1ncnc2c1ncn2[C@H]1CC[C@@H](CO)O1,0.0,0.0,0.0,0.0,0.0,0.0,0.0,0.0,0.0,0.0,0.0,0.0
5429,NNc1nc(-c2ccc(N)cc2)cs1,,0.0,1.0,,0.0,1.0,1.0,0.0,,0.0,0.0,0.0
5431,NS(=O)(=O)c1cc2c(cc1Cl)NC(Cc1ccccc1)NS2(=O)=O,,0.0,,0.0,0.0,0.0,0.0,0.0,0.0,0.0,0.0,0.0
5434,O.S=C1NC=NC2N=CNC12,0.0,0.0,1.0,,0.0,1.0,1.0,,,1.0,0.0,0.0
5436,CCCCCCCC/C=C\CCCCCCCC(=O)OC[C@@H](O)[C@H]1OC[C@H](O)[C@H]1O,0.0,0.0,0.0,0.0,0.0,0.0,0.0,0.0,0.0,0.0,0.0,0.0
5437,O=C1c2c(O)cccc2[C@H]([C@@H]2O[C@H](CO)[C@@H](O)[C@H](O)[C@H]2O)c2cc(CO)cc(O)c21,,1.0,,0.0,0.0,0.0,0.0,1.0,0.0,0.0,0.0,0.0
5438,NC(=O)[C@H]1O[C@@H](O)[C@H](O)[C@@H](O)[C@@H]1O,,0.0,,0.0,0.0,0.0,0.0,0.0,0.0,0.0,0.0,0.0
5447,CN1C(=O)C[C@@H](C(=O)N[C@@H](Cc2c[nH]cn2)C(=O)N2CCC[C@H]2C(N)=O)NC1=O,,0.0,,0.0,0.0,0.0,0.0,0.0,0.0,0.0,0.0,0.0
5449,CC[C@H](C)[C@H](NC(=O)[C@H](Cc1ccccc1)NC(=O)[C@H](C)NC(=O)[C@H](CC(=O)O)NC(=O)[C@H](CCCCN)NC(=O)[C@H](CO)NC(=O)[C@@H]1CCCN1C(=O)[C@@H]1CCC(=O)N1)C(=O)NCC(=O)N[C@@H](CC(C)C)C(=O)N[C@@H](CCSC)C(N)=O,,0.0,,,0.0,0.0,0.0,0.0,0.0,0.0,0.0,0.0
5450,COc1ccc(/C=N\NC(=O)c2ccncc2)c(C(=O)O)c1OC,,0.0,,0.0,0.0,1.0,0.0,0.0,0.0,0.0,0.0,0.0
5451,CCCN(CC)C(CC)C(=O)Nc1c(C)cccc1C,,0.0,,0.0,0.0,0.0,0.0,0.0,0.0,0.0,0.0,0.0
5453,CCOC(=O)CN[C@@H](C(=O)N1CC[C@H]1C(=O)NCc1ccc(/C(N)=N/O)cc1)C1CCCCC1,,0.0,,0.0,0.0,0.0,0.0,0.0,0.0,0.0,0.0,0.0
5458,C[Se]CC[C@H](N)C(=O)O,,0.0,,0.0,0.0,0.0,0.0,0.0,0.0,0.0,0.0,0.0
5459,C[C@@H]1C/C=C/C=C/C=C/C=C/[C@H](O[C@@H]2O[C@H](C)[C@@H](O)[C@H](N)[C@@H]2O)C[C@@H]2O[C@](O)(C[C@@H](O)C[C@H]3O[C@@H]3/C=C/C(=O)O1)C[C@H](O)[C@H]2C(=O)O,,0.0,,0.0,0.0,0.0,0.0,0.0,0.0,0.0,0.0,0.0
5461,CC1C(=O)CC2C3(C)CCC2(C(C)C(=O)O)C(=O)C13,,0.0,,0.0,0.0,0.0,0.0,0.0,0.0,0.0,0.0,0.0
5467,O=C(O)c1ccc(NC2OC[C@@H](O)[C@H](O)[C@H]2O)cc1,,0.0,,,0.0,0.0,0.0,0.0,0.0,0.0,0.0,0.0
5472,CCCCCCCC/C=C\CCCCCCCC(=O)O,0.0,0.0,0.0,0.0,0.0,0.0,0.0,0.0,0.0,0.0,0.0,0.0
5476,O=C(OC1CCCCC1)c1ccccc1C(=O)OC1CCCCC1,0.0,0.0,,,0.0,0.0,1.0,0.0,,0.0,0.0,0.0
5477,CCCCOC(=O)C(=O)Nc1cccc(-c2nnn[nH]2)c1,,0.0,,0.0,0.0,0.0,0.0,0.0,0.0,0.0,0.0,0.0
5480,C#C[C@]1(O)CC[C@H]2[C@@H]3CCC4=C(CCC(=O)C4)[C@H]3CC[C@@]21C,,1.0,,0.0,1.0,0.0,0.0,1.0,0.0,0.0,0.0,1.0
5485,C[C@]12CCC(=O)C[C@@H]1CC[C@@H]1[C@@H]2CC[C@]2(C)C=CC[C@@H]12,,0.0,,0.0,1.0,0.0,1.0,1.0,0.0,0.0,0.0,0.0
5490,CCC1(c2ccccc2)C(=O)NC(=O)N(C(=O)c2ccccc2)C1=O,,0.0,,0.0,0.0,0.0,1.0,0.0,0.0,0.0,0.0,0.0
5492,CCN1C(=O)NC(c2ccccc2)C1=O,,0.0,,0.0,0.0,0.0,0.0,0.0,0.0,0.0,0.0,0.0
5500,COc1ccc2c3c1O[C@H]1C(=O)CC[C@H]4[C@@H](C2)N(C)CC[C@]314.COc1ccc2c3c1O[C@H]1C(=O)CC[C@H]4[C@@H](C2)N(C)CC[C@]314.O=P(O)(O)O.O=P(O)(O)O.O=P(O)(O)O,,0.0,,0.0,0.0,0.0,0.0,0.0,0.0,0.0,0.0,0.0
5501,O=P1(N(CCCl)CCCl)NC(OO)CCO1,,0.0,,0.0,0.0,0.0,0.0,0.0,0.0,0.0,0.0,0.0
5505,CC[C@@H](C)CCCCC(=O)N[C@H](CCN)C(=O)N[C@@H](C(=O)N[C@H](CCN)C(=O)N[C@@H]1CCNC(=O)C([C@@H](C)O)NC(=O)[C@@H](CCN)NC(=O)[C@@H](CCN)NC(=O)[C@@H](CC(C)C)NC(=O)[C@@H](Cc2ccccc2)NC(=O)[C@@H](CCN)NC1=O)[C@@H](C)O.O=S(=O)(O)O,,0.0,,0.0,0.0,0.0,0.0,0.0,0.0,0.0,0.0,0.0
5508,N=C(N)NCCCCNC(=N)N.O=S(=O)(O)O,,0.0,,0.0,1.0,0.0,0.0,1.0,0.0,0.0,0.0,0.0
5511,O=C(CS(=O)C(c1ccccc1)c1ccccc1)NO,,0.0,,0.0,0.0,0.0,0.0,0.0,0.0,0.0,0.0,0.0
5514,CC(O)(c1ccc(Cl)cc1)c1ccc(Cl)cc1,0.0,0.0,,,0.0,0.0,1.0,0.0,,0.0,0.0,0.0
5517,OC(c1ccccc1)(c1ccccc1)C1CN2CCC1CC2,,1.0,,0.0,0.0,0.0,0.0,0.0,0.0,0.0,0.0,0.0
5523,CCCCCOC(=O)c1ccc(O)cc1,0.0,0.0,,,1.0,1.0,1.0,1.0,0.0,,1.0,0.0
5530,CCC(NC(C)C)C(O)c1ccc(O)c(O)c1.CS(=O)(=O)O,,0.0,,0.0,0.0,0.0,0.0,0.0,0.0,0.0,0.0,0.0
5536,CCCCCCOc1ccc(O)cc1,0.0,0.0,1.0,,0.0,,1.0,1.0,,1.0,1.0,0.0
5537,CCCOC(=O)c1ccccc1O,,0.0,,0.0,0.0,0.0,0.0,0.0,0.0,0.0,0.0,0.0
5538,O=c1cc(-c2ccccc2)oc2cc(O)cc(O)c12,,0.0,1.0,,1.0,1.0,1.0,1.0,1.0,,0.0,0.0
5539,Oc1ccc(/N=N/c2ccccc2)cc1,0.0,0.0,1.0,,1.0,1.0,1.0,1.0,,,1.0,0.0
5550,C=CCN1C(=O)C(CC(C)C)NC1=S,,0.0,,0.0,0.0,0.0,0.0,0.0,0.0,0.0,0.0,0.0
5551,O=C([O-])[C@H](O)[C@@H](O)[C@H](O)[C@H](O)CO.O=C([O-])[C@H](O)[C@@H](O)[C@H](O)[C@H](O)CO.[Ba+2],,0.0,,0.0,0.0,0.0,0.0,0.0,0.0,0.0,0.0,0.0
5553,C[N+](C)(CCCCCC[N+](C)(C)C1c2ccccc2-c2ccccc21)C1c2ccccc2-c2ccccc21.[Br-].[Br-],,0.0,,0.0,0.0,0.0,0.0,0.0,0.0,0.0,0.0,0.0
5554,CC(=O)O[C@H]1C[C@@H]2CC[C@@H]3[C@H](CC[C@@]4(C)[C@H]3C[C@H](N3CC[N+](C)(C)CC3)[C@@H]4OC(C)=O)[C@@]2(C)C[C@@H]1N1CC[N+](C)(C)CC1.[Br-].[Br-],,0.0,,0.0,0.0,0.0,0.0,0.0,0.0,0.0,0.0,0.0
5555,CC(=O)O[C@H]1C[C@@H]2CC[C@@H]3[C@H](CC[C@@]4(C)[C@H]3C[C@H]([N+]3(C)CCCCC3)[C@@H]4OC(C)=O)[C@@]2(C)C[C@@H]1[N+]1(C)CCCCC1.[Br-].[Br-],,0.0,,0.0,0.0,0.0,0.0,0.0,0.0,0.0,0.0,0.0
5556,C[N+](C)(C)CCO.[Br-],,0.0,,0.0,0.0,0.0,0.0,0.0,0.0,0.0,0.0,0.0
5559,C[N+]1(C)[C@@H]2CC[C@H]1C[C@@H](OC(=O)C(CO)c1ccccc1)C2.[Br-],,1.0,,0.0,0.0,0.0,0.0,1.0,0.0,0.0,0.0,0.0
5561,CCC(C)C(C(=O)OCC[N+](C)(CC)CC)c1ccccc1.[Br-],,0.0,,0.0,0.0,0.0,0.0,0.0,0.0,0.0,0.0,0.0
5566,C[C@@H]1O[C@@H]1P(=O)([O-])[O-].[Ca+2],,0.0,,0.0,0.0,0.0,0.0,1.0,0.0,0.0,0.0,0.0
5568,O.O.O=C([O-])[C@H](CC(=O)N1C[C@H]2CCCC[C@H]2C1)Cc1ccccc1.O=C([O-])[C@H](CC(=O)N1C[C@H]2CCCC[C@H]2C1)Cc1ccccc1.[Ca+2],,0.0,,0.0,0.0,0.0,0.0,1.0,0.0,0.0,0.0,0.0
5569,Nc1nc(=O)c2c([nH]1)NCC(CNc1ccc(C(=O)N[C@@H](CCC(=O)[O-])C(=O)[O-])cc1)N2C=O.O.O.O.O.O.[Ca+2],,0.0,,0.0,0.0,0.0,0.0,0.0,0.0,0.0,0.0,0.0
5570,C[C@H](CSC(=O)c1ccccc1)C(=O)N1C[C@@H](Sc2ccccc2)C[C@H]1C(=O)[O-].C[C@H](CSC(=O)c1ccccc1)C(=O)N1C[C@@H](Sc2ccccc2)C[C@H]1C(=O)[O-].[Ca+2],,0.0,,0.0,0.0,0.0,0.0,0.0,0.0,0.0,0.0,0.0
5571,CC(=O)NCCCS(=O)(=O)[O-].CC(=O)NCCCS(=O)(=O)[O-].[Ca+2],0.0,0.0,1.0,0.0,0.0,0.0,0.0,0.0,0.0,0.0,0.0,0.0
5573,C=CC[N@@+]12CC[C@@]34c5ccccc5N5/C=C6/[C@H]7C[C@H]8[C@@]9(CC[N@@+]8(CC=C)C/C7=C/CO)c7ccccc7N(/C=C(/[C@@H](C[C@@H]31)/C(=C\CO)C2)[C@H]54)[C@@H]69.[Cl-].[Cl-],,0.0,,0.0,0.0,0.0,0.0,0.0,0.0,0.0,0.0,0.0
5576,COC(=O)CCC[N+](C)(C)C.[Cl-],,0.0,,0.0,0.0,0.0,0.0,0.0,0.0,0.0,0.0,0.0
5577,C[S+](C)CCC(N)C(=O)O.[Cl-],,0.0,,0.0,0.0,0.0,0.0,0.0,0.0,0.0,0.0,0.0
5579,Cc1ncc(C[n+]2csc(CCO)c2C)c(N)n1.Cl.[Cl-],,0.0,,0.0,0.0,0.0,0.0,0.0,0.0,0.0,0.0,0.0
5580,CO/N=C(\C(=O)N[C@@H]1C(=O)N2C(C(=O)O)=C(C[N+]3(C)CCCC3)CS[C@H]12)c1csc(N)n1.Cl.O.[Cl-],,0.0,,0.0,0.0,0.0,0.0,0.0,0.0,0.0,0.0,0.0
5582,CCCCCCCCCCCCCCCCCC[N+](C)(C)CCC[Si](OC)(OC)OC.[Cl-],,0.0,,0.0,1.0,0.0,0.0,1.0,0.0,0.0,0.0,0.0
5584,Cc1ncc(C[n+]2csc(CCOP(=O)(O)O)c2C)c(N)n1.[Cl-],,0.0,,0.0,0.0,0.0,0.0,0.0,0.0,0.0,0.0,0.0
5585,Cc1ncc(C[n+]2csc(CCOP(=O)(O)OP(=O)(O)O)c2C)c(N)n1.[Cl-],,0.0,,0.0,0.0,0.0,0.0,0.0,0.0,0.0,0.0,0.0
5587,CC[N+](CC)(CC)CCC(O)(c1ccccc1)C1CCCCC1.[Cl-],,0.0,,0.0,0.0,0.0,0.0,0.0,0.0,0.0,0.0,0.0
5592,CCCCC(=O)[O-].[K+],,0.0,,0.0,0.0,0.0,0.0,0.0,0.0,0.0,0.0,0.0
5594,CC1=CC(=O)[N-]S(=O)(=O)O1.[K+],0.0,0.0,0.0,0.0,0.0,0.0,0.0,0.0,0.0,0.0,0.0,0.0
5596,CC(=O)N[C@H]1[C@@H](OC2C(C(=O)[O-])O[C@@H](OC3[C@H]4CO[C@H](O4)[C@H](NS(=O)(=O)[O-])[C@H]3O)[C@H](O)[C@H]2O)O[C@H](CO)[C@@H](O[C@@H]2CC(C(=O)[O-])[C@@H](O[C@H]3O[C@H](COS(=O)(=O)O)[C@@H](O[C@@H]4OC(C(=O)[O-])=C[C@H](O)[C@H]4O)[C@H](O)[C@H]3NC(C)=O)[C@H](O)[C@H]2O)[C@@H]1C.[Na+].[Na+].[Na+].[Na+],,0.0,,0.0,0.0,0.0,0.0,0.0,0.0,0.0,0.0,0.0
5599,O=S(=O)([O-])CCCS(=O)(=O)[O-].[Na+].[Na+],,0.0,,0.0,0.0,0.0,0.0,0.0,0.0,0.0,0.0,0.0
5601,O=P([O-])(O)C(Cl)(Cl)P(=O)([O-])O.[Na+].[Na+],,0.0,,0.0,0.0,0.0,0.0,0.0,0.0,0.0,0.0,0.0
5602,O=P([O-])(O)C(Sc1ccc(Cl)cc1)P(=O)([O-])O.[Na+].[Na+],,0.0,,0.0,0.0,0.0,0.0,0.0,0.0,0.0,0.0,0.0
5603,NC(=O)OC[C@@H]1[C@H](NC(=O)/C(=N\OCC(=O)[O-])c2csc(N)n2)C(=O)N1S(=O)(=O)[O-].[Na+].[Na+],,0.0,,0.0,0.0,0.0,0.0,1.0,0.0,0.0,0.0,0.0
5604,O.O=C([O-])CC(S[Au])C(=O)[O-].[Na+].[Na+],,0.0,,0.0,0.0,0.0,0.0,0.0,0.0,0.0,0.0,0.0
5606,CC1(C)S[C@@H]2[C@H](NC(=O)[C@H](C(=O)[O-])c3ccsc3)C(=O)N2[C@H]1C(=O)[O-].[Na+].[Na+],,0.0,,0.0,0.0,0.0,0.0,0.0,0.0,0.0,0.0,0.0
5607,O=S([O-])CNc1ccc(S(=O)(=O)c2ccc(NCS(=O)[O-])cc2)cc1.[Na+].[Na+],,0.0,,0.0,0.0,0.0,0.0,0.0,0.0,0.0,0.0,0.0
5609,CC[C@H](C)C(=O)O[C@H]1C[C@H](O)C=C2C=C[C@H](C)[C@H](CC[C@@H](O)C[C@@H](O)CC(=O)[O-])[C@H]21.[Na+],0.0,0.0,0.0,0.0,0.0,0.0,0.0,0.0,0.0,0.0,0.0,0.0
5611,CO[C@@]1(NC(=O)Cc2cccs2)C(=O)N2C(C(=O)[O-])=C(COC(N)=O)CS[C@@H]21.[Na+],,0.0,,0.0,0.0,0.0,0.0,0.0,0.0,0.0,0.0,0.0
5613,CCC(=O)[O-].[Na+],0.0,0.0,0.0,0.0,0.0,0.0,0.0,0.0,0.0,0.0,0.0,0.0
5614,CCCC(=O)[O-].[Na+],,0.0,,0.0,0.0,0.0,0.0,0.0,0.0,0.0,0.0,0.0
5615,NC(=O)c1cc[n+](CC2=C(C(=O)[O-])N3C(=O)[C@@H](NC(=O)[C@H](c4ccccc4)S(=O)(=O)[O-])[C@@H]3SC2)cc1.[Na+],,0.0,,0.0,0.0,0.0,0.0,0.0,0.0,0.0,0.0,0.0
5616,C=CS(=O)(=O)[O-].[Na+],0.0,0.0,0.0,0.0,0.0,0.0,0.0,0.0,0.0,0.0,0.0,0.0
5620,CCCCC(CC)CCC(CC(C)C)OS(=O)(=O)[O-].[Na+],0.0,0.0,0.0,0.0,0.0,0.0,0.0,0.0,0.0,0.0,0.0,0.0
5622,O=c1[n-]c(=O)n(Cl)c(=O)n1Cl.[Na+],0.0,0.0,0.0,0.0,0.0,0.0,0.0,1.0,0.0,0.0,0.0,0.0
5624,CN1C2=CC(=O)C(=NNC(N)=O)C=C2CC1S(=O)(=O)[O-].[Na+],,0.0,,0.0,0.0,0.0,0.0,0.0,0.0,0.0,0.0,0.0
5625,CO/N=C(/C(=O)N[C@@H]1C(=O)N2C(C(=O)[O-])=C(COC(C)=O)CS[C@H]12)c1csc(N)n1.[Na+],,0.0,,0.0,0.0,0.0,0.0,0.0,0.0,0.0,0.0,0.0
5626,CO/N=C(\C(=O)N[C@@H]1C(=O)N2C(C(=O)[O-])=CCS[C@H]12)c1csc(N)n1.[Na+],,0.0,,0.0,0.0,0.0,0.0,0.0,0.0,0.0,0.0,0.0
5627,O.O=S(=O)([O-])CC(S)CS.[Na+],,0.0,,0.0,0.0,0.0,0.0,0.0,0.0,0.0,0.0,0.0
5628,C[C@]12CC[C@H](OS(=O)(=O)[O-])CC1=CC[C@@H]1[C@@H]2CC[C@]2(C)C(=O)CC[C@@H]12.O.O.[Na+],,1.0,,0.0,0.0,0.0,0.0,1.0,0.0,0.0,0.0,0.0
5631,CC1(C)S[C@@H]2[C@H](NC(=O)[C@@H](NC(=O)N3CCNC3=O)c3ccccc3)C(=O)N2[C@H]1C(=O)[O-].[Na+],,0.0,,0.0,0.0,0.0,0.0,0.0,0.0,0.0,0.0,0.0
5633,CC1(C)C2CC[C@]3(C)[C@H](C(=O)C=C4[C@@H]5C[C@@](C)(C(=O)O)CC[C@]5(C)CC[C@]43C)[C@@]2(C)CC[C@@H]1O[C@H]1O[C@H](C(=O)[O-])[C@@H](O)[C@H](O)[C@H]1O[C@@H]1O[C@H](C(=O)O)[C@@H](O)[C@H](O)[C@H]1O.[Na+],,0.0,,0.0,0.0,0.0,0.0,1.0,0.0,0.0,0.0,0.0
5635,C=CCC1(C(C)CCC)C(=O)N=C([S-])NC1=O.[Na+],,0.0,,0.0,0.0,0.0,0.0,0.0,0.0,0.0,0.0,0.0
5637,O=C([O-])c1ccc(NC(=O)[C@H](Cc2ccc(O)cc2)NC(=O)c2ccccc2)cc1.[Na+],,0.0,,0.0,0.0,0.0,0.0,0.0,0.0,0.0,0.0,0.0
5639,CC(C)NCC1CCc2cc(CO)c([N+](=O)[O-])cc2N1,,0.0,,0.0,0.0,0.0,0.0,0.0,0.0,0.0,0.0,0.0
5642,Cc1cnc(C(=O)O)c[n+]1[O-],,0.0,,0.0,0.0,0.0,0.0,0.0,0.0,0.0,0.0,0.0
5643,C[C@@H](O)[C@H]1C(=O)N2C(C(=O)[O-])=C(SC3Cn4cnc[n+]4C3)[C@H](C)[C@H]12,,0.0,,0.0,0.0,0.0,0.0,0.0,0.0,0.0,0.0,1.0
5644,CCCCCCCCCCCCCCCCCCOP(=O)([O-])OC1CC[N+](C)(C)CC1,,0.0,,0.0,0.0,0.0,0.0,0.0,0.0,0.0,0.0,0.0
5646,O=C([O-])c1ccccc1O.O=C([O-])c1ccccc1O.[Zn+2],,0.0,,0.0,0.0,0.0,0.0,0.0,0.0,0.0,0.0,0.0
5649,Br.CN1[C@@H]2C[C@@H](OC(=O)[C@H](CO)c3ccccc3)C[C@H]1[C@@H]1O[C@@H]12.O.O.O,0.0,0.0,0.0,0.0,0.0,0.0,0.0,1.0,0.0,0.0,0.0,0.0
5652,Br.CC(N)Cc1ccc(O)cc1,,0.0,,0.0,0.0,0.0,0.0,0.0,0.0,0.0,0.0,0.0
5653,CC[N+](C)(C)Cc1ccccc1Br.Cc1ccc(S(=O)(=O)[O-])cc1,,0.0,,0.0,0.0,0.0,0.0,0.0,0.0,0.0,0.0,0.0
5654,CC(C)=CCC/C(C)=C/C=C/C(C)=C/C=C/C(C)=C/C=C/C=C(C)/C=C/C=C(C)/C=C/C=C(\C)CCC=C(C)C,,0.0,,0.0,1.0,0.0,0.0,1.0,0.0,0.0,0.0,1.0
5655,CC1(C)[C@H]2CC[C@]1(C)[C@H](O)C2,0.0,0.0,0.0,0.0,0.0,0.0,0.0,0.0,0.0,0.0,0.0,0.0
5658,CO[C@H]1O[C@@H]2O[C@@]3(C)CC[C@H]4[C@H](C)CC[C@@H]([C@H]1C)C24OO3,,0.0,,0.0,0.0,0.0,0.0,0.0,0.0,0.0,0.0,0.0
5659,CC(C)Cc1ccc([C@H](C)C(=O)O)cc1,,0.0,,0.0,0.0,0.0,0.0,0.0,0.0,0.0,0.0,0.0
5660,C[N+](C)(C)CC(=O)[O-],0.0,0.0,0.0,0.0,0.0,0.0,0.0,0.0,0.0,0.0,0.0,0.0
5663,CCCCCCCCCCCCCCCC(=O)OC[C@H](COP(=O)([O-])OCC[N+](C)(C)C)OC(=O)CCCCCCCCCCCCCCC,,0.0,,0.0,0.0,0.0,0.0,0.0,0.0,0.0,0.0,0.0
5664,C[N+]1([O-])[C@@H]2CC[C@H]1C[C@@H](OC(=O)C(CO)c1ccccc1)C2,,0.0,,0.0,0.0,0.0,0.0,0.0,0.0,0.0,0.0,0.0
5666,CCC(C)(CCC(C)C)C(=O)O[Sn](C)(C)OC(=O)C(C)(CC)CCC(C)C,1.0,0.0,1.0,0.0,0.0,,0.0,0.0,,0.0,0.0,0.0
5667,CC(C)=CCC/C(C)=C/CC/C(C)=C/CC/C=C(\C)CC/C=C(\C)CCC=C(C)C,,0.0,,0.0,0.0,0.0,0.0,0.0,0.0,0.0,0.0,0.0
5669,C=C1[C@H](CO)[C@@H](O)C[C@@H]1n1cnc2c(=O)[nH]c(N)nc21,,0.0,,0.0,0.0,0.0,0.0,0.0,0.0,0.0,0.0,0.0
5671,C=CC(N)CCC(=O)O,,0.0,,0.0,0.0,0.0,0.0,0.0,0.0,0.0,0.0,0.0
5672,C=CCN=C=S,0.0,0.0,0.0,0.0,0.0,0.0,0.0,0.0,0.0,0.0,0.0,0.0
5674,C=CCN(C1=NCCN1)c1c(Cl)cccc1Cl,,0.0,,0.0,0.0,0.0,0.0,1.0,0.0,0.0,0.0,0.0
5677,c1csc(C2(N3CCCCC3)CCCCC2)c1,,0.0,,0.0,0.0,0.0,0.0,0.0,0.0,0.0,0.0,0.0
5678,c1ccc2c(c1)OCC(CN1CCCCC1)O2,,0.0,,0.0,0.0,0.0,0.0,0.0,0.0,0.0,0.0,0.0
5679,C1CCc2nnnn2CC1,,0.0,,0.0,0.0,0.0,0.0,0.0,0.0,0.0,0.0,0.0
5681,C1CN(P2(N3CC3)=NP(N3CC3)(N3CC3)=NP(N3CC3)(N3CC3)=N2)CCO1,,0.0,,0.0,0.0,0.0,0.0,0.0,0.0,1.0,0.0,0.0
5682,c1ccc2cc(CC3=NCCN3)ccc2c1,,0.0,,0.0,0.0,1.0,0.0,0.0,0.0,0.0,0.0,0.0
5684,c1ccc2c(c1)Sc1ccccc1N2C[C@@H]1CN2CCC1CC2,,0.0,,0.0,0.0,0.0,0.0,0.0,0.0,0.0,0.0,0.0
5689,CC(=O)N[C@@H]1C(O[C@H]2O[C@H](C(=O)O)C(O)[C@H](O)[C@H]2O)[C@H](O)[C@@H](CO)O[C@H]1O[C@@H]1C(C(=O)O)O[C@@H](O[C@H]2[C@H](O)[C@@H](CO)OC(O)[C@@H]2NC(C)=O)[C@H](O)[C@H]1O,,0.0,,0.0,0.0,0.0,0.0,0.0,0.0,0.0,0.0,0.0
5690,CC(=O)NC[C@H]1CN(c2ccc(N3CCOCC3)c(F)c2)C(=O)O1,,0.0,,0.0,0.0,0.0,0.0,1.0,0.0,0.0,0.0,0.0
5693,CC(=O)O.CCNC(=O)[C@@H]1CCCN1C(=O)[C@H](CCCNC(=N)N)NC(=O)[C@H](CC(C)C)NC(=O)[C@@H](CC(C)C)NC(=O)[C@H](Cc1ccc(O)cc1)NC(=O)[C@H](CO)NC(=O)[C@H](Cc1c[nH]c2ccccc12)NC(=O)[C@H](Cc1cnc[nH]1)NC(=O)[C@@H]1CCC(=O)N1,,0.0,,0.0,0.0,0.0,0.0,0.0,0.0,0.0,0.0,0.0
5694,CC(=O)O.CC(C)C[C@H](NC(=O)[C@@H](COC(C)(C)C)NC(=O)[C@H](Cc1ccc(O)cc1)NC(=O)[C@H](CO)NC(=O)[C@H](Cc1c[nH]c2ccccc12)NC(=O)[C@H](Cc1c[nH]cn1)NC(=O)[C@@H]1CCC(=O)N1)C(=O)N[C@@H](CCCNC(=N)N)C(=O)N1CCC[C@H]1C(=O)NNC(N)=O,,0.0,,0.0,0.0,0.0,0.0,0.0,0.0,0.0,0.0,0.0
5695,CCN1C[C@]2(COC)[C@H](O)C[C@H](OC)[C@]34C1[C@H]([C@H](OC)[C@H]23)[C@]1(OC(C)=O)[C@H]2[C@@H](OC(=O)c3ccccc3)[C@](O)(C[C@H]24)[C@@H](OC)[C@@H]1O,,0.0,,0.0,0.0,0.0,0.0,0.0,0.0,0.0,0.0,0.0
5696,CO[C@H]1C[C@H](O[C@H]2[C@H](C)[C@@H](O[C@@H]3O[C@H](C)C[C@H](N(C)C)[C@H]3OC(C)=O)[C@@H](C)C[C@]3(CO3)C(=O)[C@H](C)[C@@H](OC(C)=O)[C@@H](C)[C@@H](C)OC(=O)[C@@H]2C)O[C@@H](C)[C@@H]1OC(C)=O,,0.0,,0.0,0.0,0.0,0.0,0.0,0.0,0.0,0.0,0.0
5698,CCC(=O)O[C@H]1[C@@H](N2CCCCC2)C[C@H]2[C@@H]3CC[C@H]4C[C@H](OC(C)=O)[C@@H](N5CCCCC5)C[C@]4(C)[C@H]3CC[C@@]21C,,0.0,,0.0,0.0,0.0,0.0,0.0,0.0,0.0,0.0,0.0
5699,CCOC(=O)Cc1cccc(-c2cc(CCCCCCc3ccc(O[C@H]4O[C@H](COC(C)=O)[C@@H](OC(C)=O)[C@H](OC(C)=O)[C@@H]4OC(C)=O)c(-c4cccc(CC(=O)OCC)c4)c3)ccc2O[C@H]2O[C@H](COC(C)=O)[C@@H](OC(C)=O)[C@H](OC(C)=O)[C@@H]2OC(C)=O)c1,,0.0,,0.0,0.0,0.0,0.0,0.0,0.0,0.0,0.0,0.0
5700,COC(C)=O,0.0,0.0,0.0,0.0,0.0,0.0,0.0,0.0,0.0,0.0,0.0,0.0
5703,C/C=C/C/C=C\CCCCCCCCOC(C)=O,1.0,0.0,,,0.0,0.0,0.0,0.0,,0.0,0.0,0.0
5717,CC(C)C1=CC2=CC[C@@H]3[C@](C)(CCC[C@@]3(C)C(=O)O)[C@H]2CC1,,0.0,,0.0,0.0,0.0,0.0,0.0,0.0,0.0,0.0,0.0
5720,Cc1nnc(C(C)C)n1C1C[C@H]2CC[C@H](C1)N2CC[C@H](NC(=O)C1CCC(F)(F)CC1)c1ccccc1,,0.0,,0.0,0.0,0.0,0.0,0.0,0.0,0.0,0.0,0.0
5721,CC(C)c1cc2c(cc1S(=O)(=O)O)[C@@]1(C)CCC[C@@](C)(C(=O)O)[C@@H]1CC2,,0.0,,0.0,0.0,0.0,0.0,0.0,0.0,0.0,0.0,0.0
5722,CC(C)c1nnc2ccc(-c3ocnc3-c3cc(F)ccc3F)cn12,0.0,0.0,0.0,,0.0,0.0,,,0.0,0.0,0.0,0.0
5723,COC1[C@@H](O[C@@H]2O[C@H](C)[C@@H](O[C@H]3C[C@@](C)(O)[C@H](OC(=O)CC(C)C)[C@H](C)O3)[C@H](N(C)C)[C@H]2O)[C@@H](CC=O)C[C@@H](C)[C@@H](O)/C=C/C=C/C[C@@H](C)OC(=O)C[C@H]1OC(C)=O,,0.0,,0.0,0.0,0.0,0.0,0.0,0.0,0.0,0.0,0.0
5724,CC(C)CCC[C@@H](C)[C@H]1CC[C@H]2[C@@H]3CC[C@@H]4C[C@H](O)CC[C@]4(C)[C@H]3CC[C@]12C,,0.0,,0.0,0.0,0.0,0.0,0.0,0.0,0.0,0.0,0.0
5726,CC(C)CCON=O,0.0,0.0,0.0,0.0,0.0,0.0,0.0,0.0,0.0,0.0,0.0,0.0
5732,CNC(C)CC1CCCCC1,,0.0,,0.0,0.0,0.0,0.0,0.0,0.0,0.0,0.0,0.0
5736,CCOC(C)OCC,0.0,0.0,0.0,0.0,0.0,0.0,0.0,0.0,0.0,0.0,0.0,0.0
5739,CC1=C(/C=C/C(C)=C/C=C/C(C)=C/C=C/C=C(C)/C=C/C=C(C)/C=C/C2=C(C)CCCC2(C)C)C(C)(C)CCC1,,0.0,,0.0,0.0,0.0,0.0,0.0,0.0,0.0,0.0,0.0
5744,CC1CC(O)CC(C)(C)C1,0.0,0.0,0.0,0.0,0.0,0.0,0.0,0.0,0.0,0.0,0.0,0.0
5747,CC1(O)CCC(C(C)(C)O)CC1,,0.0,,0.0,0.0,0.0,0.0,0.0,0.0,0.0,0.0,0.0
5752,CC12CCC(C[N+](C)(CCC[N+](C)(C)C)C1)C2(C)C.COS(=O)(=O)[O-].COS(=O)(=O)[O-],,0.0,,0.0,0.0,0.0,0.0,0.0,0.0,0.0,0.0,0.0
5756,Cc1ccc(C(C)(C)c2ccc(C)cc2)cc1,,0.0,,0.0,0.0,0.0,0.0,0.0,0.0,0.0,0.0,0.0
5760,Cc1ccccc1-n1c(CF)nc2ccc(N)cc2c1=O,,1.0,,0.0,1.0,1.0,0.0,1.0,0.0,0.0,0.0,0.0
5765,CC1=NC(C)OC1C,0.0,0.0,1.0,,0.0,0.0,0.0,,,0.0,0.0,0.0
5775,CC=C(CC)C(=O)NC(N)=O,,0.0,,0.0,0.0,0.0,0.0,1.0,0.0,0.0,0.0,0.0
5776,CCC(=O)O[C@@H]1CC(=O)O[C@H](C)C/C=C/C=C/[C@H](O)[C@H](C)C[C@H](CC=O)[C@H](O[C@@H]2O[C@H](C)[C@@H](O[C@H]3C[C@@](C)(O)[C@@H](OC(=O)CC)[C@H](C)O3)[C@H](N(C)C)[C@H]2O)[C@H]1OC,,0.0,,0.0,0.0,0.0,0.0,0.0,0.0,0.0,0.0,0.0
5777,CCC(C)(CC)c1cc(NC(=O)c2c(OC)cccc2OC)on1,0.0,0.0,1.0,0.0,0.0,1.0,1.0,0.0,,0.0,0.0,0.0
5782,CCc1ncnc2cc(OC)c(OC)cc12,,0.0,,0.0,0.0,0.0,0.0,0.0,0.0,0.0,0.0,0.0
5783,CCCC(=O)Nc1ncnc2c1ncn2[C@@H]1O[C@@H]2COP(=O)(O)O[C@H]2[C@H]1OC(=O)CCC,,0.0,,0.0,0.0,0.0,0.0,0.0,0.0,0.0,0.0,0.0
5785,CCCC(CCC)C(N)=O,,0.0,,0.0,0.0,0.0,0.0,0.0,0.0,0.0,0.0,0.0
5788,CCCc1ccc(C(=O)O)cc1,,0.0,,0.0,0.0,0.0,0.0,0.0,0.0,0.0,0.0,0.0
5789,CCCCC(=O)O,0.0,0.0,0.0,0.0,0.0,0.0,0.0,1.0,0.0,0.0,0.0,0.0
5792,CCCCCC(O)/C=C/C=O,,0.0,,0.0,0.0,0.0,0.0,0.0,0.0,0.0,0.0,0.0
5798,CCCCNC(C)(C)[PH](=O)O,,0.0,,0.0,0.0,0.0,0.0,0.0,0.0,0.0,0.0,0.0
5806,CCOC(=S)SSC(=S)OCC,0.0,0.0,0.0,0.0,0.0,0.0,0.0,0.0,0.0,0.0,0.0,0.0
5807,C=C(Nc1ccc(OCC)cc1)Nc1ccc(OCC)cc1,,0.0,,0.0,0.0,0.0,0.0,0.0,0.0,0.0,0.0,0.0
5809,CCOc1ccc(NC(=S)Nc2ccc(OCC)cc2)cc1,,0.0,,0.0,0.0,0.0,1.0,0.0,0.0,0.0,0.0,0.0
5813,CN[C@@H](C)Cc1ccccc1.Cl,,0.0,,0.0,0.0,0.0,0.0,0.0,0.0,0.0,0.0,0.0
5815,C[N+]1([O-])[C@@H]2CC[C@H]1C[C@@H](OC(=O)C(CO)c1ccccc1)C2.Cl,,0.0,,0.0,0.0,0.0,0.0,0.0,0.0,0.0,0.0,0.0
5819,CC(=O)Oc1ccc2c3c1O[C@H]1[C@@H](OC(C)=O)C=C[C@H]4[C@@H](C2)N(C)CC[C@@]341.Cl,,0.0,,0.0,0.0,0.0,0.0,0.0,0.0,0.0,0.0,0.0
5821,CC(C)(C)C(=O)OCOC(=O)[C@@H]1N2C(=O)[C@@H](N=CN3CCCCCC3)[C@H]2SC1(C)C.Cl,,0.0,,0.0,0.0,0.0,0.0,0.0,0.0,0.0,0.0,0.0
5827,Cc1cccc(C(C)c2c[nH]cn2)c1C.Cl,,0.0,,1.0,0.0,1.0,0.0,0.0,0.0,0.0,0.0,0.0
5831,CC1CCCCN1CCCOC(=O)c1ccccc1.Cl,,0.0,,0.0,0.0,0.0,0.0,0.0,0.0,0.0,0.0,0.0
5832,C/C(=C(/CCO)SSCC1CCCO1)N(C=O)Cc1cnc(C)nc1N.Cl,,0.0,,0.0,0.0,0.0,0.0,0.0,0.0,0.0,0.0,0.0
5836,CCCN1CCC[C@@H](c2cccc(O)c2)C1.Cl,,0.0,,0.0,0.0,0.0,0.0,0.0,0.0,0.0,0.0,0.0
5839,CCN(CC)CCO[C@H]1CC[C@@]2(C)C(=CC[C@@H]3[C@@H]2CC[C@]2(C)C(=O)CC[C@@H]32)C1.Cl,,0.0,,0.0,0.0,0.0,0.0,0.0,0.0,0.0,0.0,0.0
5842,CCOc1ccc(/N=C(\C)Nc2ccc(OCC)cc2)cc1.Cl,,0.0,,0.0,0.0,0.0,0.0,0.0,0.0,0.0,0.0,0.0
5845,CCC(CN)CC(C)CCNCC(O)CNCC(C)CC(CC)CN.Cl.Cl,,0.0,,0.0,0.0,0.0,0.0,0.0,0.0,0.0,0.0,0.0
5847,CCN(CC)CCOC(=O)c1ccc(N)cc1Cl.Cl,,0.0,,0.0,0.0,0.0,0.0,0.0,0.0,0.0,0.0,0.0
5853,Cl.Clc1cc(Cl)c2c(c1)N=C1CCCCCN1C2,0.0,0.0,0.0,,0.0,,,1.0,0.0,0.0,0.0,0.0
5854,Cl.Nc1cc(Cl)c(NC2=NCCN2)c(Cl)c1,,0.0,,0.0,0.0,0.0,0.0,0.0,0.0,0.0,0.0,0.0
5856,COc1ccc2c(=O)c(C)c(-c3ccccc3)oc2c1CN(C)C.Cl,,0.0,,1.0,0.0,1.0,0.0,0.0,0.0,0.0,0.0,0.0
5861,COC(=O)[C@@H]1[C@H]2CC[C@@H](C[C@H]1OC(=O)c1ccccc1)N2C.Cl,,0.0,,0.0,0.0,0.0,0.0,0.0,0.0,0.0,0.0,0.0
5862,COC(=O)[C@H]1[C@@H](OC(=O)c2ccccc2)C[C@@H]2CC[C@H]1N2C.Cl,,0.0,,0.0,0.0,0.0,0.0,0.0,0.0,0.0,0.0,0.0
5866,COc1ccc2c3c1O[C@H]1[C@@H](O)C=C[C@H]4[C@@H](C2)NCC[C@@]341.Cl,,0.0,,0.0,0.0,0.0,0.0,0.0,0.0,0.0,0.0,0.0
5869,COc1cc2c(cc1OC)CC(=O)N(CCCN(C)C[C@H]1Cc3cc(OC)c(OC)cc31)CC2.Cl,,0.0,,0.0,0.0,0.0,0.0,0.0,0.0,0.0,0.0,0.0
5871,CCCCCCCCCCCCCCCC(=O)O[C@@H]1[C@@H](O)[C@@H](O)[C@@H]([C@H](NC(=O)[C@@H]2C[C@@H](CCC)CN2C)[C@H](C)Cl)O[C@@H]1SC.Cl,,0.0,,0.0,0.0,0.0,0.0,0.0,0.0,0.0,0.0,0.0
5875,Cl.N=C(N)n1cccn1,,0.0,,0.0,0.0,0.0,0.0,0.0,0.0,0.0,0.0,0.0
5878,CN(C)[C@@H]1C(O)=C(C(N)=O)C(=O)[C@@]2(O)C(O)=C3C(=O)c4c(O)cccc4[C@@](C)(O)[C@H]3[C@H](O)[C@@H]12.Cl,0.0,0.0,0.0,0.0,0.0,0.0,0.0,0.0,0.0,0.0,0.0,0.0
5886,COc1c(N2C[C@@H]3CCCN[C@@H]3C2)c(F)cc2c(=O)c(C(=O)O)cn(C3CC3)c12.Cl.O,,0.0,,0.0,0.0,0.0,0.0,0.0,0.0,0.0,0.0,0.0
5894,CCN(CC)C(=O)[C@]1(c2ccccc2)C[C@@H]1CN.Cl,,0.0,,0.0,0.0,0.0,0.0,0.0,0.0,0.0,0.0,0.0
5899,CN(C)[C@@H]1C(O)=C(C(=O)NCN2CCCC2)C(=O)[C@@]2(O)C(O)=C3C(=O)c4c(O)cccc4[C@@](C)(O)C3C[C@@H]12.Cl,,0.0,,0.0,0.0,0.0,0.0,0.0,0.0,0.0,0.0,0.0
5906,COC(=O)[C@H]1[C@H]2C[C@@H]3c4[nH]c5cc(OC)ccc5c4CCN3C[C@H]2C[C@H](OC)[C@@H]1OC.Cl,,0.0,,0.0,0.0,0.0,0.0,0.0,0.0,0.0,0.0,0.0
5907,COC(=O)C(c1ccccc1)C1CCCCN1.Cl,0.0,0.0,0.0,0.0,0.0,0.0,0.0,0.0,0.0,0.0,0.0,0.0
5908,COC(=O)C(CN)c1c[nH]c2ccc(OC)cc12.Cl,,0.0,,0.0,0.0,1.0,0.0,0.0,0.0,0.0,0.0,0.0
5910,CCOC(=O)[C@H](CCc1ccccc1)N[C@@H](C)C(=O)N1CC2(C[C@H]1C(=O)O)SCCS2.Cl,,0.0,,0.0,0.0,0.0,0.0,0.0,0.0,0.0,0.0,0.0
5912,CCNC1(c2cccs2)CCCCC1=O.Cl,,0.0,,0.0,0.0,0.0,0.0,0.0,0.0,0.0,0.0,0.0
5915,CS(=O)(=O)c1ccc([C@@H](O)[C@@H](COC(=O)CN)NC(=O)C(Cl)Cl)cc1.Cl,,0.0,,0.0,0.0,0.0,0.0,0.0,0.0,0.0,0.0,0.0
5916,CC(C)NCC(O)c1ccc(NS(C)(=O)=O)cc1.Cl,0.0,0.0,0.0,0.0,0.0,0.0,0.0,0.0,0.0,0.0,0.0,0.0
5919,CNC(C)C(O)c1ccc(O)cc1.Cl,,0.0,,0.0,0.0,0.0,0.0,0.0,0.0,0.0,0.0,0.0
5921,Cl.NCC(O)c1cccc(O)c1,,0.0,,0.0,0.0,0.0,0.0,0.0,0.0,0.0,0.0,0.0
5923,CCNCC(O)c1cccc(O)c1.Cl,,0.0,,0.0,0.0,0.0,0.0,0.0,0.0,0.0,0.0,0.0
5925,CC(C)(C)NCC(O)c1ccc(O)c(CO)n1.Cl,,0.0,,0.0,0.0,0.0,0.0,0.0,0.0,0.0,0.0,0.0
5926,C=CCN1CC[C@]23c4c5ccc(O)c4O[C@H]2[C@@H](O)C=C[C@H]3[C@H]1C5.Cl,,0.0,,0.0,0.0,0.0,0.0,0.0,0.0,0.0,0.0,0.0
5928,Cl.O=C(Cn1c(=O)sc2ccc(Cl)cc21)N1CCN(CCO)CC1,,0.0,,0.0,0.0,0.0,0.0,0.0,0.0,0.0,0.0,0.0
5929,CC1(C)[C@H](C=C(Cl)Cl)[C@H]1C(=O)OCc1c(F)c(F)cc(F)c1F,,0.0,,0.0,0.0,0.0,1.0,0.0,0.0,0.0,0.0,0.0
5931,OCC1(CO)COC(C(Cl)(Cl)Cl)OC1,,0.0,,0.0,0.0,0.0,0.0,0.0,0.0,0.0,0.0,0.0
5935,Clc1ccc(C2(Cn3cncn3)OCCO2)c(Cl)c1,0.0,0.0,0.0,0.0,0.0,0.0,0.0,0.0,0.0,0.0,0.0,0.0
5946,OCC(O)COc1ccc(Cl)cc1,,0.0,,0.0,0.0,0.0,0.0,0.0,0.0,0.0,0.0,0.0
5947,CCOP(=S)(OCC)SCSc1ccc(Cl)cc1,,0.0,0.0,0.0,0.0,1.0,0.0,1.0,0.0,0.0,0.0,0.0
5949,CNC1=Nc2ccc(Cl)cc2C(c2ccccc2)=[N+]([O-])C1,,0.0,,0.0,0.0,0.0,0.0,0.0,0.0,0.0,0.0,0.0
5950,O=C1C[N+]([O-])=C(c2ccccc2)c2cc(Cl)ccc2N1,,0.0,,0.0,0.0,0.0,0.0,0.0,0.0,0.0,0.0,0.0
5951,O=C1Cc2ccccc2N1c1c(Cl)cccc1Cl,0.0,0.0,1.0,,1.0,0.0,,1.0,0.0,0.0,0.0,0.0
5954,Clc1ccc2c(c1)C(c1ccccc1)=NCc1nncn1-2,,0.0,,0.0,0.0,0.0,0.0,0.0,0.0,0.0,0.0,0.0
5956,ClCc1ccccc1.O=C1C[C@@H]2OCC=C3CN4CC[C@]56c7ccccc7N1[C@H]5[C@H]2[C@H]3C[C@H]46,,0.0,,0.0,0.0,0.0,0.0,0.0,0.0,0.0,0.0,0.0
5961,C[C@@H](Cc1ccccc1)N(C)C,,0.0,,0.0,0.0,0.0,0.0,1.0,0.0,0.0,0.0,0.0
5962,CO[C@@H]1[C@@H](O[C@@H]2O[C@H](C)[C@@H](O[C@H]3C[C@@](C)(O)[C@@H](O)[C@H](C)O3)[C@H](N(C)C)[C@H]2O)[C@@H](CC=O)C[C@@H](C)[C@@H](O[C@@H]2CC[C@H](N(C)C)[C@@H](C)O2)/C=C/C=C/C[C@@H](C)OC(=O)C[C@H]1O,,0.0,,0.0,0.0,0.0,0.0,0.0,0.0,0.0,0.0,0.0
5964,CC[C@H]1OC(=O)[C@H](C)[C@@H](O[C@H]2C[C@@](C)(OC)[C@@H](O)[C@H](C)O2)C(C)[C@@H](O[C@@H]2O[C@H](C)C[C@H](N(C)C)[C@H]2O)[C@](C)(OC)C[C@@H](C)C(=O)[C@H](C)[C@@H](O)[C@]1(C)O,0.0,0.0,0.0,0.0,0.0,0.0,0.0,0.0,0.0,0.0,0.0,0.0
5965,CC[C@H]1OC(=O)[C@H](C)C(=O)[C@H](C)[C@@H](O[C@@H]2O[C@H](C)C[C@H](N(C)C)[C@H]2O)[C@](C)(OC)C[C@@H](C)C(=O)[C@H](C)[C@H]2N(CCCCn3cnc(-c4cccnc4)c3)C(=O)O[C@]12C,,0.0,,0.0,0.0,0.0,0.0,0.0,0.0,0.0,0.0,0.0
5966,CCC(=O)O[C@@](Cc1ccccc1)(c1ccccc1)[C@@H](C)CN(C)C.O=S(=O)(O)c1ccc2ccccc2c1,,0.0,,0.0,0.0,0.0,0.0,0.0,0.0,0.0,0.0,0.0
5968,CN(C)Cc1ccccc1,0.0,0.0,0.0,0.0,0.0,0.0,0.0,0.0,0.0,0.0,0.0,0.0
5970,CN(C)CCc1c[nH]c2ccc(Cn3cncn3)cc12,,0.0,,0.0,0.0,0.0,0.0,0.0,0.0,0.0,0.0,0.0
5971,CCCCCCCCCCCCCCCC(=O)OCCC1CCN(CCCN2c3ccccc3Sc3ccc(S(=O)(=O)N(C)C)cc32)CC1,,0.0,,0.0,0.0,0.0,0.0,0.0,0.0,0.0,0.0,0.0
5973,CN(Cc1ccccc1)Cc1ccccc1,,0.0,,0.0,0.0,0.0,0.0,0.0,0.0,0.0,0.0,0.0
5974,CN[C@]1(c2ccccc2Cl)CCCCC1=O,,0.0,,0.0,0.0,0.0,0.0,0.0,0.0,0.0,0.0,0.0
5975,CN[C@@]1(c2ccccc2Cl)CCCCC1=O,,0.0,,0.0,0.0,0.0,0.0,0.0,0.0,0.0,0.0,0.0
5976,CN1C(=O)OC(C)(C)C1=O,0.0,0.0,0.0,0.0,0.0,0.0,0.0,0.0,0.0,0.0,0.0,0.0
5981,CC(=O)N=c1sc(S(N)(=O)=O)nn1C,,0.0,,0.0,0.0,0.0,0.0,0.0,0.0,0.0,0.0,0.0
5985,CN1[C@@H]2CC[C@H]1C[C@@H](OC(=O)C(O)c1ccccc1)C2,,0.0,,0.0,0.0,0.0,0.0,0.0,0.0,0.0,0.0,0.0
5986,CN1[C@H]2CC[C@@H]1[C@@H](C(=O)O)[C@@H](OC(=O)c1ccccc1)C2,,0.0,,0.0,0.0,0.0,0.0,0.0,0.0,0.0,0.0,0.0
5988,CN1[C@@H]2CC[C@H]1C[C@@H](OC(=O)C(CO)c1ccccc1)C2,0.0,1.0,0.0,0.0,0.0,0.0,0.0,0.0,0.0,0.0,0.0,0.0
5990,CNC(=O)OCc1cccc(COC(=O)NC)n1,,0.0,,0.0,0.0,0.0,0.0,0.0,0.0,0.0,0.0,0.0
5994,CO/N=C(/C(=O)N[C@@H]1C(=O)N2C(C(=O)[O-])=C(C[n+]3ccn4ncccc43)CS[C@H]12)c1nsc(N)n1.O=S(=O)(O)O,,0.0,,0.0,0.0,0.0,0.0,0.0,0.0,0.0,0.0,0.0
5995,CON=C(C(=O)N[C@@H]1C(=O)N2C(C(=O)O)=C(COC(N)=O)CS[C@H]12)c1ccco1,,0.0,,0.0,1.0,0.0,0.0,1.0,0.0,0.0,0.0,0.0
5996,COC(=O)c1ccccc1C(=O)OC,0.0,0.0,0.0,0.0,0.0,0.0,0.0,0.0,0.0,0.0,0.0,0.0
5997,COC1=C(OC)C(=O)C(C/C=C(\C)CC/C=C(\C)CC/C=C(\C)CC/C=C(\C)CC/C=C(\C)CC/C=C(\C)CC/C=C(\C)CC/C=C(\C)CC/C=C(\C)CCC=C(C)C)=C(C)C1=O,,0.0,,0.0,0.0,0.0,0.0,0.0,0.0,0.0,0.0,0.0
6002,COc1ccc(/C=C/C(=O)O)cc1,,0.0,,0.0,0.0,0.0,0.0,0.0,0.0,0.0,0.0,0.0
6005,COc1ccc([C@@H]2CC(=O)c3c(O)cc(O[C@@H]4O[C@H](CO[C@@H]5O[C@@H](C)[C@H](O)[C@@H](O)[C@H]5O)[C@@H](O)[C@H](O)[C@H]4O)cc3O2)cc1O,,0.0,,0.0,0.0,0.0,0.0,0.0,0.0,0.0,0.0,0.0
6007,COc1ccc(CNCC(O)COc2ccc3[nH]c(=O)ccc3c2)cc1OC,,0.0,,0.0,0.0,0.0,0.0,0.0,0.0,0.0,0.0,0.0
6008,COc1ccc2c3c1O[C@H]1[C@@H](O)C=C[C@H]4[C@@H](C2)NCC[C@@]341,,0.0,,0.0,0.0,0.0,0.0,0.0,0.0,0.0,0.0,0.0
6013,COc1ccccc1N1CCN(CCCNc2cc(=O)n(C)c(=O)n2C)CC1,,0.0,,0.0,0.0,0.0,0.0,0.0,0.0,0.0,0.0,0.0
6020,FC(F)(F)C(F)(F)C(F)(F)C(F)(F)C(F)(F)C(F)(F)F,,0.0,,0.0,0.0,0.0,0.0,0.0,0.0,0.0,0.0,0.0
6021,FC(F)(F)C(F)(F)C(F)(F)C(F)(F)C(F)(F)F,,0.0,,0.0,0.0,0.0,0.0,0.0,0.0,0.0,0.0,0.0
6022,FC(F)OC(Cl)C(F)(F)F,0.0,0.0,0.0,0.0,0.0,0.0,0.0,0.0,0.0,0.0,0.0,0.0
6023,FCOC(C(F)(F)F)C(F)(F)F,,0.0,,0.0,0.0,0.0,0.0,0.0,0.0,0.0,0.0,0.0
6027,Nc1nc(=O)n([C@@H]2CS[C@H](CO)O2)cc1F,,0.0,,0.0,0.0,0.0,0.0,0.0,0.0,0.0,0.0,0.0
6029,O=P(O)(O)OC(Cn1cncn1)(Cn1cncn1)c1ccc(F)cc1F,,0.0,,0.0,0.0,0.0,0.0,0.0,0.0,0.0,0.0,0.0
6033,COc1ccccc1N1CCN(CCCC(=O)c2ccc(F)cc2)CC1,,0.0,,0.0,0.0,1.0,0.0,0.0,0.0,0.0,0.0,0.0
6035,CC(C)OC(=O)C(C)N(C(=O)c1ccccc1)c1ccc(F)c(Cl)c1,0.0,0.0,1.0,,1.0,0.0,,1.0,,0.0,0.0,0.0
6036,CC(=O)OC(C)OC(=O)C(C)c1ccc(-c2ccccc2)c(F)c1,0.0,0.0,0.0,0.0,0.0,0.0,0.0,0.0,0.0,0.0,0.0,0.0
6037,CN(C(=O)CO)c1c(I)c(C(=O)NCC(O)CO)c(I)c(C(=O)NCC(O)CO)c1I,,0.0,,0.0,0.0,0.0,0.0,0.0,0.0,0.0,0.0,0.0
6038,CNC(=O)c1c(I)c(C(=O)NCC(=O)Nc2c(I)c(C(=O)O)c(I)c(C(=O)NCCO)c2I)c(I)c(N(C)C(C)=O)c1I,,0.0,,0.0,0.0,0.0,0.0,0.0,0.0,0.0,0.0,0.0
6041,N#CN,0.0,0.0,0.0,0.0,0.0,0.0,0.0,0.0,0.0,0.0,0.0,0.0
6043,NC[C@H]1O[C@H](O[C@H]2[C@H](O)[C@@H](O[C@H]3O[C@H](CO)[C@@H](O)[C@H](N)[C@H]3O)[C@H](N)C[C@@H]2N)[C@H](N)C[C@@H]1O,,0.0,,0.0,0.0,0.0,0.0,0.0,0.0,0.0,0.0,0.0
6044,O=S(=O)(O)O.[2H]C([2H])([2H])[C@H](N)Cc1ccccc1.[2H]C([2H])([2H])[C@H](N)Cc1ccccc1,,0.0,,0.0,0.0,0.0,0.0,0.0,0.0,0.0,0.0,0.0
6045,N=C(N)NCC1COc2ccccc2O1,,0.0,,0.0,0.0,0.0,0.0,0.0,0.0,0.0,0.0,0.0
6047,NC(=O)[C@@H]1C[C@]2(NC(=O)NC2=O)c2cc(F)ccc2O1,,0.0,,0.0,0.0,0.0,0.0,0.0,0.0,0.0,0.0,0.0
6050,CCC(C)(C)OC(=O)N[C@@H](Cc1c[nH]c2ccccc12)C(=O)N[C@@H](CCSC)C(=O)N[C@@H](CC(=O)O)C(=O)N[C@@H](Cc1ccccc1)C(N)=O,,0.0,,0.0,0.0,0.0,0.0,0.0,0.0,0.0,0.0,0.0
6051,Cc1ccccc1OCC(O)CNCCOc1ccc(C(N)=O)cc1,,0.0,,0.0,0.0,0.0,0.0,0.0,0.0,0.0,0.0,0.0
6054,NC(=O)C1c2ccccc2CCc2ccccc21,,0.0,,0.0,0.0,0.0,0.0,0.0,0.0,0.0,0.0,0.0
6057,NCCCC[C@H](NC(=O)[C@@H]1CCCN1C(=O)[C@@H]1CSSC[C@H](N)C(=O)N[C@@H](Cc2ccccc2)C(=O)N[C@@H](Cc2ccccc2)C(=O)N[C@@H](CCC(N)=O)C(=O)N[C@@H](CC(N)=O)C(=O)N1)C(=O)NCC(N)=O,,0.0,,0.0,0.0,0.0,0.0,0.0,0.0,0.0,0.0,0.0
6058,NCCCC[C@H](NC(=O)[C@@H]1CCCN1C(=O)[C@@H]1CSSC[C@H](NC(=O)CNC(=O)CNC(=O)CN)C(=O)N[C@@H](Cc2ccc(O)cc2)C(=O)N[C@@H](Cc2ccccc2)C(=O)N[C@@H](CCC(N)=O)C(=O)N[C@@H](CC(N)=O)C(=O)N1)C(=O)NCC(N)=O,,0.0,,0.0,0.0,0.0,0.0,0.0,0.0,0.0,0.0,0.0
6059,CCOc1ccc(C[C@H]2NC(=O)CCSSC[C@@H](C(=O)N3CCC[C@H]3C(=O)N[C@@H](CCCN)C(=O)NCC(N)=O)NC(=O)[C@H](CC(N)=O)NC(=O)[C@H]([C@@H](C)O)NC(=O)[C@H]([C@@H](C)CC)NC2=O)cc1,,0.0,,0.0,0.0,0.0,0.0,0.0,0.0,0.0,0.0,0.0
6060,N=C(N)NCCC[C@H](NC(=O)[C@@H]1CCCN1C(=O)[C@@H]1CSSCCC(=O)N[C@@H](Cc2ccc(O)cc2)C(=O)N[C@@H](Cc2ccccc2)C(=O)N[C@@H](CCC(N)=O)C(=O)N[C@@H](CC(N)=O)C(=O)N1)C(=O)NCC(N)=O,,0.0,,0.0,0.0,0.0,0.0,0.0,0.0,0.0,0.0,0.0
6061,CN1CC(O)C2=C/C(=N/NC(N)=O)C(=O)C=C21,,0.0,,0.0,0.0,0.0,0.0,0.0,0.0,0.0,0.0,0.0
6068,CC(C)C[C@H](CN)CC(=O)O,,0.0,,0.0,0.0,0.0,0.0,1.0,0.0,0.0,0.0,0.0
6070,Nc1ccn([C@H]2CS[C@@H](CO)O2)c(=O)n1,0.0,0.0,0.0,0.0,0.0,0.0,0.0,0.0,0.0,0.0,0.0,0.0
6078,CC(C)CN(C[C@@H](O)[C@H](Cc1ccccc1)NC(=O)O[C@H]1CO[C@H]2OCC[C@H]21)S(=O)(=O)c1ccc(N)cc1,,0.0,,0.0,0.0,0.0,0.0,0.0,0.0,0.0,0.0,0.0
6087,NC1CCCCC1.NC1CCCCC1.O=P(O)(O)OC[C@H](O)CO,,0.0,,0.0,0.0,0.0,0.0,0.0,0.0,0.0,0.0,0.0
6092,C=CC1=C(C(=O)O)N2C(=O)[C@@H](NC(=O)/C(=N/O)c3csc(N)n3)[C@H]2SC1,,0.0,,0.0,0.0,0.0,0.0,0.0,0.0,0.0,0.0,0.0
6094,C=CC1=C(C(=O)O)N2C(=O)[C@@H](NC(=O)/C(=N/OCC(=O)O)c3csc(N)n3)[C@H]2SC1,,0.0,,0.0,0.0,0.0,0.0,0.0,0.0,0.0,0.0,0.0
6095,CO/N=C(\C(=O)N[C@@H]1C(=O)N2C(C(=O)O)=C(CSC(=O)c3ccco3)CS[C@H]12)c1csc(N)n1,,0.0,,0.0,0.0,0.0,0.0,0.0,0.0,0.0,0.0,0.0
6097,Nc1ccc2c(c1)C(=O)c1ccccc1C2=O,0.0,0.0,1.0,,0.0,1.0,1.0,1.0,0.0,0.0,1.0,0.0
6106,CO[C@H]1[C@@H](O)[C@H](N)[C@@H](O[C@H]2O[C@H]([C@H](C)N)CC[C@H]2N)[C@H](O)[C@@H]1N(C)C(=O)CN,,0.0,,0.0,0.0,0.0,0.0,1.0,0.0,0.0,0.0,0.0
6109,NCC1CCC(C(=O)O)CC1,,0.0,,0.0,0.0,0.0,0.0,0.0,0.0,0.0,0.0,0.0
6111,NCCCC(=O)O,,0.0,,0.0,0.0,0.0,0.0,0.0,0.0,0.0,0.0,0.0
6112,CCCCCCCCCCCCOCCCN,,0.0,,0.0,0.0,0.0,0.0,0.0,0.0,0.0,0.0,0.0
6113,NCCS,,0.0,,0.0,0.0,0.0,0.0,0.0,0.0,0.0,0.0,0.0
6130,O.O.O=S(O)CO[Na],,0.0,,0.0,0.0,0.0,0.0,1.0,0.0,0.0,0.0,0.0
6131,CN(C)[C@@H]1C(O)=C(C(N)=O)C(=O)[C@@]2(O)C(O)=C3C(=O)c4c(O)cccc4[C@@](C)(O)[C@H]3[C@H](O)[C@@H]12.O.O,,0.0,,0.0,0.0,0.0,0.0,0.0,0.0,0.0,0.0,0.0
6134,O.O.Oc1cc(O)cc(O)c1,,0.0,,0.0,0.0,0.0,0.0,0.0,0.0,0.0,0.0,0.0
6136,COc1c(O)cc2c(c1O)[C@@H]1O[C@H](CO)[C@@H](O)[C@H](O)[C@H]1OC2=O.O,,0.0,,0.0,0.0,0.0,0.0,0.0,0.0,0.0,0.0,0.0
6139,C[C@@H]([C@H](O)c1ccccc1)N(C)C,,0.0,,0.0,0.0,0.0,0.0,0.0,0.0,0.0,0.0,0.0
6140,CC(=O)N[C@@H](C=O)[C@H](O)[C@H](O)[C@@H](O)CO,,0.0,,0.0,0.0,0.0,0.0,0.0,0.0,0.0,0.0,0.0
6144,O[C@H]1[C@H]2[C@H](O)CCCN2C[C@H]1O,,0.0,,0.0,0.0,0.0,0.0,0.0,0.0,0.0,0.0,0.0
6145,CCN(CC)CCOC[C@H]1O[C@@H](O)[C@H](OCCN(CC)CC)[C@@H](O)[C@@H]1O,,0.0,,0.0,0.0,0.0,0.0,0.0,0.0,0.0,0.0,0.0
6146,OC[C@H]1O[C@@H]2O[C@H]3[C@H](O)[C@@H](O)[C@@H](O[C@H]4[C@H](O)[C@@H](O)[C@@H](O[C@H]5[C@H](O)[C@@H](O)[C@@H](O[C@H]6[C@H](O)[C@@H](O)[C@@H](O[C@H]7[C@H](O)[C@@H](O)[C@@H](O[C@H]1[C@H](O)[C@H]2O)O[C@@H]7CO)O[C@@H]6CO)O[C@@H]5CO)O[C@@H]4CO)O[C@@H]3CO,0.0,0.0,1.0,0.0,0.0,0.0,0.0,1.0,0.0,0.0,0.0,0.0
6148,CC#CCC(C)[C@H](O)/C=C/C1[C@H](O)C[C@@H]2C/C(=C\CCCC(=O)O)C[C@H]12,,0.0,,0.0,0.0,0.0,0.0,1.0,0.0,0.0,0.0,0.0
6149,CN[C@@H]1[C@@H](O[C@H]2O[C@H](CO)[C@@H](N)[C@H](O)[C@H]2O)O[C@H]2C[C@@H](N)[C@@H](O[C@H]3[C@H](O)[C@@H](O)[C@H](N)C[C@@H]3N)O[C@@H]2[C@@H]1O,,0.0,,0.0,0.0,0.0,0.0,0.0,0.0,0.0,0.0,0.0
6153,CC(=O)N[C@@H]([C@@H](O)[C@H](O)[C@H](O)CO)[C@@H](O)CC(=O)C(=O)O,,0.0,,0.0,0.0,0.0,0.0,0.0,0.0,0.0,0.0,0.0
6155,OC[C@@H](O)C(O)[C@H](O)CO,,0.0,,0.0,0.0,0.0,0.0,0.0,0.0,0.0,0.0,0.0
6159,OC[C@H]1O[C@](O)(CO)[C@@H](O)[C@@H]1O,0.0,0.0,0.0,0.0,0.0,0.0,0.0,0.0,0.0,0.0,0.0,0.0
6160,OC1OC[C@@H](O)[C@H](O)[C@@H]1O,,0.0,,0.0,0.0,0.0,0.0,0.0,0.0,0.0,0.0,0.0
6161,OC[C@H]1O[C@@](CO)(O[C@H]2O[C@H](CO)[C@@H](O)[C@H](O)[C@H]2O)[C@@H](O)[C@@H]1O,0.0,0.0,0.0,0.0,0.0,0.0,0.0,0.0,0.0,0.0,0.0,0.0
6162,COc1ccc2c3c1O[C@H]1C[C@@H](O)C=C[C@@]31CCN(C)C2,,0.0,,0.0,0.0,1.0,0.0,0.0,0.0,0.0,0.0,0.0
6163,O=[N+]([O-])O[C@@H]1CO[C@H]2[C@@H]1OC[C@@H]2O,,0.0,,0.0,0.0,0.0,0.0,0.0,0.0,0.0,0.0,0.0
6166,OC[C@H]1O[C@@H](O[C@H]2[C@H](O)[C@@H](O)[C@H](O)O[C@@H]2CO)[C@H](O)[C@@H](O)[C@@H]1O,,0.0,,0.0,0.0,0.0,0.0,0.0,0.0,0.0,0.0,0.0
6170,O=C(N[C@H](CO)[C@H](O)c1ccc([N+](=O)[O-])cc1)C(Cl)Cl,0.0,0.0,0.0,0.0,0.0,0.0,0.0,0.0,0.0,0.0,0.0,0.0
6173,CC(=O)[O-].C[N+](C)(C)CCO,,0.0,,0.0,0.0,0.0,0.0,0.0,0.0,0.0,0.0,0.0
6177,CC(=O)Nc1ccc(OC(C)=O)cc1,,0.0,,0.0,0.0,0.0,0.0,0.0,0.0,0.0,0.0,0.0
6181,CCN(CC)c1ccc(C(=O)c2ccccc2C(=O)O)c(O)c1,0.0,0.0,0.0,,0.0,,0.0,1.0,1.0,0.0,0.0,0.0
6189,C=CCCCCCCCCC(=O)OC,,0.0,,0.0,0.0,0.0,0.0,0.0,0.0,0.0,0.0,0.0
6190,O=C(CCCCCCCCCCCCC1CCCC1)Nc1ccc(S(=O)(=O)c2ccc(NC(=O)CCCCCCCCCCCCC3CCCC3)cc2)cc1,,0.0,,0.0,0.0,0.0,0.0,0.0,0.0,0.0,0.0,0.0
6192,CCCCCCCCCCCCCCCCCC(=O)OCCO,,0.0,,0.0,0.0,0.0,0.0,1.0,0.0,0.0,0.0,0.0
6195,NC(=O)[C@@H]1CCCN1C(=O)[C@H](Cc1cnc[nH]1)NC(=O)[C@@H]1CCC(=O)N1,,0.0,,0.0,0.0,0.0,0.0,0.0,0.0,0.0,0.0,0.0
6198,CCCC(C)(COC(N)=O)COC(N)=O,0.0,0.0,0.0,0.0,0.0,0.0,0.0,0.0,0.0,0.0,0.0,0.0
6200,CC(C)(S)C(=O)N[C@@H](CS)C(=O)O,,0.0,,0.0,0.0,0.0,0.0,0.0,0.0,0.0,0.0,0.0
6205,CC(CNC(=O)c1cccnc1)NC(=O)c1cccnc1,,0.0,,0.0,0.0,0.0,0.0,0.0,0.0,0.0,0.0,0.0
6207,Cc1cccc(C)c1NC(=O)NC1=CCCN1C,,0.0,,0.0,0.0,0.0,0.0,0.0,0.0,0.0,0.0,0.0
6211,CC1(C)CCC(NC(=O)[C@@H](N)CCC(=O)O)CC1,,0.0,,0.0,0.0,0.0,0.0,0.0,0.0,0.0,0.0,0.0
6219,O=C(NCCNCC(O)COc1ccc(O)cc1)N1CCOCC1,,0.0,,0.0,0.0,0.0,0.0,0.0,0.0,0.0,0.0,0.0
6220,CC(C)(CO)C(O)C(=O)NCCC(=O)NCCSSCCNC(=O)CCNC(=O)C(O)C(C)(C)CO,,0.0,,0.0,0.0,0.0,0.0,0.0,0.0,0.0,0.0,0.0
6223,CC1CCCC(C)N1NC(=O)c1ccc(Cl)c(S(N)(=O)=O)c1,,0.0,,0.0,0.0,0.0,0.0,0.0,0.0,0.0,0.0,0.0
6226,O=C(O)/C=C/c1ccccc1,0.0,0.0,0.0,0.0,0.0,0.0,0.0,0.0,0.0,0.0,0.0,0.0
6231,CCCCC(=O)N(Cc1ccc(-c2ccccc2-c2nnn[nH]2)cc1)[C@@H](C(=O)O)C(C)C,,0.0,,0.0,0.0,0.0,0.0,0.0,0.0,0.0,0.0,0.0
6234,C[C@@H]1[C@H](O)[C@@H](C)/C=C/C=C/CC/C=C/C=C/C=C/C=C/[C@H](O[C@H]2O[C@@H](C)[C@H](O)[C@@H](N)[C@H]2O)CC2O[C@](O)(C[C@@H](O)[C@H](O)CC[C@@H](O)C[C@@H](O)C[C@@H](O)CC(=O)O[C@H]1C)C[C@H](O)[C@H]2C(=O)O,,0.0,,0.0,0.0,0.0,0.0,0.0,0.0,0.0,0.0,0.0
6236,Nc1nc(N)c2nc(CNc3ccc(C(=O)N[C@@H](CCC(=O)O)C(=O)O)cc3)cnc2n1,,0.0,,0.0,0.0,0.0,0.0,0.0,0.0,0.0,0.0,0.0
6237,CN(C)[C@@H]1C(O)=C(C(=O)NCN[C@@H](CCCCN)C(=O)O)C(=O)[C@@]2(O)C(O)=C3C(=O)c4c(O)cccc4[C@@](C)(O)C3C[C@@H]12,,0.0,,0.0,0.0,0.0,0.0,0.0,0.0,0.0,0.0,0.0
6240,CC[C@H]1OC(=O)C[C@@H](O)[C@H](C)[C@@H](O[C@@H]2O[C@H](C)[C@@H](O[C@H]3C[C@@](C)(O)[C@@H](O)[C@H](C)O3)[C@H](N(C)C)[C@H]2O)[C@@H](CC=O)C[C@@H](C)C(=O)/C=C/C(C)=C/[C@@H]1CO[C@@H]1O[C@H](C)[C@@H](O)[C@@H](OC)[C@H]1OC.O=C(O)[C@H](O)[C@@H](O)C(=O)O,,0.0,,0.0,0.0,0.0,0.0,0.0,0.0,0.0,0.0,0.0
6242,C[N+]1(CCCCC[N+]2(C)CCCC2)CCCC1.O=C([O-])[C@@H](O)[C@@H](O)C(=O)O.O=C([O-])[C@@H](O)[C@@H](O)C(=O)O,,0.0,,0.0,0.0,0.0,0.0,0.0,0.0,0.0,0.0,0.0
6244,CC(C)(Oc1ccc(C2CCCc3ccccc32)cc1)C(=O)O,,0.0,,0.0,0.0,0.0,0.0,1.0,1.0,0.0,0.0,0.0
6250,CCN(CC)CCOC(=O)c1cccnc1.O=C(O)CC(O)(CC(=O)O)C(=O)O,,0.0,,0.0,0.0,0.0,0.0,0.0,0.0,0.0,0.0,0.0
6253,CCOC(=O)C1=C[C@@H](OC(CC)CC)[C@H](NC(C)=O)[C@@H](N)C1.O=C(O)C(O)C(O)C(=O)O,,0.0,,0.0,0.0,0.0,0.0,0.0,0.0,0.0,0.0,0.0
6254,CC[C@@H](C)[C@@H](N)C1=N[C@H](C(=O)N[C@@H](CC(C)C)C(=O)N[C@@H](CCC(=O)O)C(=O)N[C@@H](C(=O)N[C@@H]2CCCCNC(=O)[C@@H](CC(N)=O)NC(=O)[C@@H](CC(=O)O)NC(=O)[C@@H](Cc3cnc[nH]3)NC(=O)[C@@H](Cc3ccccc3)NC(=O)[C@@H]([C@H](C)CC)NC(=O)[C@@H](CCCN)NC2=O)[C@@H](C)CC)CS1,,0.0,,0.0,0.0,0.0,0.0,1.0,0.0,0.0,0.0,0.0
6260,CC(=O)OC[C@H]1O[C@@H](O[C@H]2[C@H](O)[C@@H](OC(=O)c3ccccc3C(=O)O)[C@H](O)O[C@@H]2COC(C)=O)[C@H](O)[C@@H](OC(=O)c2ccccc2C(=O)O)[C@@H]1O,,0.0,,0.0,0.0,0.0,0.0,0.0,0.0,0.0,0.0,0.0
6261,O=C(O)C1CCCN1,,0.0,,0.0,0.0,0.0,0.0,0.0,0.0,0.0,0.0,0.0
6263,CN(CCO)CC(O)Cn1cnc2c1c(=O)n(C)c(=O)n2C.O=C(O)c1cccnc1,,0.0,,0.0,0.0,0.0,0.0,0.0,0.0,0.0,0.0,0.0
6269,O=C(O)c1ccc(OCCn2ccnc2)cc1,,0.0,,0.0,0.0,0.0,0.0,0.0,0.0,0.0,0.0,0.0
6270,O=C(O)c1cc(O)c2c(c1)[C@H]([C@H]1c3cc(C(=O)O)cc(O)c3C(=O)c3c(O[C@@H]4O[C@H](CO)[C@@H](O)[C@H](O)[C@H]4O)cccc31)c1cccc(O[C@@H]3O[C@H](CO)[C@@H](O)[C@H](O)[C@H]3O)c1C2=O,,0.0,,0.0,0.0,0.0,0.0,0.0,0.0,0.0,0.0,0.0
6271,C1CNCCN1.C[C@H](CCC(=O)O)[C@H]1CC[C@H]2[C@@H]3[C@H](O)C[C@@H]4C[C@H](O)CC[C@]4(C)[C@H]3C[C@H](O)[C@]12C,,0.0,,0.0,0.0,0.0,0.0,0.0,0.0,0.0,0.0,0.0
6273,O=C(O)Cc1nn(Cc2ccc(Br)cc2F)c(=O)c2ccccc12,,0.0,,0.0,0.0,0.0,0.0,0.0,0.0,0.0,0.0,0.0
6275,CC(C)=CCN1CC[C@]2(C)c3cc(O)ccc3C[C@H]1[C@H]2C.O=C(O)CCC(=O)O,,0.0,,0.0,0.0,0.0,0.0,1.0,0.0,0.0,0.0,0.0
6279,CCCCCCCC(=O)O,0.0,0.0,0.0,0.0,0.0,0.0,0.0,0.0,0.0,0.0,0.0,0.0
6282,C/C(=C\C(=O)OCCCCCCCCC(=O)O)C[C@@H]1OC[C@H](C[C@@H]2O[C@H]2[C@@H](C)[C@H](C)O)[C@@H](O)[C@H]1O,,0.0,,0.0,0.0,0.0,0.0,0.0,0.0,0.0,0.0,0.0
6285,CC(/C=C/C=C(\C)C(=O)O[C@@H]1O[C@H](CO[C@@H]2O[C@H](CO)[C@@H](O)[C@H](O)[C@H]2O)[C@@H](O)[C@H](O)[C@H]1O)=C\C=C\C=C(C)\C=C\C=C(/C)C(=O)O[C@@H]1O[C@H](CO[C@@H]2O[C@H](CO)[C@@H](O)[C@H](O)[C@H]2O)[C@@H](O)[C@H](O)[C@H]1O,,0.0,,0.0,0.0,0.0,0.0,1.0,0.0,0.0,0.0,0.0
6286,COC(=O)[C@H]1[C@H]2C[C@H]3c4[nH]c5ccccc5c4CCN3C[C@H]2CC[C@@H]1O,,0.0,,0.0,0.0,1.0,0.0,0.0,0.0,0.0,0.0,0.0
6287,CCCCc1cc2c(=O)c(C(=O)OC)c[nH]c2cc1OCc1ccccc1,,0.0,,0.0,0.0,0.0,0.0,0.0,0.0,0.0,0.0,0.0
6294,CCOC(=O)[C@H](CCc1ccccc1)N[C@@H](C)C(=O)N1[C@H](C(=O)O)C[C@H]2CCCC[C@@H]21,,0.0,,0.0,0.0,0.0,0.0,0.0,0.0,0.0,0.0,0.0
6296,CCOC(=O)[C@H](CCc1ccccc1)N[C@H]1CCCN2CCC[C@@H](C(=O)O)N2C1=O,,0.0,,0.0,0.0,0.0,0.0,0.0,0.0,0.0,0.0,0.0
6300,CCOC(=O)CCC(=O)O[C@H]1[C@H](O[C@@H]2[C@@H](C)[C@H](O[C@H]3C[C@@](C)(OC)[C@@H](O)[C@H](C)O3)[C@@H](C)C(=O)O[C@H](CC)[C@@](C)(O)[C@H](O)[C@@H](C)C(=O)[C@H](C)C[C@@]2(C)O)O[C@H](C)C[C@@H]1N(C)C,,0.0,,0.0,0.0,0.0,0.0,0.0,0.0,0.0,0.0,0.0
6304,CCCCCCOC(=O)c1cccnc1,,0.0,,0.0,0.0,0.0,0.0,0.0,0.0,0.0,0.0,0.0
6305,CCCCCCCCOC(=O)c1ccccc1C(=O)OCCCCCCCC,0.0,0.0,0.0,0.0,0.0,0.0,0.0,0.0,0.0,0.0,0.0,0.0
6310,O=C1c2ccccc2CN2C(=O)c3ccccc3CN12,,0.0,,0.0,0.0,0.0,0.0,0.0,0.0,0.0,0.0,0.0
6313,O=C1CC[C@@H](C(=O)N[C@H]2C[C@@H]2c2ccccc2)N1,,0.0,,0.0,0.0,0.0,0.0,0.0,0.0,0.0,0.0,0.0
6314,O=C1CCC(c2ccc(-n3ccnc3)cc2)=NN1,,0.0,,1.0,0.0,1.0,0.0,0.0,0.0,0.0,0.0,0.0
6322,CCC1(c2ccccc2)C(=O)NC(=O)N(C)C1=O,,1.0,,0.0,0.0,0.0,0.0,0.0,0.0,0.0,0.0,0.0
6323,CCC1(c2ccccc2)C(=O)NC(=O)NC1=O,0.0,0.0,0.0,0.0,0.0,0.0,0.0,0.0,0.0,0.0,0.0,0.0
6325,C=CCC1([C@@H](C)CCC)C(=O)NC(=O)NC1=O,,0.0,,0.0,0.0,0.0,0.0,0.0,0.0,0.0,0.0,0.0
6326,O=c1[nH]c(=O)c2[nH]c(=O)[nH]c2[nH]1,,0.0,,0.0,0.0,0.0,0.0,0.0,0.0,0.0,0.0,0.0
6327,CCCC(C)C1(CC)C(=O)N=C(O)NC1=O,,0.0,,0.0,0.0,0.0,0.0,0.0,0.0,0.0,0.0,0.0
6328,CC1CN(c2ccccc2)NC1=O,0.0,0.0,,,0.0,1.0,0.0,1.0,,0.0,0.0,0.0
6334,O=C1C[C@@H]2OCC=C3CN4CC[C@]56c7ccccc7N1[C@H]5[C@H]2[C@H]3C[C@H]46,,0.0,,0.0,0.0,0.0,0.0,0.0,0.0,0.0,0.0,0.0
6337,O=C1CCCCC1CN1CCCCC1,,0.0,,0.0,0.0,0.0,0.0,0.0,0.0,0.0,0.0,0.0
6339,C#CCN1CC(=O)N(COC(=O)[C@@H]2[C@@H](C=C(C)C)C2(C)C)C1=O,,0.0,,0.0,0.0,0.0,0.0,0.0,0.0,0.0,0.0,0.0
6341,O=C1NC(=O)[C@H]2[C@@H]1[C@@H]1C=C[C@H]2C1,,0.0,,0.0,0.0,0.0,0.0,0.0,0.0,0.0,0.0,0.0
6342,CCCn1c(=O)[nH]c(=O)c2[nH]cnc21,,0.0,,0.0,0.0,0.0,0.0,0.0,0.0,0.0,0.0,0.0
6343,C1CCNCC1.O=c1[nH]cnc2[nH]cc(CN3CCCCC3)c12,,0.0,,0.0,0.0,0.0,0.0,0.0,0.0,0.0,0.0,0.0
6353,O=C1CCC(c2ccccc2)(C2CCN(Cc3ccccc3)CC2)C(=O)N1,,0.0,,0.0,0.0,0.0,0.0,0.0,0.0,0.0,0.0,0.0
6355,O=P(O)(O)C(O)(Cc1cnc2ccccn12)P(=O)(O)O,,0.0,,0.0,0.0,0.0,0.0,0.0,0.0,0.0,0.0,0.0
6362,CC(=O)Nc1ccc(S(=O)(=O)Nc2ccc([N+](=O)[O-])cc2)cc1,,0.0,,0.0,0.0,0.0,1.0,0.0,0.0,0.0,0.0,0.0
6367,Cc1nc(NS(=O)(=O)c2ccc(N)cc2)nc(C)c1Br,,0.0,,0.0,0.0,0.0,0.0,0.0,0.0,0.0,0.0,0.0
6370,Nc1ccc(S(=O)(=O)Nc2ncccn2)cc1,,0.0,,0.0,0.0,0.0,0.0,0.0,0.0,0.0,0.0,0.0
6372,O=C(O)C=CC(=O)Nc1ccc(S(=O)(=O)Nc2nccs2)cc1,,0.0,,0.0,0.0,0.0,0.0,0.0,0.0,0.0,0.0,0.0
6380,NC[C@@H]1O[C@H](O[C@H]2[C@@H](O)[C@H](O[C@@H]3[C@@H](O)[C@H](N)C[C@H](N)[C@H]3O[C@H]3O[C@H](CO)[C@@H](O)[C@H](O)[C@H]3N)O[C@@H]2CO)[C@H](N)[C@@H](O)[C@@H]1O.O=S(=O)(O)O,,0.0,,0.0,0.0,0.0,0.0,1.0,0.0,0.0,0.0,0.0
6381,N=C(N)NCC1COC2(CCCCC2)O1.N=C(N)NCC1COC2(CCCCC2)O1.O=S(=O)(O)O,,0.0,,0.0,0.0,0.0,0.0,0.0,0.0,0.0,0.0,0.0
6382,NCCC[C@H](N)CC(=O)N[C@H]1CNC(=O)[C@H]([C@H]2C[C@H](O)N=C(N)N2)NC(=O)/C(=C/NC(N)=O)NC(=O)[C@H](CO)NC(=O)[C@H](CO)NC1=O.O=S(=O)(O)O,,0.0,,0.0,0.0,0.0,0.0,0.0,0.0,0.0,0.0,0.0
6383,NC[C@H]1O[C@H](O[C@H]2[C@H](O)[C@@H](O[C@H]3O[C@H](CO)[C@@H](O)[C@H](N)[C@H]3O)[C@H](N)C[C@@H]2N)[C@H](O)[C@@H](O)[C@@H]1O.O=S(=O)(O)O,0.0,0.0,0.0,0.0,0.0,0.0,0.0,0.0,0.0,0.0,0.0,0.0
6384,CN[C@@H]1[C@H](O[C@H]2[C@H](O[C@H]3[C@H](O)[C@@H](O)[C@H](NC(=N)N)[C@@H](O)[C@@H]3NC(=N)N)O[C@@H](C)[C@]2(O)C=O)O[C@@H](CO)[C@H](O)[C@H]1O.CN[C@@H]1[C@H](O[C@H]2[C@H](O[C@H]3[C@H](O)[C@@H](O)[C@H](NC(=N)N)[C@@H](O)[C@@H]3NC(=N)N)O[C@@H](C)[C@]2(O)C=O)O[C@@H](CO)[C@H](O)[C@H]1O.O=S(=O)(O)O.O=S(=O)(O)O.O=S(=O)(O)O,,0.0,,0.0,0.0,0.0,0.0,0.0,0.0,0.0,0.0,0.0
6385,CN[C@@H]1[C@@H](O)[C@@H](O[C@@H]2[C@@H](O)[C@H](OC3OC(CN)=CCC3N)[C@@H](N)C[C@H]2N)OC[C@]1(C)O.CN[C@@H]1[C@@H](O)[C@@H](O[C@@H]2[C@@H](O)[C@H](OC3OC(CN)=CCC3N)[C@@H](N)C[C@H]2N)OC[C@]1(C)O.O=S(=O)(O)O.O=S(=O)(O)O.O=S(=O)(O)O.O=S(=O)(O)O.O=S(=O)(O)O,,1.0,,0.0,0.0,0.0,0.0,0.0,0.0,0.0,0.0,0.0
6387,CC(C)NCC(O)c1ccc(NS(C)(=O)=O)cc1,,1.0,,0.0,0.0,0.0,0.0,0.0,0.0,0.0,0.0,0.0
6396,CC1CS(=O)(=O)CCN1N=Cc1ccc([N+](=O)[O-])o1,,0.0,,0.0,0.0,0.0,0.0,0.0,0.0,0.0,0.0,0.0
6397,OB(O)O,0.0,0.0,0.0,0.0,0.0,0.0,0.0,0.0,0.0,0.0,0.0,0.0
6400,CNC(=O)C[C@@H](N)C(=O)N[C@@H](C(=O)N[C@@H]1C(=O)N2[C@@H]1SC(C)(C)[C@@H]2C(=O)O)c1ccc(O)cc1,,0.0,,0.0,0.0,0.0,0.0,0.0,0.0,0.0,0.0,0.0
6401,O=C(O)CCC(=O)C(=O)O,0.0,0.0,0.0,0.0,0.0,0.0,0.0,0.0,0.0,0.0,0.0,0.0
6408,O=C(O)c1ccccc1O,0.0,0.0,0.0,0.0,0.0,0.0,0.0,0.0,0.0,0.0,0.0,0.0
6413,O=C(O)COc1ccc(CCNS(=O)(=O)c2ccccc2)s1,,0.0,,0.0,0.0,0.0,0.0,0.0,0.0,0.0,0.0,0.0
6415,CBr.CCN(CC)CCOC(=O)C(O)(c1ccccc1)c1ccccc1,,0.0,,0.0,0.0,0.0,0.0,0.0,0.0,0.0,0.0,0.0
6416,CCCCC(O)c1ccccc1,,0.0,,0.0,0.0,0.0,0.0,1.0,0.0,0.0,0.0,0.0
6417,COS(=O)(=O)[O-].C[N+]1(C)CCN(CC(O)(c2ccccc2)C2CCCCC2)CC1,,0.0,,0.0,0.0,0.0,0.0,0.0,0.0,0.0,0.0,0.0
6422,CCCCNCC(O)c1ccc(O)cc1,,0.0,,0.0,0.0,0.0,0.0,0.0,0.0,0.0,0.0,0.0
6424,OC[C@@H](O)[C@H]1O[C@@H]2O[C@H](C(Cl)(Cl)Cl)O[C@@H]2[C@H]1O,0.0,0.0,0.0,0.0,0.0,0.0,0.0,0.0,0.0,0.0,0.0,0.0
6425,OC[C@@H](O)[C@H]1O[C@@H]2O[C@@H](C(Cl)(Cl)Cl)O[C@@H]2[C@H]1O,,0.0,,0.0,0.0,0.0,0.0,0.0,0.0,0.0,0.0,0.0
6435,Cc1cc(O)c(C(=O)N[C@@H](C(=O)N[C@@H]2C(=O)N3C(C(=O)O)=C(CSc4nnnn4C)CS[C@H]23)c2ccc(O)cc2)cn1,,0.0,,0.0,0.0,0.0,0.0,1.0,0.0,0.0,0.0,0.0
6439,N[C@@H](C(=O)N[C@@H]1C(=O)N2C(C(=O)O)=C(CSc3c[nH]nn3)CS[C@H]12)c1ccc(O)cc1,,0.0,,0.0,0.0,0.0,0.0,0.0,0.0,0.0,0.0,0.0
6441,O=c1c(O)c(-c2ccc(O)cc2)oc2cc(O)cc(O)c12,0.0,0.0,0.0,1.0,1.0,1.0,1.0,1.0,,0.0,0.0,0.0
6448,CCCCc1ccc(O)cc1,,0.0,,,0.0,0.0,1.0,0.0,0.0,0.0,0.0,0.0
6452,CCNCC.O=S(=O)(O)c1cc(O)ccc1O,,0.0,,0.0,0.0,0.0,0.0,0.0,0.0,0.0,0.0,0.0
6457,O=C(OCCO)c1ccccc1O,,0.0,,0.0,0.0,0.0,0.0,0.0,0.0,0.0,0.0,0.0
6458,COc1ccccc1O,0.0,0.0,0.0,0.0,0.0,0.0,0.0,0.0,0.0,0.0,0.0,0.0
6459,CC[C@H]1NC(=O)[C@@H](NC(=O)c2ncccc2O)C(C)OC(=O)[C@H](c2ccccc2)NC(=O)C2CC(=O)CCN2C(=O)[C@H](Cc2ccccc2)N(C)C(=O)[C@@H]2CCCN2C1=O,,0.0,,0.0,0.0,0.0,0.0,0.0,0.0,0.0,0.0,0.0
6460,CC(=O)N[C@H]1C(O)O[C@H](CO)[C@@H](O)[C@@H]1O,,0.0,,0.0,0.0,0.0,0.0,0.0,0.0,0.0,0.0,0.0
6462,C/C(=N\Cc1ccccc1)c1ccccc1O,,0.0,,0.0,0.0,0.0,0.0,0.0,0.0,0.0,0.0,0.0
6463,CC(=O)Nc1c(I)c(C(=O)N[C@H]2C(O)O[C@H](CO)[C@@H](O)[C@@H]2O)c(I)c(N(C)C(C)=O)c1I,,0.0,,0.0,0.0,0.0,0.0,0.0,0.0,0.0,0.0,0.0
6465,C=CC1(C)CC(OC(=O)CO)C2(C)C(C)CCC3(CCC(=O)C32)C(C)C1O,,0.0,,0.0,0.0,0.0,0.0,0.0,0.0,0.0,0.0,0.0
6472,CCCCCCCCCCCC(=O)OCC(O)CO,0.0,0.0,0.0,0.0,0.0,0.0,0.0,0.0,0.0,0.0,0.0,0.0
6474,OCC=Cc1ccccc1,0.0,0.0,0.0,0.0,0.0,0.0,0.0,1.0,0.0,0.0,0.0,0.0
6476,OCc1ccccc1,0.0,0.0,0.0,0.0,0.0,0.0,0.0,0.0,0.0,0.0,0.0,0.0
6481,C[C@@H]1O[C@@H](OC[C@H]2O[C@@H](Oc3c(-c4ccc(OCCO)c(OCCO)c4)oc4cc(OCCO)cc(O)c4c3=O)[C@H](O)[C@@H](O)[C@@H]2O)[C@H](O)[C@H](O)[C@H]1O,,0.0,,0.0,0.0,0.0,0.0,0.0,0.0,0.0,0.0,0.0
6484,OCCOCCOCCO,0.0,0.0,0.0,0.0,0.0,0.0,0.0,0.0,0.0,0.0,0.0,0.0
6487,O=C(NCNC(=O)NC1C(=O)NC(=O)N1CO)NC1C(=O)NC(=O)N1CO,0.0,0.0,0.0,0.0,0.0,0.0,0.0,0.0,0.0,0.0,0.0,0.0
6490,S=C(NC1CCCCC1)NC1CCCCC1,1.0,0.0,,,0.0,0.0,1.0,,0.0,0.0,0.0,0.0
6495,Cc1ccc(/N=N/c2c(O)c(C(=O)[O-])cc3ccccc23)c(S(=O)(=O)[O-])c1.[Ca+2],0.0,0.0,1.0,,0.0,1.0,,0.0,0.0,0.0,0.0,0.0
6496,COc1ccc(/N=N/c2cc(C)c(/N=N/c3ccc(S(=O)(=O)[O-])cc3)cc2OC)cc1.[Na+],0.0,0.0,,,0.0,1.0,,0.0,0.0,0.0,0.0,0.0
6497,CCOP(=O)(CC)Oc1ccc([N+](=O)[O-])cc1,0.0,0.0,,1.0,0.0,0.0,0.0,0.0,0.0,,0.0,0.0
6500,C=CC(C)(CCC=C(C)C)OC(=O)C=Cc1ccccc1,1.0,0.0,,,0.0,0.0,,1.0,0.0,0.0,0.0,0.0
6501,C=CC(=O)OCCO,0.0,0.0,1.0,0.0,0.0,0.0,0.0,1.0,0.0,0.0,0.0,0.0
6504,CC(C)(C)c1cc(C(C)(C)C)c(O)c(C(C)(C)C)c1,0.0,0.0,0.0,,0.0,0.0,1.0,0.0,0.0,0.0,0.0,0.0
6505,CC(C)CC(=O)C1C(=O)c2ccccc2C1=O,0.0,0.0,0.0,0.0,0.0,1.0,1.0,0.0,,0.0,,0.0
6506,CCCCCC(C)OC(=O)COc1ccc(Cl)c2cccnc12,,0.0,0.0,1.0,0.0,0.0,0.0,0.0,0.0,0.0,0.0,
6507,Cc1ccc2ccccc2c1C,0.0,0.0,0.0,0.0,0.0,,0.0,0.0,0.0,0.0,0.0,0.0
6508,CCCC[n+]1ccc(C)cc1.F[P-](F)(F)(F)(F)F,0.0,0.0,1.0,,0.0,1.0,,,0.0,0.0,0.0,0.0
6509,COCC(C)N(C(=O)CCl)c1c(C)csc1C,0.0,0.0,1.0,1.0,0.0,0.0,,0.0,,0.0,0.0,0.0
6510,Cc1oc(C)c(C(=O)Nc2ccccc2)c1C,0.0,0.0,1.0,1.0,0.0,1.0,1.0,,,0.0,0.0,0.0
6512,CCn1nc(Cc2ccccc2)cc1C1CCN(C[C@H]2C[C@H](N(C)[C@@H](C(=O)O)C(C)C)C[C@@H]2c2cccc(F)c2)CC1,0.0,0.0,0.0,0.0,0.0,0.0,,0.0,,0.0,0.0,0.0
6513,CCOP(=S)(OCC)SCn1c(=O)oc2cc(Cl)ccc21,1.0,0.0,1.0,1.0,0.0,1.0,,0.0,0.0,0.0,0.0,0.0
6515,Cl.Cl.Cl.Cl.Nc1ccc(-c2ccc(N)c(N)c2)cc1N,,0.0,,1.0,0.0,1.0,1.0,0.0,0.0,0.0,0.0,0.0
6516,CCn1c2ccccc2c2cc(N)ccc21.Cl,,0.0,1.0,1.0,1.0,1.0,1.0,0.0,0.0,,0.0,0.0
6517,Cl.Nc1ccc(/N=N\c2ccccc2)c(N)c1,0.0,0.0,1.0,,0.0,1.0,1.0,1.0,,0.0,1.0,
6522,Clc1nc2ccccc2nc1Cl,0.0,0.0,0.0,,0.0,0.0,,0.0,1.0,0.0,0.0,
6524,CCc1cccc(C)c1N(C(=O)CCl)[C@@H](C)COC,0.0,0.0,1.0,,0.0,0.0,,0.0,,0.0,0.0,0.0
6525,CN(C)C(=O)NC1(c2ccccc2)CCN(CCC[C@@]2(c3ccc(Cl)c(Cl)c3)CCCN(C(=O)c3ccccc3)C2)CC1,0.0,0.0,,,0.0,0.0,,0.0,0.0,0.0,0.0,0.0
6526,Cc1cccc(/N=N/c2ccc(N(C)C)cc2)c1,0.0,1.0,1.0,,0.0,1.0,1.0,1.0,0.0,0.0,1.0,0.0
6528,c1ccc(N=NNc2ccccc2)cc1,0.0,0.0,1.0,,0.0,1.0,,1.0,,0.0,0.0,0.0
6530,Nc1ccc(Br)cc1,0.0,0.0,0.0,0.0,0.0,1.0,0.0,0.0,0.0,0.0,0.0,0.0
6534,CCCCOCCOC(C)=O,0.0,0.0,0.0,0.0,0.0,0.0,0.0,0.0,0.0,0.0,0.0,0.0
6535,C=CC(=O)OCCCCO,,0.0,1.0,,,0.0,0.0,0.0,0.0,0.0,0.0,0.0
6536,O=C(CC(=O)C(F)(F)F)c1ccccc1,,0.0,0.0,,0.0,0.0,1.0,1.0,,0.0,0.0,0.0
6537,CC(C)C[C@H](NC(=O)OCC1c2ccccc2-c2ccccc21)C(=O)O,0.0,0.0,,,0.0,1.0,0.0,1.0,1.0,0.0,1.0,0.0
6538,CC(C)CCCCCCCCCCCCCCC(=O)O,,0.0,,,0.0,0.0,0.0,0.0,1.0,0.0,0.0,0.0
6539,O=C(Oc1ccccc1)c1ccccc1C(=O)Oc1ccccc1,0.0,0.0,0.0,,0.0,0.0,,0.0,,0.0,0.0,0.0
6540,O=C1c2ccccc2C(=O)c2c(O)c(O)cc(O)c21,0.0,0.0,1.0,,0.0,1.0,1.0,,0.0,0.0,0.0,
6542,O=c1cc(-c2ccccc2)oc2ccc3ccccc3c12,0.0,,1.0,1.0,0.0,1.0,,1.0,0.0,0.0,1.0,0.0
6543,COP(=O)(OC)SCn1c(=O)oc2cc(Cl)cnc21,0.0,0.0,1.0,,0.0,1.0,,0.0,0.0,,0.0,0.0
6544,O=S(=O)([O-])[O-].OC[P+](CO)(CO)CO.OC[P+](CO)(CO)CO,,0.0,1.0,,0.0,0.0,,0.0,0.0,0.0,0.0,0.0
6545,CC(C)(C)OC(=O)c1ccc(O)cc1,0.0,0.0,,,1.0,,1.0,1.0,0.0,0.0,0.0,0.0
6546,CC(C)COC(=O)c1ccc(O)cc1,0.0,0.0,,,1.0,,1.0,1.0,0.0,0.0,0.0,0.0
6548,C[C@]12CC[C@@H]3c4ccc(O)cc4CC[C@H]3[C@@H]1CC[C@H]2O,0.0,1.0,0.0,,1.0,0.0,1.0,1.0,0.0,1.0,0.0,1.0
6550,C1CN(SSN2CCOCC2)CCO1,1.0,0.0,0.0,,0.0,0.0,,0.0,0.0,0.0,0.0,0.0
6551,CCOC(=O)NC(=S)Nc1ccccc1NC(=S)NC(=O)OCC,0.0,0.0,0.0,,0.0,1.0,,1.0,0.0,,0.0,0.0
6552,CCOP(=S)(NC(C)C)Oc1ccccc1C(=O)OC(C)C,0.0,0.0,,1.0,0.0,1.0,,0.0,0.0,0.0,0.0,0.0
6553,CC(=O)Nc1cc(S(=O)(=O)[O-])cc2cc(S(=O)(=O)[O-])c(N=Nc3ccccc3)c(O)c12.[Na+].[Na+],0.0,0.0,0.0,,0.0,0.0,,,0.0,0.0,0.0,0.0
6554,CCN(CC)c1cc2[o+]c3cc(N(CC)CC)c(C)cc3c(-c3ccc(S(=O)(=O)[O-])cc3S(=O)(=O)[O-])c2cc1C.[Na+],0.0,0.0,0.0,,0.0,0.0,,,0.0,0.0,0.0,0.0
6555,COP(=O)(OC)Oc1ccc([N+](=O)[O-])cc1,,0.0,,1.0,0.0,0.0,0.0,0.0,0.0,0.0,0.0,0.0
6556,C=CCOC(=O)C(=C)C,0.0,0.0,0.0,0.0,0.0,0.0,0.0,0.0,0.0,0.0,0.0,0.0
6557,C=CC(=O)NCNC(=O)C=C,0.0,0.0,1.0,,0.0,0.0,0.0,,,0.0,0.0,0.0
6558,c1ccc2cc3c(ccc4ccccc43)cc2c1,0.0,1.0,1.0,,1.0,1.0,1.0,1.0,0.0,0.0,1.0,0.0
6559,c1ccc(B(c2ccccc2)c2ccccc2)cc1,0.0,0.0,,0.0,1.0,1.0,1.0,1.0,0.0,0.0,,0.0
6562,CCOP(=S)(OCC)SC(CCl)N1C(=O)c2ccccc2C1=O,0.0,0.0,1.0,0.0,1.0,1.0,,1.0,0.0,,0.0,0.0
6564,CCOC(=O)COc1ccc2c(c1)CC(NCC(O)c1cccc(Cl)c1)CC2.Cl,0.0,0.0,0.0,,0.0,0.0,,0.0,0.0,,0.0,0.0
6565,Cl.N=C(N)NC(=O)c1nc(Cl)c(N)nc1N,0.0,0.0,1.0,,0.0,1.0,0.0,0.0,0.0,0.0,0.0,0.0
6566,CN(C)C(=O)NC1(c2ccccc2)CCN(CC[C@@]2(c3ccc(F)c(F)c3)CN(C(=O)c3ccccc3)CCO2)CC1.Cl,0.0,0.0,0.0,0.0,0.0,0.0,,0.0,,0.0,0.0,0.0
6567,Cl[C@H]1[C@H](Cl)[C@@H](Cl)[C@H](Cl)[C@H](Cl)[C@H]1Cl,0.0,0.0,,,0.0,,1.0,0.0,0.0,0.0,0.0,0.0
6568,CCOP(=S)(OCC)Oc1cc(Cl)c(Br)cc1Cl,0.0,0.0,0.0,0.0,0.0,1.0,,,0.0,0.0,0.0,0.0
6569,O=S(=O)(Oc1ccc(Cl)cc1Cl)c1ccccc1,0.0,0.0,0.0,0.0,,1.0,1.0,1.0,0.0,0.0,0.0,0.0
6571,CCOP(=S)(Cl)OCC,,0.0,0.0,,0.0,0.0,,0.0,0.0,0.0,0.0,0.0
6572,Cc1ccc2oc(CN(Cc3ccccc3)C(=O)Nc3c(F)cc(F)cc3F)c(-c3ccc(Cl)cc3)c2c1,,0.0,0.0,,0.0,0.0,1.0,0.0,0.0,,0.0,0.0
6573,N#CSCc1ccccc1,0.0,0.0,0.0,0.0,,0.0,0.0,0.0,0.0,1.0,0.0,
6574,NC(=O)N(O)[C@@H]1C=C[C@H](Oc2cccc(Oc3ccc(F)cc3)c2)C1,0.0,0.0,1.0,,0.0,,0.0,1.0,,0.0,0.0,0.0
6576,Nc1ccccc1C(=O)OCCc1ccccc1,0.0,1.0,0.0,,0.0,1.0,,1.0,0.0,0.0,1.0,0.0
6578,O=[N+]([O-])c1ccccc1[N+](=O)[O-],0.0,0.0,1.0,,0.0,1.0,1.0,0.0,0.0,0.0,0.0,0.0
6581,CCCN(C1CCN(C(=O)C2CCNCC2)CC1)[C@@H]1CCc2ccc(OC)cc2C1,0.0,0.0,,,0.0,0.0,0.0,1.0,0.0,,0.0,0.0
6582,CCCCCCCCCCCC(=O)N(C)CC(=O)O,0.0,0.0,1.0,0.0,0.0,0.0,0.0,,1.0,,0.0,0.0
6584,O=C(O)/C=C/C(=O)O.O=C1c2ccccc2C(=O)N1CCc1noc(-c2ccc(CN3CCCCCC3)s2)n1,0.0,0.0,1.0,0.0,0.0,1.0,,,0.0,0.0,0.0,0.0
6585,CCCCCCCCCCCC(=O)O,0.0,0.0,0.0,0.0,0.0,0.0,0.0,0.0,0.0,0.0,0.0,0.0
6586,Cc1oc(-c2ccccc2)nc1CCOc1cccc2c1ccn2CCC(=O)O,0.0,0.0,1.0,,0.0,0.0,,0.0,1.0,,0.0,0.0
6587,COC(=O)Nc1nc2ccccc2[nH]1,0.0,0.0,0.0,,0.0,1.0,0.0,0.0,0.0,1.0,0.0,0.0
6589,O=C(N=NC(=O)OCc1ccccc1)OCc1ccccc1,0.0,0.0,0.0,,0.0,1.0,,,0.0,0.0,0.0,0.0
6591,CC1(C)CCC[C@]2(C)[C@H]3CC(=O)O[C@]3(C)CC[C@@H]12,0.0,0.0,,,0.0,0.0,,0.0,0.0,0.0,0.0,0.0
6592,O=C1c2ccccc2C(=O)C1(O)O,0.0,0.0,,,0.0,1.0,1.0,0.0,,1.0,0.0,0.0
6593,Cn1c(=O)c2c(ncn2C)n(C)c1=O,0.0,0.0,1.0,0.0,0.0,0.0,0.0,0.0,0.0,0.0,0.0,0.0
6594,O=C1c2ccccc2C(=O)C1c1ccc2ccccc2n1,0.0,,1.0,,0.0,1.0,1.0,,0.0,0.0,1.0,0.0
6595,O=C(NO)C1(NS(=O)(=O)c2ccc(Oc3ccc(F)cc3)cc2)CCOCC1,0.0,0.0,,0.0,0.0,0.0,0.0,,0.0,0.0,0.0,0.0
6597,Oc1ccc2c(c1)-c1ccccc1C2,0.0,0.0,1.0,0.0,1.0,1.0,1.0,1.0,0.0,,0.0,0.0
6600,O=c1c(O)c(-c2ccc(O)c(O)c2)oc2cc(O)cc(O)c12,0.0,0.0,,,1.0,1.0,1.0,1.0,0.0,1.0,0.0,0.0
6601,Oc1ccc(Oc2ccccc2)cc1,0.0,0.0,1.0,,1.0,0.0,1.0,1.0,,,0.0,0.0
6602,Oc1cccc(Nc2ccccc2)c1,0.0,0.0,,,1.0,,1.0,1.0,0.0,0.0,0.0,0.0
6604,S=C(Nc1ccccc1)Nc1ccccc1,1.0,0.0,,0.0,0.0,0.0,,0.0,0.0,0.0,0.0,0.0
6606,S=c1[nH]c2ccccc2[nH]1,0.0,1.0,0.0,,0.0,1.0,0.0,0.0,0.0,0.0,0.0,0.0
6607,CCC(=O)[O-].CCC(=O)[O-].[Ca+2],0.0,0.0,0.0,,,0.0,0.0,,0.0,0.0,0.0,0.0
6608,C1=CCC([Ti+2]C2=CC=CC2)=C1.[Cl-].[Cl-],,0.0,,,0.0,0.0,0.0,0.0,0.0,0.0,0.0,0.0
6609,O=C(Nc1ccc2c(O)c(N=Nc3ccc(N=Nc4ccc(S(=O)(=O)[O-])cc4)cc3)c(S(=O)(=O)[O-])cc2c1)c1ccccc1.[Na+].[Na+],0.0,0.0,1.0,,0.0,0.0,,,0.0,0.0,0.0,0.0
6610,COc1ccccc1/N=N/c1c(S(=O)(=O)[O-])cc2cc(S(=O)(=O)[O-])cc(NC(C)=O)c2c1O.[Na+].[Na+],0.0,0.0,0.0,,0.0,0.0,,,0.0,0.0,0.0,0.0
6611,CCN(Cc1cccc(S(=O)(=O)[O-])c1)c1ccc(C(=C2C=CC(=[N+](CC)Cc3cccc(S(=O)(=O)[O-])c3)C=C2)c2ccc(O)cc2S(=O)(=O)[O-])cc1.[Na+].[Na+],0.0,0.0,0.0,,0.0,0.0,,,0.0,0.0,0.0,0.0
6612,COc1cc(S(=O)(=O)[O-])c(C)cc1/N=N/c1c(O)ccc2cc(S(=O)(=O)[O-])ccc12.[Na+].[Na+],0.0,0.0,0.0,,0.0,0.0,,,0.0,0.0,0.0,0.0
6613,Cc1cc(S(=O)(=O)[O-])ccc1/N=N/c1c(O)ccc2ccccc12.[Na+],0.0,0.0,,,0.0,1.0,,0.0,0.0,0.0,0.0,0.0
6614,O=S(=O)([O-])c1ccc(N=Nc2c(O)ccc3ccccc23)cc1.[Na+],0.0,0.0,,,0.0,1.0,,0.0,0.0,0.0,0.0,0.0
6615,N#CC(Br)(Br)C(N)=O,0.0,0.0,,,0.0,0.0,0.0,,0.0,0.0,0.0,0.0
6617,Brc1ccc(Oc2cc(Br)c(Br)cc2Br)c(Br)c1,0.0,0.0,0.0,0.0,0.0,1.0,1.0,1.0,0.0,0.0,0.0,0.0
6618,CC(C)=CC1C(C(=O)OC(C#N)c2cccc(Oc3ccccc3)c2)C1(C)C,0.0,0.0,0.0,0.0,0.0,,,0.0,0.0,0.0,0.0,0.0
6619,C[Sn](Cl)(Cl)Cl,0.0,0.0,0.0,0.0,0.0,0.0,0.0,0.0,0.0,0.0,0.0,0.0
6620,CC(C)=CCCC(C)CCOC=O,,0.0,,,0.0,0.0,0.0,0.0,0.0,0.0,0.0,0.0
6621,C1CC(COCC2CO2)CCC1COCC1CO1,0.0,0.0,,,0.0,0.0,0.0,0.0,,0.0,0.0,0.0
6623,CC(=O)c1cc(C(C)(C)C)cc2c1CCC2(C)C,,0.0,0.0,,0.0,0.0,1.0,0.0,0.0,,0.0,0.0
6624,CC(=O)OCCN(CCOC(C)=O)c1ccc(/N=N/c2ccc([N+](=O)[O-])cc2C#N)cc1,0.0,0.0,1.0,0.0,,1.0,1.0,0.0,,0.0,0.0,0.0
6625,Cc1cc(C(C)(C)C)c(O)c(C)c1Cn1c(=O)n(Cc2c(C)cc(C(C)(C)C)c(O)c2C)c(=O)n(Cc2c(C)cc(C(C)(C)C)c(O)c2C)c1=O,,0.0,0.0,1.0,0.0,0.0,1.0,0.0,0.0,,0.0,0.0
6626,CC(C)(C)CCCCCCOC(=O)c1ccccc1C(=O)OCCCCCCC(C)(C)C,0.0,,,0.0,0.0,0.0,0.0,0.0,0.0,0.0,0.0,0.0
6627,CC(C)O,,0.0,0.0,,0.0,0.0,0.0,0.0,0.0,0.0,0.0,
6628,CCC(C)N(C)C(=O)c1cc2ccccc2c(-c2ccccc2Cl)n1,0.0,0.0,,0.0,0.0,0.0,0.0,0.0,,0.0,0.0,0.0
6629,CCCCCCCCCC(C)C=O,,0.0,,,0.0,0.0,0.0,0.0,1.0,0.0,0.0,0.0
6630,CCCCCCC(C)O,0.0,0.0,0.0,0.0,0.0,0.0,0.0,0.0,0.0,0.0,0.0,0.0
6631,COc1cccc(C(=O)NN(C(=O)c2cc(C)cc(C)c2)C(C)(C)C)c1C,0.0,0.0,0.0,0.0,0.0,,,0.0,0.0,0.0,0.0,0.0
6632,Cc1cc(C)cc(OP(=O)(Oc2cc(C)cc(C)c2)Oc2cc(C)cc(C)c2)c1,0.0,0.0,,0.0,0.0,1.0,,0.0,0.0,0.0,0.0,0.0
6633,Cc1ccccc1C(=O)Nc1ccc(C(=O)N2CCCC(O)c3cc(Cl)ccc32)c(C)c1,0.0,0.0,0.0,,0.0,0.0,1.0,0.0,,0.0,0.0,0.0
6634,Cc1ncc([C@@H](CCCCCCc2ccc3c(n2)NCCC3)CC(=O)O)cn1,0.0,0.0,,0.0,0.0,0.0,0.0,0.0,0.0,0.0,0.0,
6635,CC#Cc1cc(C)nc(Nc2ccccc2)n1,0.0,0.0,1.0,,0.0,1.0,,,0.0,0.0,0.0,0.0
6637,CCCCC(CC)COP(=O)(Oc1ccccc1)Oc1ccccc1,,0.0,0.0,0.0,0.0,0.0,,0.0,0.0,0.0,0.0,0.0
6638,CCCCCCCCS,0.0,,0.0,,0.0,0.0,0.0,0.0,0.0,0.0,0.0,0.0
6639,CCCCN(N=O)C(=N)N[N+](=O)[O-],1.0,0.0,,,0.0,0.0,0.0,,0.0,1.0,0.0,0.0
6640,CCOc1ccc(N)cc1,0.0,0.0,,1.0,0.0,1.0,0.0,0.0,0.0,0.0,0.0,0.0
6641,CCOc1ccc(O)cc1,0.0,0.0,,,0.0,0.0,0.0,0.0,,0.0,0.0,0.0
6643,CCOc1ccc2nc(N)sc2c1,0.0,0.0,,,0.0,1.0,,1.0,0.0,0.0,1.0,0.0
6648,CCN(CC)CCCl.Cl,0.0,0.0,1.0,0.0,0.0,0.0,,0.0,0.0,,1.0,0.0
6650,Cl.NNc1ccc(C(=O)O)cc1,0.0,0.0,0.0,,0.0,,0.0,,0.0,0.0,0.0,0.0
6651,Cl.NCCc1ccc(O)c(O)c1,0.0,0.0,1.0,,0.0,,0.0,,0.0,0.0,0.0,0.0
6653,CC(C)[C@H](C(=O)O[C@H](C#N)c1cccc(Oc2ccccc2)c1)c1ccc(Cl)cc1,,0.0,0.0,0.0,0.0,0.0,,0.0,0.0,0.0,0.0,0.0
6654,CON(C)C(=O)Nc1ccc(Cl)c(Cl)c1,0.0,0.0,,,0.0,1.0,1.0,0.0,0.0,0.0,0.0,0.0
6657,Nc1ccc(Oc2ccc(Cl)cc2)cc1,0.0,0.0,1.0,1.0,0.0,,0.0,0.0,0.0,0.0,0.0,0.0
6658,O=P(OC(CCl)CCl)(OC(CCl)CCl)OC(CCl)CCl,0.0,0.0,0.0,1.0,0.0,0.0,,0.0,0.0,0.0,0.0,0.0
6659,Cc1ccc2c(n1)Oc1ccc(C(C)C(=O)OCC(=O)N(C)C)cc1C2,0.0,1.0,0.0,,0.0,,0.0,0.0,0.0,0.0,1.0,0.0
6660,COc1cc(OC)c2ccc(=O)oc2c1,0.0,0.0,,,0.0,0.0,,0.0,0.0,0.0,0.0,0.0
6663,CSc1nc(NC2CC2)nc(NC(C)(C)C)n1,,0.0,,,0.0,1.0,1.0,0.0,0.0,0.0,0.0,0.0
6664,CC(C)[C@H](C(=O)OC(C#N)c1cccc(Oc2ccccc2)c1)c1ccc(OC(F)F)cc1,,0.0,0.0,,0.0,0.0,1.0,0.0,0.0,0.0,0.0,0.0
6665,C=C(C#N)C(=O)OCC,0.0,0.0,0.0,,0.0,0.0,0.0,0.0,0.0,0.0,1.0,0.0
6666,N#Cc1cc2ccccc2c2ccccc12,0.0,1.0,,,0.0,1.0,,0.0,0.0,0.0,0.0,0.0
6667,Nc1nc(-c2ccc([N+](=O)[O-])cc2)cs1,0.0,0.0,,,0.0,,1.0,1.0,0.0,0.0,0.0,0.0
6668,Nc1nnc(-c2ccc([N+](=O)[O-])o2)o1,0.0,0.0,1.0,,0.0,0.0,,,0.0,0.0,0.0,0.0
6672,COc1ccc(C(=O)c2ccc(OC)cc2O)c(O)c1,0.0,,0.0,,1.0,1.0,1.0,1.0,0.0,,0.0,0.0
6673,CC1=C(C(=O)Nc2ccccc2)SCCO1,0.0,0.0,0.0,,0.0,1.0,0.0,1.0,0.0,0.0,1.0,0.0
6674,O=C(NO)c1ccccc1,0.0,0.0,,,0.0,0.0,0.0,0.0,0.0,,0.0,0.0
6675,Cc1occc1C(=O)Nc1ccc(C(=O)N2CCC(F)(F)/C(=C\C(=O)N3CCC(N4CCCCC4)CC3)c3ccccc32)cc1.Cc1occc1C(=O)Nc1ccc(C(=O)N2CCC(F)(F)/C(=C\C(=O)N3CCC(N4CCCCC4)CC3)c3ccccc32)cc1.O=C(O)/C=C/C(=O)O,0.0,0.0,,0.0,0.0,0.0,0.0,,0.0,0.0,0.0,0.0
6676,CN(CCOc1ccc(CC2SC(=O)NC2=O)cc1)c1ccccn1.O=C(O)/C=C\C(=O)O,0.0,0.0,1.0,,0.0,,1.0,0.0,1.0,0.0,0.0,
6678,O=C(O)c1ccc2cc(O)ccc2c1,0.0,0.0,0.0,0.0,0.0,,0.0,,0.0,0.0,0.0,0.0
6681,O=C(Oc1ccccc1)c1cccc(C(=O)Oc2ccccc2)c1,0.0,0.0,0.0,,0.0,1.0,0.0,1.0,0.0,0.0,,
6682,CCOC(=O)[C@@H](C)Oc1ccc(Oc2nc3ccc(Cl)cc3o2)cc1,0.0,0.0,,,0.0,0.0,0.0,0.0,0.0,0.0,0.0,
6684,O=C1CCCCCCCCCCC(=O)OCCO1,0.0,0.0,0.0,,0.0,0.0,,0.0,0.0,0.0,0.0,0.0
6685,O=C1CCN(c2ccccc2)N1,0.0,0.0,0.0,,0.0,,0.0,0.0,,0.0,0.0,0.0
6688,CCCOc1ccc(S(=O)(=O)N2CCN(CC)CC2)cc1-c1nc2c(CC)n(Cc3ccccn3)nc2c(=O)[nH]1,0.0,0.0,0.0,0.0,0.0,0.0,,0.0,,0.0,0.0,0.0
6689,O=C(O)CCN(C1(C(=O)NO)CCCC1)S(=O)(=O)c1ccc(Oc2ccc(F)cc2)cc1,0.0,0.0,,0.0,0.0,0.0,,0.0,0.0,0.0,0.0,0.0
6690,CCN(C(=O)c1cc(C)cc(OC[C@H](C)Nc2ccncc2)c1)C(C)C.Cc1ccc(S(=O)(=O)O)cc1,,0.0,0.0,0.0,0.0,0.0,0.0,0.0,0.0,0.0,0.0,0.0
6692,O=C(c1ccc(O)c(O)c1)c1ccc(O)cc1O,1.0,0.0,,1.0,1.0,1.0,1.0,1.0,0.0,,0.0,0.0
6694,Oc1ccc(Cc2ccccc2O)cc1,0.0,0.0,1.0,0.0,1.0,,1.0,1.0,0.0,0.0,0.0,0.0
6695,Cl/C=C\C[N+]12CN3CN(CN(C3)C1)C2.[Cl-],0.0,0.0,1.0,,0.0,0.0,0.0,0.0,,,0.0,0.0
6696,CCc1cc(C2=C(C(=O)[O-])N(c3ccccc3C(F)(F)F)S(=O)(=O)c3ccccc32)cc2c1OCO2.[K+],0.0,0.0,,0.0,0.0,0.0,1.0,0.0,,0.0,0.0,0.0
6697,C=Cc1ccc(S(=O)(=O)[O-])cc1.[Na+],0.0,0.0,1.0,0.0,0.0,0.0,,0.0,,0.0,0.0,0.0
6699,CCC(C)Nc1c([N+](=O)[O-])cc(C(C)(C)C)cc1[N+](=O)[O-],0.0,0.0,0.0,0.0,0.0,0.0,,1.0,,0.0,0.0,0.0
6700,CCOc1cc([N+](=O)[O-])c(OCC)cc1N1CCOCC1,0.0,0.0,0.0,1.0,0.0,,,0.0,0.0,0.0,0.0,0.0
6701,O=[N+]([O-])c1ccc2c3c(cccc13)CC2,0.0,0.0,,0.0,0.0,1.0,1.0,0.0,0.0,0.0,0.0,0.0
6702,O=C(O)CC[N+](=O)[O-],0.0,0.0,0.0,0.0,0.0,0.0,0.0,0.0,0.0,0.0,0.0,0.0
6703,CC(=O)[O-].[Tl+],0.0,0.0,0.0,1.0,0.0,0.0,0.0,0.0,,,0.0,0.0
6704,CC(Br)C(=O)O,0.0,0.0,0.0,0.0,0.0,0.0,0.0,0.0,0.0,0.0,0.0,0.0
6705,Brc1ccc(Oc2ccccc2)cc1,0.0,0.0,0.0,0.0,0.0,0.0,0.0,0.0,0.0,0.0,0.0,0.0
6706,O=C(CBr)OCc1ccccc1,0.0,0.0,0.0,0.0,,0.0,0.0,,0.0,0.0,0.0,0.0
6707,c1ccc(CCCc2ccccn2)cc1,0.0,0.0,0.0,,0.0,,0.0,,0.0,0.0,0.0,0.0
6708,c1ccc(SCCSc2ccccc2)cc1,0.0,0.0,0.0,,0.0,,,1.0,0.0,0.0,0.0,0.0
6709,C[C@@H]1CC[C@H]2C(C)(C)[C@H]3C[C@@]12CC[C@@]3(C)O,,0.0,,0.0,0.0,0.0,1.0,0.0,0.0,0.0,0.0,0.0
6713,CC(=O)c1ccc2ccc3ccccc3c2c1,0.0,0.0,,,0.0,1.0,1.0,1.0,0.0,1.0,0.0,0.0
6714,CC(=O)O.CCCCCCCCCCCCNC(=N)N,0.0,0.0,,0.0,0.0,0.0,,0.0,0.0,0.0,0.0,0.0
6715,CN(C)Cc1cc(C(C)(C)C)c(O)c(C(C)(C)C)c1,0.0,0.0,1.0,0.0,0.0,0.0,,,0.0,0.0,0.0,0.0
6716,CC(C)(O)c1ccc(CNC(=O)c2cccnc2Oc2ccc3nonc3c2)cc1,0.0,0.0,0.0,0.0,0.0,,0.0,,0.0,0.0,0.0,0.0
6717,CC(C)(OOC(C)(C)c1ccccc1)c1ccccc1,0.0,0.0,0.0,,1.0,0.0,1.0,1.0,0.0,0.0,0.0,0.0
6718,CC(C)Nc1ccc(NC(C)C)c2c1C(=O)c1ccccc1C2=O,0.0,0.0,,,0.0,1.0,,0.0,0.0,0.0,0.0,0.0
6719,CC(C)Oc1cccc(NC(=O)c2ccccc2C(F)(F)F)c1,0.0,0.0,,0.0,0.0,1.0,,0.0,0.0,0.0,0.0,0.0
6720,CCCCCCC(C)OC(=O)COc1nc(F)c(Cl)c(N)c1Cl,0.0,0.0,0.0,1.0,0.0,,1.0,,0.0,0.0,0.0,0.0
6721,Cc1cc(C2(c3cc(C)c(O)cc3C)OS(=O)(=O)c3ccccc32)c(C)cc1O,0.0,0.0,0.0,,1.0,1.0,1.0,1.0,0.0,0.0,0.0,0.0
6722,Cc1ccc(N)c(N)c1,1.0,0.0,1.0,0.0,1.0,1.0,,1.0,0.0,0.0,1.0,0.0
6723,Cc1ccc2oc(=O)ccc2c1,0.0,0.0,,0.0,0.0,0.0,0.0,0.0,0.0,0.0,0.0,0.0
6724,Cc1ccccc1[N+](=O)[O-],0.0,0.0,0.0,1.0,0.0,0.0,0.0,0.0,0.0,0.0,0.0,0.0
6726,Cc1occc1SSc1ccoc1C,1.0,0.0,,,0.0,0.0,0.0,0.0,0.0,1.0,0.0,
6727,CCC[N+]1(C)CCCCC1.F[B-](F)(F)F,,0.0,0.0,0.0,0.0,0.0,0.0,,0.0,0.0,0.0,0.0
6728,CCCCOC(=O)CCS,0.0,0.0,0.0,,0.0,0.0,,,0.0,0.0,0.0,0.0
6731,Cc1ccccc1N.Cl,0.0,0.0,0.0,0.0,0.0,0.0,0.0,1.0,0.0,0.0,0.0,0.0
6732,CCC(=O)N(c1ccccc1)C1CCN(CCc2cccs2)CC1.Cl,0.0,0.0,,0.0,0.0,0.0,0.0,,0.0,0.0,0.0,0.0
6735,Cl.NC1(c2ccccc2)CCCCC1,0.0,0.0,0.0,,0.0,0.0,,0.0,,0.0,0.0,0.0
6736,Cl[C@H]1[C@H](Cl)[C@@H](Cl)[C@H](Cl)[C@@H](Cl)[C@@H]1Cl,0.0,0.0,0.0,0.0,,0.0,0.0,1.0,0.0,0.0,0.0,0.0
6737,CC1(C)[C@H](C(=O)O[C@H](C#N)c2cccc(Oc3ccccc3)c2)[C@@H]1/C=C(\Cl)C(F)(F)F,,0.0,0.0,0.0,0.0,0.0,1.0,0.0,,0.0,0.0,0.0
6738,CCC(Cl)C(Cl)C(Cl)CC(Cl)C(Cl)C(C)Cl,0.0,0.0,,0.0,0.0,0.0,1.0,,0.0,0.0,0.0,0.0
6739,Cc1cc(Cl)ccc1OCCCC(=O)O,0.0,0.0,0.0,,0.0,0.0,0.0,0.0,0.0,0.0,0.0,0.0
6740,Oc1nc(Cl)c(Cl)cc1Cl,0.0,0.0,1.0,,0.0,1.0,1.0,0.0,,0.0,0.0,
6741,Oc1c(Cl)cc(Cl)cc1Cl,0.0,0.0,1.0,0.0,0.0,,1.0,0.0,0.0,0.0,0.0,0.0
6746,O=C(O)C1C(C(=O)O)C2(Cl)C(Cl)=C(Cl)C1(Cl)C2(Cl)Cl,0.0,0.0,0.0,0.0,0.0,,0.0,0.0,0.0,0.0,0.0,0.0
6749,Cn1cc(-c2ccccc2)c(=O)c(-c2cccc(C(F)(F)F)c2)c1,0.0,0.0,0.0,0.0,0.0,0.0,0.0,0.0,0.0,0.0,0.0,0.0
6751,COc1ccc2nc(N)sc2c1,0.0,0.0,0.0,,0.0,1.0,0.0,1.0,0.0,0.0,0.0,0.0
6753,O=C(O)C(F)(F)C(F)(F)C(F)(F)C(F)(F)C(F)(F)C(F)(F)C(F)(F)C(F)(F)F,0.0,0.0,1.0,,0.0,,0.0,0.0,,1.0,0.0,0.0
6755,Nc1ccc(F)cc1,0.0,0.0,0.0,0.0,0.0,,,0.0,0.0,0.0,0.0,0.0
6756,c1coc(-c2nc3ccccc3[nH]2)c1,0.0,0.0,0.0,,,1.0,,1.0,0.0,0.0,1.0,0.0
6757,Nc1cc(Cl)ccc1O,0.0,0.0,1.0,0.0,0.0,1.0,,0.0,,1.0,0.0,0.0
6758,Nc1ccc(-c2ccc(N)cc2)cc1,0.0,0.0,1.0,,0.0,1.0,1.0,,0.0,0.0,1.0,0.0
6761,Cc1cc(N)n(-c2ccccc2)n1,0.0,0.0,0.0,,0.0,,0.0,,0.0,0.0,0.0,0.0
6762,NNc1ccc(C(=O)O)cc1,0.0,1.0,0.0,,0.0,,0.0,,0.0,0.0,0.0,0.0
6764,CC(=O)c1c(C)c([N+](=O)[O-])c(C(C)(C)C)c([N+](=O)[O-])c1C,0.0,0.0,0.0,0.0,0.0,0.0,,,0.0,0.0,0.0,0.0
6766,CC(C)OC(=O)c1cc(C(=O)OC(C)C)cc([N+](=O)[O-])c1,0.0,0.0,0.0,,0.0,,,0.0,0.0,0.0,0.0,0.0
6767,Nc1cc(Cl)c([N+](=O)[O-])cc1O,0.0,0.0,1.0,,0.0,,1.0,0.0,,0.0,0.0,0.0
6768,CNC(=O)ON=C(SC)C(=O)N(C)C,0.0,0.0,0.0,0.0,0.0,0.0,0.0,1.0,0.0,0.0,0.0,0.0
6770,CC(=O)C(Cl)C(=O)N(C)C,0.0,0.0,,0.0,0.0,0.0,0.0,0.0,0.0,0.0,0.0,0.0
6771,Cc1ccc(O)c(C(=O)c2ccccc2)c1,0.0,0.0,0.0,,0.0,,,0.0,0.0,0.0,0.0,0.0
6773,CCCCCCCC/C=C\CCCCCCCC(=O)OCCOC(=O)CCCCCCC/C=C\CCCCCCCC,0.0,0.0,0.0,0.0,0.0,,,1.0,0.0,0.0,0.0,0.0
6774,CCCCCCCCCC(=O)OC,0.0,0.0,0.0,0.0,0.0,0.0,0.0,0.0,0.0,0.0,0.0,0.0
6775,CC(=O)c1ccc(OCC(=O)N2CCCCC2)cc1,0.0,0.0,0.0,,0.0,,0.0,1.0,0.0,,0.0,0.0
6776,CC1CCCCC1NC(=O)Nc1ccccc1,0.0,0.0,0.0,,0.0,,1.0,,0.0,0.0,0.0,0.0
6777,CC(C(=O)O)c1ccc(/C=C2\CCCCC2=O)cc1,0.0,0.0,1.0,,0.0,,0.0,,1.0,0.0,0.0,0.0
6778,O=C(O)c1ccccc1C(=O)OCc1ccccc1,0.0,0.0,0.0,,0.0,,0.0,0.0,,0.0,0.0,0.0
6779,CCCCCC/C=C\CCCCCCCC(=O)O,,0.0,0.0,0.0,0.0,0.0,0.0,0.0,1.0,0.0,0.0,0.0
6781,CCCCCCCCC(=O)O,0.0,0.0,0.0,0.0,0.0,0.0,0.0,0.0,0.0,0.0,0.0,0.0
6782,CCCCCCCCCCCCC(=O)O,0.0,0.0,,0.0,0.0,0.0,0.0,,0.0,0.0,0.0,0.0
6783,COC(=O)c1ccc2cc(C(=O)OC)ccc2c1,,0.0,0.0,,0.0,,0.0,0.0,0.0,0.0,0.0,0.0
6784,C=C(C)C(=O)OCC(CC)CCCC,0.0,0.0,0.0,0.0,0.0,0.0,,0.0,0.0,0.0,0.0,0.0
6785,CCOC(=O)C1=NN(c2ccccc2)C(=O)C1,0.0,0.0,0.0,0.0,0.0,0.0,,0.0,1.0,0.0,0.0,
6786,CCOC(=O)Cn1cccc1-c1nc(-c2ccc(OC)cc2)c(-c2ccc(OC)cc2)s1,,0.0,1.0,0.0,0.0,0.0,0.0,0.0,0.0,,0.0,0.0
6787,CCOC(=O)OC1=C(c2cc(C)ccc2C)C(=O)N[C@]12CC[C@@H](OC)CC2,0.0,0.0,0.0,,0.0,0.0,,,0.0,1.0,0.0,0.0
6788,CC=CC=CCOC(=O)C(C)C,,0.0,1.0,,0.0,0.0,0.0,0.0,0.0,,0.0,0.0
6789,CCCCCCOC(=O)c1ccccc1C(=O)OCCCCCC,0.0,0.0,0.0,0.0,0.0,1.0,0.0,0.0,0.0,0.0,0.0,0.0
6790,O=C=NC1CCCCC1,0.0,0.0,0.0,,0.0,,,1.0,0.0,0.0,0.0,0.0
6791,CC1(CO)CN(c2ccccc2)NC1=O,0.0,0.0,,,0.0,1.0,0.0,0.0,,0.0,0.0,0.0
6792,CCCCCCCCCCCCCCCC/C=C/C1CC(=O)OC1=O,0.0,0.0,,0.0,0.0,0.0,,0.0,0.0,0.0,0.0,0.0
6795,Oc1ccc(Cl)c(Cl)c1,0.0,0.0,1.0,0.0,1.0,,1.0,,0.0,0.0,0.0,0.0
6796,Oc1cc(Cl)cc(Cl)c1,0.0,0.0,,,0.0,0.0,1.0,0.0,0.0,,0.0,0.0
6798,CCn1nc(C)c2c1C(=O)NCC(c1ccc(O)cc1)=N2,0.0,0.0,,0.0,0.0,,0.0,0.0,0.0,0.0,0.0,0.0
6799,Oc1ccc(Sc2ccc(O)cc2)cc1,0.0,0.0,1.0,0.0,1.0,0.0,1.0,1.0,,,0.0,0.0
6800,CCCCCCCCc1ccc(O)cc1,,0.0,,,0.0,0.0,1.0,1.0,0.0,0.0,0.0,0.0
6804,OCC(CO)n1cnc(-c2ccc(F)cc2)c1-c1ccnc(Oc2ccccc2)n1,0.0,0.0,,,0.0,0.0,,0.0,0.0,0.0,0.0,0.0
6805,Cc1ccc(/C=N/n2c(-c3ccccc3)csc2=S)cc1,0.0,0.0,1.0,,0.0,1.0,,,0.0,0.0,0.0,0.0
6806,COP(=S)(OC)Oc1ccc([N+](=O)[O-])cc1,0.0,0.0,0.0,0.0,0.0,1.0,0.0,1.0,0.0,0.0,0.0,0.0
6807,O.[Br-].[Br-].c1cc[n+]2c(c1)-c1cccc[n+]1CC2,0.0,0.0,1.0,0.0,0.0,0.0,0.0,,0.0,,0.0,0.0
6808,C[N+](C)(C)Cc1ccccc1.[Cl-],0.0,0.0,0.0,0.0,0.0,0.0,0.0,0.0,0.0,0.0,0.0,0.0
6809,C[n+]1ccn(Cc2ccccc2)c1.[Cl-],0.0,0.0,,0.0,0.0,0.0,0.0,,0.0,0.0,0.0,0.0
6811,O=C([O-])[O-].[Sr+2],,0.0,0.0,0.0,0.0,0.0,0.0,,0.0,0.0,0.0,0.0
6812,O=C(O)C(Br)CBr,0.0,0.0,,,0.0,0.0,0.0,0.0,,0.0,0.0,0.0
6813,CCCCCCCCCCCCBr,0.0,0.0,,,0.0,0.0,,0.0,0.0,0.0,0.0,0.0
6814,c1ccc(CN(Cc2ccccc2)Cc2ccccc2)cc1,0.0,0.0,,0.0,0.0,0.0,,1.0,0.0,0.0,0.0,0.0
6816,C=C(C)[C@@H]1CCC2=CCC[C@@H](C)[C@]2(C)C1,,0.0,1.0,1.0,0.0,0.0,0.0,,0.0,0.0,0.0,0.0
6817,C1=CCC2CC=CC2C1,0.0,0.0,,0.0,0.0,0.0,,0.0,0.0,0.0,0.0,0.0
6818,C1=Cc2cccc3cccc1c23,0.0,0.0,0.0,0.0,0.0,,0.0,0.0,0.0,0.0,0.0,0.0
6819,c1ccc2nccnc2c1,0.0,,0.0,0.0,0.0,0.0,0.0,0.0,0.0,0.0,0.0,0.0
6821,c1ccc(Nc2ccccc2)cc1,0.0,0.0,0.0,,0.0,0.0,1.0,0.0,0.0,0.0,0.0,0.0
6822,c1ccc(P(c2ccccc2)c2ccccc2)cc1,1.0,0.0,,0.0,0.0,0.0,,0.0,0.0,0.0,0.0,0.0
6823,c1ccc2c(c1)[nH]c1cnccc12,,0.0,0.0,0.0,0.0,1.0,0.0,0.0,0.0,,0.0,0.0
6824,C=C(C)C(=O)OCCCC,0.0,,0.0,,0.0,,0.0,0.0,0.0,0.0,0.0,0.0
6826,CC(=O)NNc1ccccc1,0.0,0.0,0.0,0.0,0.0,0.0,0.0,0.0,,0.0,0.0,0.0
6827,CC(C)(C)C(=O)C(Oc1ccc(Cl)cc1)n1cncn1,0.0,0.0,0.0,1.0,,1.0,0.0,,0.0,0.0,0.0,0.0
6829,CC(C)(C)c1ccccc1O,0.0,0.0,0.0,0.0,0.0,0.0,1.0,0.0,0.0,0.0,0.0,0.0
6832,CC(C)(c1ccccc1)c1ccccc1,0.0,0.0,,0.0,0.0,0.0,,0.0,0.0,0.0,0.0,0.0
6833,C#CC(C)(O)CC(C)C,0.0,,0.0,0.0,0.0,0.0,0.0,0.0,0.0,0.0,0.0,0.0
6834,CC(C)CCCCCOC(=O)CS,0.0,0.0,,,0.0,,0.0,0.0,0.0,0.0,0.0,0.0
6835,CC(=O)O.COCCOc1cc2cc(C(=O)NC3CCN(C(C)C)CC3)n(CC(=O)Nc3ccc(Cl)cn3)c2cn1,0.0,0.0,,0.0,0.0,1.0,0.0,,0.0,0.0,0.0,0.0
6836,Cc1cccc(OCCOc2cccc(C)c2)c1,0.0,0.0,0.0,0.0,0.0,1.0,,,0.0,0.0,0.0,0.0
6837,Cc1cc([N+](=O)[O-])ccc1N,0.0,0.0,0.0,0.0,0.0,,0.0,,0.0,0.0,0.0,0.0
6838,Cc1cc(-c2ccc(N)c(C)c2)ccc1N,0.0,0.0,,0.0,1.0,1.0,0.0,,0.0,0.0,1.0,0.0
6840,C=Cc1ccc(C)cc1,0.0,0.0,0.0,0.0,0.0,0.0,0.0,0.0,0.0,0.0,0.0,0.0
6841,Cc1ccc(C=O)s1,,0.0,,,0.0,0.0,0.0,0.0,0.0,0.0,0.0,0.0
6842,CC1=CC[C@H]2C[C@@H]1C2(C)C,0.0,0.0,0.0,0.0,0.0,0.0,0.0,0.0,0.0,0.0,0.0,0.0
6843,CC1=CC(C)(C)Nc2ccccc21,0.0,0.0,0.0,0.0,0.0,0.0,1.0,0.0,0.0,0.0,0.0,0.0
6845,CCCC[Sn](Cl)(Cl)Cl,0.0,0.0,1.0,,0.0,0.0,0.0,0.0,0.0,0.0,0.0,0.0
6846,CCCCCCCC,0.0,0.0,0.0,,,0.0,0.0,,0.0,0.0,0.0,0.0
6847,CCCCCCCCCC=O,0.0,0.0,0.0,0.0,0.0,0.0,0.0,,,0.0,0.0,0.0
6848,CCCCCCCCCCCCN,0.0,0.0,0.0,,0.0,0.0,,0.0,0.0,0.0,0.0,0.0
6849,CCCCCCCCCCCO,0.0,0.0,0.0,0.0,0.0,0.0,0.0,0.0,0.0,0.0,0.0,0.0
6850,CCN(CC)c1nc(C)cc(OP(=S)(OC)OC)n1,0.0,0.0,,1.0,0.0,1.0,,0.0,0.0,0.0,0.0,0.0
6851,CCN(O)CC,0.0,0.0,0.0,,0.0,,0.0,,0.0,0.0,0.0,0.0
6852,CC/C=C\CC/C=C/C(OCC)OCC,,0.0,1.0,0.0,0.0,0.0,,0.0,0.0,0.0,0.0,0.0
6854,COc1ccc2[nH]cc(CCN(C(C)C)C(C)C)c2c1.Cl,,0.0,0.0,0.0,0.0,,0.0,0.0,0.0,0.0,0.0,0.0
6855,CCC(=O)N(c1ccccc1)C1CCN(Cc2cccs2)CC1.Cl,0.0,0.0,,,0.0,0.0,0.0,0.0,,0.0,0.0,0.0
6856,Cl.ClCc1cccnc1,0.0,0.0,0.0,0.0,0.0,0.0,0.0,0.0,0.0,0.0,0.0,0.0
6858,Cc1ccccc1C(OCCN(C)C)c1ccccc1.Cl,0.0,0.0,,0.0,0.0,0.0,,0.0,0.0,0.0,0.0,0.0
6859,Cc1ccc(/C(=C\CN2CCCC2)c2ccccn2)cc1.Cl.O,0.0,0.0,0.0,0.0,0.0,0.0,,,0.0,0.0,0.0,0.0
6861,O=[Bi]Cl,0.0,0.0,0.0,,0.0,,0.0,,0.0,0.0,0.0,0.0
6862,Cl[C@H]1[C@H](Cl)[C@@H](Cl)[C@@H](Cl)[C@H](Cl)[C@H]1Cl,0.0,0.0,0.0,,0.0,0.0,,0.0,0.0,0.0,0.0,0.0
6863,CCC(Cl)CCC(Cl)C(Cl)CC(Cl)C(Cl)C(Cl)CCl,,0.0,0.0,0.0,0.0,0.0,,0.0,0.0,0.0,0.0,0.0
6864,CCc1ccc(C(c2ccc(CC)cc2)C(Cl)Cl)cc1,0.0,0.0,0.0,0.0,0.0,0.0,1.0,,0.0,0.0,0.0,0.0
6866,COC(=O)c1c(Cl)c(Cl)c(C(=O)OC)c(Cl)c1Cl,0.0,0.0,0.0,0.0,0.0,1.0,0.0,0.0,0.0,0.0,0.0,0.0
6867,CSc1c(Cl)c(Cl)c(Cl)c(Cl)c1Cl,0.0,0.0,,0.0,0.0,0.0,,0.0,0.0,0.0,0.0,0.0
6868,Clc1cc(Cl)nc(Cl)n1,0.0,0.0,1.0,0.0,0.0,0.0,0.0,0.0,,0.0,,0.0
6869,O=C(O)COc1cc(Cl)c(Cl)cc1Cl,0.0,0.0,1.0,0.0,0.0,0.0,,0.0,0.0,0.0,0.0,0.0
6870,CC(C)(C)C(=O)/C=C/c1ccc(Cl)cc1,,0.0,0.0,0.0,0.0,0.0,,0.0,0.0,0.0,0.0,0.0
6871,CNC(=O)Nc1ccc(Cl)c(Cl)c1,0.0,0.0,0.0,0.0,,1.0,,0.0,0.0,0.0,0.0,0.0
6873,CCNc1nc(Cl)nc(NC(C)(C)C)n1,0.0,0.0,0.0,,1.0,,,1.0,0.0,0.0,0.0,0.0
6875,Clc1ccc(Sc2cc(Cl)c(Cl)cc2Cl)cc1,0.0,0.0,0.0,0.0,0.0,0.0,1.0,0.0,0.0,0.0,0.0,0.0
6876,CN(C)C(=O)Nc1ccc(Oc2ccc(Cl)cc2)cc1,0.0,0.0,1.0,1.0,0.0,1.0,1.0,,0.0,0.0,0.0,0.0
6877,O=S(=O)(Oc1ccc(Cl)cc1)c1ccccc1,0.0,0.0,0.0,,0.0,0.0,,,0.0,0.0,0.0,0.0
6878,Nc1nc2c(Cl)cccc2s1,0.0,,1.0,0.0,0.0,1.0,1.0,0.0,0.0,0.0,0.0,
6879,CC(CC(C#N)(c1ccccc1)c1ccccc1)N(C)C,0.0,0.0,0.0,0.0,0.0,0.0,,0.0,,0.0,0.0,0.0
6881,CCOC(=O)COc1cc(-c2nn(C)c(OC(F)F)c2Cl)c(F)cc1Cl,0.0,0.0,0.0,0.0,0.0,1.0,,0.0,0.0,0.0,0.0,
6882,CO[Si](CCCOCC1CO1)(OC)OC,0.0,0.0,0.0,0.0,0.0,0.0,0.0,0.0,0.0,0.0,0.0,0.0
6884,COP(=O)(OC)OC=C(Cl)Cl,0.0,0.0,1.0,0.0,0.0,0.0,0.0,0.0,0.0,0.0,0.0,0.0
6885,CC(C)C[C@H]1C(=O)N2CCC[C@H]2[C@]2(O)O[C@](NC(=O)[C@@H]3C=C4c5cccc6[nH]c(Br)c(c56)C[C@H]4N(C)C3)(C(C)C)C(=O)N12.CS(=O)(=O)O,0.0,0.0,1.0,1.0,0.0,0.0,1.0,0.0,,0.0,,0.0
6886,O=C(O)C(F)(F)C(F)(F)C(F)(F)C(F)(F)C(F)(F)F,0.0,0.0,0.0,0.0,0.0,0.0,,0.0,0.0,0.0,0.0,
6887,CCCCCCn1cc[n+](C)c1.O=S(=O)([O-])C(F)(F)F,0.0,0.0,1.0,0.0,0.0,0.0,,,0.0,0.0,0.0,0.0
6888,CCOC(=O)c1ccc(I)cc1,0.0,,0.0,,0.0,0.0,0.0,0.0,0.0,0.0,0.0,0.0
6889,NC(=O)CI,0.0,0.0,,,0.0,,0.0,0.0,0.0,0.0,0.0,0.0
6890,CN(N=O)C(=N)N[N+](=O)[O-],0.0,0.0,0.0,,0.0,,0.0,0.0,,1.0,0.0,0.0
6892,c1ccc(CNc2[nH]cnc3ncnc2-3)cc1,0.0,0.0,0.0,0.0,0.0,1.0,,,0.0,0.0,0.0,0.0
6893,NC(=O)NNC(N)=O,0.0,0.0,0.0,0.0,0.0,0.0,,0.0,0.0,0.0,0.0,
6894,Nc1cc([N+](=O)[O-])cc([N+](=O)[O-])c1O,0.0,0.0,,0.0,0.0,0.0,1.0,0.0,0.0,0.0,0.0,
6895,CC(C)(C)OC(=O)c1cccc(N)c1,0.0,0.0,0.0,0.0,1.0,,,1.0,0.0,0.0,0.0,0.0
6896,Nc1ccc(Cl)c(Cl)c1,0.0,0.0,0.0,0.0,0.0,1.0,0.0,0.0,0.0,0.0,0.0,0.0
6897,Nc1ccc(Sc2ccc(N)cc2)cc1,0.0,0.0,,,1.0,1.0,0.0,,0.0,0.0,0.0,0.0
6898,CCCCOc1ccc(N)cc1,0.0,0.0,0.0,0.0,0.0,,0.0,,0.0,0.0,0.0,0.0
6899,Nc1cccc2ccccc12,0.0,0.0,,0.0,0.0,1.0,0.0,0.0,0.0,0.0,0.0,0.0
6900,Nc1ccccc1-c1ccccc1,0.0,0.0,0.0,0.0,0.0,0.0,0.0,,,0.0,0.0,0.0
6901,NNc1ccccc1,0.0,0.0,0.0,0.0,0.0,1.0,0.0,0.0,,0.0,0.0,0.0
6902,Cl[In](Cl)Cl.O.O,0.0,0.0,1.0,0.0,,0.0,0.0,1.0,0.0,0.0,0.0,
6903,CC(=O)Oc1ccc([N+](=O)[O-])cc1CCl,0.0,0.0,0.0,0.0,0.0,,1.0,0.0,0.0,,0.0,0.0
6904,O=C(Cc1ccccc1)c1ccccc1,0.0,0.0,0.0,0.0,0.0,,0.0,,0.0,0.0,0.0,0.0
6905,CCCCCCCC/C=C\CCCCCCCC(=O)OCCCC,0.0,0.0,,0.0,0.0,0.0,,0.0,0.0,0.0,0.0,0.0
6906,O=C(Cl)c1cc(C(=O)Cl)cc(C(=O)Cl)c1,1.0,0.0,,,0.0,,0.0,0.0,0.0,1.0,0.0,0.0
6907,NC(=O)c1ccc(N)cc1,0.0,0.0,0.0,,0.0,0.0,,,0.0,0.0,0.0,0.0
6908,CCCCCC/C=C/CCCCCCCC(=O)O,0.0,0.0,0.0,0.0,0.0,0.0,0.0,1.0,0.0,0.0,0.0,0.0
6909,O=C(O)CCCCCCCCC(=O)O,0.0,0.0,0.0,0.0,0.0,0.0,0.0,0.0,0.0,0.0,0.0,0.0
6910,CCOC(=O)c1ccccc1C(=O)OCC,0.0,0.0,0.0,0.0,0.0,0.0,0.0,0.0,0.0,0.0,0.0,0.0
6912,O=CCc1ccccc1,0.0,0.0,,0.0,0.0,0.0,1.0,0.0,0.0,0.0,0.0,0.0
6914,O=S(=O)(c1ccc(Cl)cc1)c1ccc(Cl)cc1,0.0,0.0,,0.0,0.0,0.0,1.0,,0.0,0.0,0.0,0.0
6915,CCCN(CCC)c1c([N+](=O)[O-])cc(S(C)(=O)=O)cc1[N+](=O)[O-],0.0,0.0,,,0.0,0.0,0.0,,0.0,0.0,0.0,0.0
6916,COC(=O)c1c(C)cc(O)c(C)c1O,0.0,0.0,0.0,0.0,,0.0,1.0,1.0,0.0,0.0,0.0,
6920,O=C(c1ccc(O)cc1)c1ccc(O)c(O)c1O,0.0,0.0,,0.0,1.0,1.0,1.0,1.0,0.0,0.0,,0.0
6921,O=C(OCc1ccccc1)c1ccccc1O,0.0,0.0,0.0,0.0,0.0,0.0,,1.0,0.0,0.0,0.0,0.0
6923,OCc1ccco1,0.0,0.0,0.0,0.0,0.0,0.0,0.0,0.0,0.0,0.0,0.0,0.0
6924,CC(CCO)CCCC(C)(C)O,0.0,0.0,0.0,0.0,0.0,0.0,,,0.0,0.0,0.0,0.0
6925,ONc1ccccc1,0.0,0.0,,,0.0,1.0,,1.0,0.0,0.0,0.0,0.0
6927,COP(=S)(OC)Oc1ccc([N+](=O)[O-])c(C)c1,,0.0,0.0,1.0,0.0,1.0,,0.0,0.0,0.0,0.0,0.0
6928,O=C(CCS)OCC(COC(=O)CCS)(COC(=O)CCS)COC(=O)CCS,0.0,0.0,,0.0,0.0,0.0,,0.0,0.0,1.0,0.0,0.0
6929,CCCC[P+](CCCC)(CCCC)CCCC.[Br-],0.0,0.0,0.0,0.0,0.0,0.0,,0.0,0.0,,0.0,0.0
6931,CCOc1ccc(N=Nc2ccc(C=Cc3ccc(N=Nc4ccc(OCC)cc4)cc3S(=O)(=O)[O-])c(S(=O)(=O)[O-])c2)cc1.[Na+].[Na+],0.0,0.0,,0.0,0.0,0.0,,0.0,0.0,0.0,0.0,0.0
6933,C=CC(=O)[O-].C=CC(=O)[O-].[Zn+2],0.0,0.0,,0.0,0.0,0.0,0.0,0.0,,0.0,0.0,0.0
6934,Brc1ccc(Br)cc1,0.0,0.0,0.0,0.0,0.0,0.0,0.0,0.0,0.0,0.0,0.0,0.0
6935,CCOC(=O)CBr,0.0,0.0,,0.0,0.0,,0.0,0.0,0.0,0.0,0.0,0.0
6936,C(COCC1CO1)OCC1CO1,,0.0,1.0,,0.0,0.0,0.0,0.0,0.0,,0.0,0.0
6937,CC(Cc1ccc(C(C)(C)C)cc1)CN1C[C@@H](C)O[C@@H](C)C1,0.0,0.0,,0.0,0.0,0.0,,0.0,0.0,0.0,0.0,0.0
6938,CC(C)=CCCC(C)=CC=O,0.0,0.0,0.0,0.0,0.0,0.0,0.0,0.0,0.0,0.0,0.0,0.0
6940,C=C(C)C#N,0.0,0.0,0.0,0.0,0.0,0.0,0.0,0.0,0.0,0.0,0.0,0.0
6941,C1=Cc2ccccc2C1,0.0,0.0,0.0,0.0,0.0,1.0,,,0.0,0.0,0.0,0.0
6942,c1ccc2c(c1)[nH]c1ccccc12,0.0,0.0,0.0,0.0,0.0,,,0.0,0.0,0.0,0.0,0.0
6943,c1ccc2c(c1)-c1cccc3cccc-2c13,0.0,0.0,0.0,0.0,1.0,0.0,1.0,1.0,0.0,0.0,0.0,0.0
6944,CC(=O)c1ccc2c(c1)CCCC2,0.0,0.0,0.0,,,0.0,0.0,,0.0,0.0,0.0,0.0
6945,CNC(=O)ON=CC(C)(C)SC,0.0,0.0,0.0,0.0,0.0,0.0,0.0,0.0,0.0,0.0,0.0,0.0
6946,CC(C)(C)c1cc(CCC(=O)OCC(COC(=O)CCc2cc(C(C)(C)C)c(O)c(C(C)(C)C)c2)(COC(=O)CCc2cc(C(C)(C)C)c(O)c(C(C)(C)C)c2)COC(=O)CCc2cc(C(C)(C)C)c(O)c(C(C)(C)C)c2)cc(C(C)(C)C)c1O,0.0,0.0,0.0,0.0,1.0,,,1.0,0.0,0.0,0.0,0.0
6947,COc1ccc(O)c(C(C)(C)C)c1,0.0,0.0,0.0,0.0,0.0,0.0,1.0,0.0,0.0,0.0,0.0,0.0
6948,CCOP(=S)(OCC)SCSC(C)(C)C,0.0,0.0,0.0,0.0,0.0,0.0,,0.0,0.0,0.0,0.0,0.0
6950,CC(C)c1ccc2ncccc2c1,0.0,0.0,,0.0,0.0,0.0,,0.0,0.0,0.0,0.0,0.0
6951,CC(C)(O)c1ccccc1,0.0,0.0,0.0,,0.0,0.0,,0.0,0.0,0.0,0.0,
6952,CC/C=C1/OC(=O)c2ccccc21,,0.0,0.0,0.0,0.0,0.0,0.0,,0.0,0.0,0.0,0.0
6953,CC/C=C\CC1=C(C)CCC1=O,0.0,0.0,,0.0,0.0,0.0,,0.0,0.0,0.0,0.0,0.0
6954,CC1=CC2C3CC(C=C3C)C2C1,0.0,0.0,1.0,0.0,0.0,0.0,0.0,0.0,0.0,0.0,0.0,0.0
6955,CC=CCC#N,0.0,0.0,0.0,,0.0,0.0,,,0.0,0.0,0.0,0.0
6958,COc1cc(N)ccc1C,0.0,0.0,,0.0,0.0,1.0,0.0,0.0,,0.0,0.0,0.0
6959,CC(=O)Nc1ccc(C)c(Cl)c1,0.0,0.0,0.0,0.0,0.0,0.0,,,0.0,0.0,0.0,0.0
6961,COc1nc(C)nc(N)n1,0.0,0.0,0.0,0.0,0.0,0.0,,,0.0,0.0,0.0,0.0
6962,Cc1ccccc1NC(=N)Nc1ccccc1C,0.0,0.0,0.0,0.0,0.0,,,0.0,0.0,0.0,0.0,0.0
6963,CCC(C)(O)CCCC(C)C,0.0,0.0,0.0,0.0,0.0,0.0,0.0,0.0,0.0,0.0,0.0,0.0
6964,CCCCC(CC)COC(=O)c1ccccc1,0.0,0.0,0.0,0.0,0.0,,,0.0,0.0,0.0,0.0,0.0
6965,CCCC/C=C/CCCCO,0.0,0.0,0.0,0.0,0.0,0.0,,,0.0,0.0,0.0,0.0
6966,CCCCC(CC)C(=O)Cl,0.0,0.0,0.0,0.0,0.0,0.0,0.0,0.0,0.0,0.0,0.0,0.0
6967,CCCCC(CC)COP(=O)(OCC(CC)CCCC)OCC(CC)CCCC,0.0,1.0,0.0,0.0,0.0,0.0,0.0,0.0,0.0,0.0,0.0,1.0
6968,CCCCCCCCCCCCCCCC,0.0,0.0,,0.0,0.0,0.0,0.0,,0.0,0.0,0.0,0.0
6970,CCCCNCCCC,0.0,0.0,0.0,0.0,0.0,,,0.0,0.0,0.0,0.0,0.0
6971,CCCCOP(=O)(OCCCC)OCCCC,0.0,0.0,0.0,0.0,0.0,0.0,0.0,1.0,0.0,0.0,0.0,0.0
6972,CCCN(CCC)C(=O)SCC,0.0,0.0,0.0,0.0,0.0,0.0,0.0,0.0,0.0,0.0,0.0,0.0
6973,CCCNCCC,0.0,0.0,0.0,0.0,,0.0,0.0,,0.0,0.0,0.0,0.0
6974,CCN(CCN)c1cccc(C)c1,0.0,0.0,0.0,0.0,0.0,0.0,,0.0,0.0,0.0,0.0,0.0
6975,CCOC(=O)C1OC1c1ccccc1,0.0,0.0,,0.0,0.0,0.0,0.0,0.0,0.0,0.0,0.0,0.0
6977,C/C=C\c1ccc(OCC)c(O)c1,0.0,0.0,0.0,0.0,0.0,,,0.0,0.0,0.0,0.0,0.0
6978,CCOP(=O)(OCC)OP(=O)(OCC)OCC,0.0,0.0,,0.0,0.0,0.0,0.0,,0.0,0.0,0.0,0.0
6979,CCOP(=S)(OCC)Oc1cnc2ccccc2n1,0.0,0.0,0.0,0.0,1.0,1.0,0.0,1.0,0.0,0.0,0.0,0.0
6980,CCOP(=S)(OCC)OP(=S)(OCC)OCC,0.0,0.0,0.0,0.0,0.0,0.0,,0.0,0.0,0.0,0.0,0.0
6981,CC[C@H](O)C(C[C@H](C)N(C)C)(c1ccccc1)c1ccccc1.Cl,0.0,0.0,0.0,0.0,0.0,0.0,,0.0,,0.0,0.0,0.0
6982,Clc1ccc(C(Cl)(Cl)Cl)cc1,0.0,0.0,0.0,0.0,0.0,0.0,0.0,1.0,0.0,0.0,0.0,0.0
6983,Clc1ccc(C(Cl)(Cl)Cl)c(Cl)c1,0.0,0.0,,,0.0,0.0,,0.0,0.0,0.0,0.0,0.0
6984,Cc1ccc(Cl)c(N)c1Cl,,0.0,,0.0,0.0,0.0,0.0,0.0,0.0,0.0,0.0,0.0
6985,COc1c(Cl)c(Cl)c(Cl)c(Cl)c1Cl,0.0,0.0,0.0,0.0,0.0,0.0,,0.0,0.0,0.0,0.0,0.0
6986,O=C(O)c1cc(Cl)cc(Cl)c1,0.0,,0.0,0.0,0.0,0.0,0.0,0.0,0.0,0.0,0.0,
6987,O=[N+]([O-])c1cc(Cl)c(Cl)c(Cl)c1,0.0,0.0,,,0.0,0.0,0.0,0.0,0.0,,0.0,0.0
6989,Clc1cc(Cl)c(Cl)c(Cl)c1,0.0,1.0,0.0,0.0,0.0,0.0,0.0,,0.0,0.0,0.0,
6990,CCOP(=S)(OCC)Oc1ccc(Cl)cc1Cl,0.0,0.0,0.0,0.0,0.0,1.0,,,0.0,0.0,0.0,0.0
6992,CC(C)COC(=O)COc1cc(Cl)c(Cl)cc1Cl,0.0,0.0,,0.0,0.0,0.0,,0.0,0.0,0.0,0.0,0.0
6993,O=C(O)c1nc(Cl)ccc1Cl,0.0,0.0,0.0,0.0,0.0,1.0,0.0,0.0,0.0,0.0,0.0,0.0
6995,CN(C)C(=O)Nc1ccc(Cl)cc1,0.0,0.0,0.0,0.0,0.0,0.0,0.0,0.0,0.0,0.0,0.0,0.0
6997,Clc1cnc(Oc2ccc(Oc3ncc(Cl)cc3Cl)cc2)c(Cl)c1,0.0,0.0,0.0,0.0,0.0,0.0,1.0,0.0,0.0,0.0,0.0,0.0
6998,ClC1(Cl)C2(Cl)C3(Cl)C4(Cl)C(Cl)(Cl)C5(Cl)C3(Cl)C1(Cl)C5(Cl)C24Cl,0.0,0.0,,0.0,0.0,0.0,0.0,0.0,0.0,0.0,0.0,
6999,O=c1[nH]c(=O)n(Cl)c(=O)n1Cl,,0.0,,0.0,0.0,0.0,0.0,0.0,0.0,0.0,0.0,0.0
7000,O=S(=O)(Cl)Cl,0.0,0.0,,0.0,0.0,,0.0,0.0,0.0,0.0,0.0,0.0
7001,CN(C)C1CCCCC1,0.0,0.0,0.0,0.0,0.0,0.0,,,0.0,0.0,0.0,0.0
7002,CN(C)CCN(C)CCN(C)C,0.0,,0.0,0.0,0.0,0.0,,0.0,0.0,0.0,0.0,0.0
7003,CN1CCC(N(Cc2cccs2)c2ccccc2)CC1,,0.0,0.0,0.0,0.0,0.0,,0.0,0.0,0.0,0.0,0.0
7004,CNCc1ccc(NC(=O)c2c[nH]c3c2C(=O)CCC3)cc1,0.0,0.0,,,0.0,1.0,,0.0,0.0,0.0,0.0,0.0
7005,CO[Si](CCCNc1ccccc1)(OC)OC,,0.0,,0.0,0.0,0.0,0.0,0.0,0.0,0.0,0.0,0.0
7008,CNC(=O)CSP(=S)(OC)OC,0.0,0.0,0.0,0.0,0.0,0.0,0.0,0.0,0.0,0.0,0.0,0.0
7009,CCNc1nc(NC(C)C)nc(SC)n1,0.0,0.0,0.0,0.0,0.0,,0.0,0.0,0.0,0.0,0.0,0.0
7010,CC[S+](C)CC.O=S(=O)([N-]S(=O)(=O)C(F)(F)F)C(F)(F)F,0.0,,0.0,0.0,0.0,0.0,,1.0,0.0,0.0,0.0,0.0
7011,N#C[C@@H]1CC(F)(F)CN1C(=O)CNC1CC2CCC(C1)N2c1ncccn1,,0.0,0.0,0.0,0.0,0.0,,0.0,0.0,0.0,0.0,0.0
7013,CCNC(=O)NC(=O)/C(C#N)=N/OC,0.0,0.0,0.0,0.0,0.0,,0.0,0.0,0.0,0.0,0.0,0.0
7015,N#Cc1ccccc1,0.0,0.0,0.0,0.0,0.0,0.0,0.0,,0.0,0.0,0.0,0.0
7016,CCCCOCCOCCSC#N,0.0,0.0,0.0,0.0,0.0,0.0,0.0,0.0,0.0,0.0,0.0,0.0
7017,c1coc(CNc2[nH]cnc3ncnc2-3)c1,0.0,0.0,0.0,0.0,0.0,0.0,,,0.0,0.0,0.0,0.0
7018,Cc1cc(N)c(S(=O)(=O)O)cc1Cl,0.0,0.0,0.0,0.0,,,0.0,0.0,0.0,0.0,0.0,0.0
7019,Nc1cc([N+](=O)[O-])ccc1O,0.0,0.0,1.0,,0.0,1.0,1.0,0.0,0.0,0.0,0.0,0.0
7020,COc1ccc([N+](=O)[O-])cc1N,0.0,0.0,0.0,0.0,0.0,1.0,0.0,0.0,0.0,0.0,0.0,0.0
7021,CCCCOC(=O)c1ccccc1N,0.0,0.0,,0.0,0.0,0.0,,0.0,0.0,0.0,0.0,0.0
7022,Nc1cc2c3c(c1)C(c1ccccc1)=N[C@@H](NC(=O)c1cccnc1)C(=O)N3CC2,0.0,0.0,0.0,0.0,0.0,,,0.0,0.0,0.0,0.0,0.0
7023,NCCOCCOCCN,0.0,0.0,,0.0,0.0,0.0,,0.0,0.0,0.0,0.0,0.0
7024,COC(=O)NN,0.0,0.0,0.0,0.0,0.0,,,0.0,0.0,0.0,0.0,0.0
7028,NC(=O)c1ccccc1[N+](=O)[O-],0.0,0.0,,0.0,0.0,0.0,,0.0,0.0,0.0,0.0,0.0
7029,O=C(CBr)c1ccccc1,,0.0,1.0,0.0,0.0,,0.0,1.0,0.0,0.0,0.0,0.0
7031,CCCCCCC(=O)OCC,0.0,0.0,0.0,0.0,0.0,0.0,,,0.0,0.0,0.0,0.0
7032,CS(=O)(=O)c1ccc([C@@H](C[C@H]2CCC(=O)C2)C(=O)Nc2cnccn2)cc1Cl,0.0,0.0,,0.0,0.0,,0.0,0.0,0.0,0.0,0.0,0.0
7033,O=C(O)C(=O)O,0.0,0.0,0.0,0.0,0.0,0.0,0.0,,0.0,0.0,0.0,0.0
7038,CCCCCCCCCCCCCCC(=O)O,0.0,0.0,0.0,0.0,,0.0,0.0,,0.0,0.0,0.0,0.0
7039,CCOC(=O)C(Cl)Cc1cc(-n2nc(C)n(C(F)F)c2=O)c(F)cc1Cl,0.0,0.0,,1.0,0.0,0.0,0.0,,0.0,0.0,0.0,0.0
7040,C=CCOC(=O)C(C)(C)OC(=O)c1cc(-n2c(=O)cc(C(F)(F)F)n(C)c2=O)ccc1Cl,0.0,0.0,,0.0,0.0,,0.0,0.0,0.0,0.0,0.0,0.0
7041,O=C1C=CC(=O)C=C1,0.0,0.0,1.0,0.0,0.0,0.0,0.0,0.0,0.0,0.0,0.0,0.0
7042,O=C1CCC(C2CCCCC2)CC1,0.0,0.0,,0.0,0.0,0.0,0.0,,0.0,0.0,0.0,0.0
7043,CC1(C)C(=O)N(Br)C(=O)N1Br,0.0,0.0,,0.0,0.0,0.0,0.0,,0.0,0.0,0.0,0.0
7044,CCCCCCCCC/C=C/CC1CC(=O)OC1=O,0.0,0.0,1.0,0.0,0.0,0.0,0.0,0.0,,0.0,0.0,0.0
7045,O=c1oc(=O)c2cc3c(=O)oc(=O)c3cc12,0.0,0.0,1.0,0.0,0.0,0.0,0.0,0.0,0.0,0.0,0.0,0.0
7047,CCCCCCC(C=O)=Cc1ccccc1,0.0,0.0,0.0,0.0,0.0,0.0,0.0,1.0,0.0,0.0,0.0,0.0
7048,CC(C)(O)CCCC1=CCC(C=O)CC1,0.0,0.0,,0.0,0.0,0.0,,1.0,0.0,0.0,0.0,0.0
7049,O=Cc1ccc2c(c1)OCO2,0.0,,0.0,0.0,0.0,0.0,0.0,0.0,0.0,0.0,0.0,
7050,COC=O,,0.0,0.0,0.0,0.0,0.0,,0.0,0.0,0.0,0.0,0.0
7053,O=S(=O)(O)O,0.0,0.0,,0.0,0.0,0.0,,0.0,0.0,0.0,0.0,0.0
7054,CC1=C(C)S(=O)(=O)CCS1(=O)=O,0.0,0.0,1.0,1.0,0.0,0.0,0.0,0.0,1.0,0.0,0.0,0.0
7055,COC(=O)CCCC(=O)O,0.0,0.0,,0.0,0.0,0.0,,0.0,0.0,0.0,0.0,0.0
7056,CC(C)(C)C(O)C(Cc1ccc(Cl)cc1)n1cncn1,0.0,0.0,0.0,0.0,0.0,0.0,0.0,,0.0,0.0,0.0,0.0
7057,OC(c1ccc(F)cc1)(c1cncnc1)c1ccccc1Cl,0.0,0.0,0.0,1.0,1.0,,0.0,,0.0,0.0,0.0,0.0
7058,CCOC(=O)CC(O)(CC(=O)OCC)C(=O)OCC,0.0,0.0,,,0.0,0.0,,0.0,0.0,0.0,0.0,0.0
7059,OC/C=C/CO,0.0,0.0,1.0,0.0,,0.0,0.0,,0.0,0.0,0.0,0.0
7060,Oc1cc(O)c(Cl)cc1Cl,1.0,0.0,1.0,0.0,0.0,,1.0,0.0,0.0,,0.0,0.0
7062,CCC(C)c1ccc(O)cc1,0.0,0.0,0.0,0.0,0.0,0.0,1.0,,0.0,0.0,0.0,0.0
7063,O=S(=O)(c1ccc(O)cc1)c1ccc(O)cc1,0.0,0.0,0.0,0.0,1.0,0.0,,1.0,0.0,0.0,0.0,0.0
7064,C[C@@H]1O[C@@H](O[C@@H]2[C@@H](O)[C@H](OCCc3ccc(O)c(O)c3)O[C@H](CO[C@@H]3O[C@H](CO)[C@@H](O)[C@H](O)[C@H]3O)[C@H]2OC(=O)/C=C/c2ccc(O)c(O)c2)[C@H](O)[C@H](O)[C@H]1O,0.0,0.0,,0.0,0.0,0.0,0.0,,0.0,0.0,0.0,0.0
7065,NC[C@H](O)c1ccc(O)c(O)c1,0.0,0.0,,0.0,0.0,,0.0,0.0,0.0,0.0,0.0,0.0
7067,Oc1ccccc1Cl,0.0,0.0,0.0,0.0,0.0,0.0,0.0,0.0,0.0,0.0,0.0,0.0
7069,OCC#CCO,0.0,0.0,0.0,0.0,0.0,0.0,0.0,0.0,0.0,0.0,0.0,0.0
7070,CCCCCCCCCCCCCCCCCC(=O)[O-].OCC[NH+](CCO)CCO,0.0,0.0,,0.0,1.0,1.0,,1.0,0.0,0.0,0.0,0.0
7071,OCc1cccc(Oc2ccccc2)c1,0.0,0.0,0.0,0.0,1.0,0.0,1.0,1.0,0.0,0.0,0.0,0.0
7073,OCCOCC#CCOCCO,0.0,0.0,,0.0,0.0,0.0,,0.0,0.0,0.0,0.0,0.0
7075,CCOP(=S)(OCC)Oc1ccc([N+](=O)[O-])cc1,0.0,0.0,0.0,0.0,0.0,1.0,1.0,0.0,0.0,0.0,0.0,0.0
7076,C[N+](C)(C)CCCl.[Cl-],0.0,0.0,,0.0,,0.0,0.0,0.0,0.0,0.0,0.0,0.0
7077,C[n+]1ccn(CCO)c1.[Cl-],0.0,0.0,,0.0,0.0,,0.0,0.0,0.0,0.0,0.0,0.0
7078,CCCC[N+]1(C)CCCC1.[I-],0.0,0.0,0.0,0.0,0.0,,,0.0,0.0,0.0,0.0,0.0
7079,F[B-](F)(F)F.[K+],0.0,0.0,0.0,0.0,0.0,0.0,,,0.0,0.0,0.0,0.0
7080,O=S(=O)([O-])c1cc(O)ccc1O.[K+],0.0,0.0,,0.0,0.0,,0.0,0.0,0.0,0.0,0.0,0.0
7081,O=C1c2ccccc2C(=O)C1c1ccc2cc(S(=O)(=O)[O-])cc(S(=O)(=O)[O-])c2n1.[Na+].[Na+],0.0,0.0,1.0,0.0,0.0,,,0.0,0.0,0.0,0.0,0.0
7082,O=S(=O)([O-])c1cccc(S(=O)(=O)[O-])c1.[Na+].[Na+],,0.0,,0.0,0.0,0.0,0.0,0.0,0.0,0.0,0.0,0.0
7083,O=S(=O)([O-])OOS(=O)(=O)[O-].[Na+].[Na+],0.0,0.0,0.0,0.0,0.0,0.0,0.0,1.0,0.0,0.0,0.0,0.0
7084,O=S(=O)([O-])c1cc(O)c(O)c(S(=O)(=O)[O-])c1.[Na+].[Na+],0.0,0.0,,0.0,0.0,0.0,,0.0,0.0,0.0,0.0,0.0
7085,C=CC(=O)[O-].[Na+],0.0,0.0,,0.0,0.0,0.0,,0.0,0.0,0.0,0.0,0.0
7086,C=CC(=O)NC(C)(C)CS(=O)(=O)[O-].[Na+],0.0,0.0,0.0,0.0,0.0,0.0,,0.0,,0.0,0.0,0.0
7087,Cc1ccc(C)c(S(=O)(=O)[O-])c1.[Na+],0.0,0.0,0.0,0.0,0.0,0.0,,,0.0,0.0,0.0,0.0
7088,COc1cc(OC)nc(NC(=O)[N-]S(=O)(=O)c2ncccc2OCC(F)(F)F)n1.[Na+],0.0,0.0,0.0,0.0,0.0,,0.0,,0.0,0.0,0.0,0.0
7089,CCOP(=O)([O-])C(N)=O.[NH4+],0.0,0.0,,0.0,0.0,0.0,,0.0,0.0,0.0,0.0,0.0
7090,O=C1Nc2ccc([N+](=O)[O-])cc2C1=O,0.0,0.0,,0.0,0.0,1.0,1.0,0.0,0.0,,0.0,0.0
7091,CN1C(=O)c2ccc([N+](=O)[O-])cc2C1=O,0.0,0.0,,0.0,0.0,0.0,,0.0,0.0,0.0,0.0,0.0
7092,Nc1ncc([N+](=O)[O-])s1,0.0,0.0,0.0,0.0,0.0,1.0,1.0,1.0,0.0,0.0,0.0,0.0
7093,Br[Ca]Br,0.0,0.0,0.0,0.0,0.0,0.0,,,0.0,0.0,0.0,0.0
7094,N#CC(Br)Br,0.0,0.0,1.0,0.0,0.0,0.0,0.0,0.0,0.0,0.0,1.0,0.0
7095,OCC(Br)CBr,0.0,,0.0,0.0,0.0,0.0,0.0,0.0,0.0,0.0,0.0,
7096,Brc1ccc(Br)c(Br)c1,0.0,0.0,0.0,0.0,0.0,0.0,,0.0,0.0,0.0,0.0,0.0
7097,Brc1cc2ccccc2c2ccccc12,0.0,0.0,0.0,0.0,0.0,,,0.0,0.0,0.0,0.0,0.0
7098,CCCCCCCCCCCBr,0.0,0.0,0.0,0.0,0.0,,,0.0,0.0,0.0,0.0,0.0
7099,c1ccc(CSCc2ccccc2)cc1,0.0,0.0,,0.0,0.0,0.0,,1.0,0.0,0.0,0.0,0.0
7100,C=CC(Cl)CCl,0.0,0.0,0.0,0.0,0.0,0.0,0.0,0.0,0.0,0.0,0.0,0.0
7101,C=CC/C=C/C,0.0,0.0,0.0,0.0,0.0,0.0,,,0.0,0.0,0.0,0.0
7102,c1ccc(-c2ccccc2)cc1,0.0,0.0,0.0,0.0,0.0,0.0,0.0,0.0,0.0,0.0,0.0,0.0
7103,c1ccc2c(c1)Cc1ccccc1-2,0.0,0.0,0.0,0.0,0.0,0.0,0.0,0.0,0.0,0.0,0.0,0.0
7105,C1CCC2OC2C1,0.0,0.0,,0.0,0.0,0.0,0.0,,0.0,0.0,0.0,0.0
7106,c1ccc2c(c1)oc1ccccc12,0.0,0.0,0.0,0.0,0.0,0.0,0.0,0.0,0.0,0.0,0.0,0.0
7107,C1CCNCC1,0.0,0.0,0.0,0.0,,0.0,0.0,,0.0,0.0,0.0,0.0
7108,C1COCCN1,0.0,0.0,0.0,0.0,0.0,0.0,0.0,0.0,0.0,0.0,0.0,0.0
7110,CC(=O)OCCC(C)C,0.0,0.0,0.0,0.0,0.0,0.0,0.0,0.0,0.0,0.0,0.0,0.0
7111,CNC(=O)O/N=C/C(C)(C)S(C)(=O)=O,0.0,0.0,0.0,0.0,0.0,0.0,0.0,0.0,0.0,0.0,0.0,0.0
7113,CC(C)(C)c1cc(CCC(=O)NN)cc(C(C)(C)C)c1O,0.0,0.0,0.0,0.0,0.0,,,0.0,0.0,0.0,0.0,0.0
7114,CCOC(C)(C)C,0.0,0.0,,0.0,0.0,0.0,,0.0,0.0,0.0,0.0,0.0
7115,CC(C)N=C=NC(C)C,0.0,0.0,0.0,0.0,,0.0,0.0,,0.0,0.0,0.0,0.0
7116,CC(C)c1ccc(C(C)C)cc1,0.0,0.0,0.0,0.0,0.0,0.0,0.0,0.0,0.0,0.0,0.0,0.0
7117,CC(C)c1ccc(O)cc1,0.0,0.0,0.0,0.0,0.0,0.0,,,0.0,0.0,0.0,0.0
7118,CC(C)c1cccc(C(C)C)c1,0.0,0.0,0.0,0.0,0.0,0.0,,0.0,0.0,0.0,0.0,0.0
7119,CC(C)CC(C)CC(O)CC(C)C,0.0,0.0,0.0,0.0,0.0,0.0,0.0,0.0,0.0,0.0,0.0,0.0
7120,CC(C)COC(=O)c1ccccc1C(=O)OCC(C)C,0.0,0.0,0.0,0.0,1.0,0.0,0.0,1.0,0.0,0.0,0.0,0.0
7121,CC(C)CON=O,0.0,0.0,0.0,0.0,0.0,0.0,0.0,0.0,0.0,0.0,0.0,0.0
7122,CCOC(=O)/C=C(\C)O[Ti](O/C(C)=C/C(=O)OCC)(OC(C)C)OC(C)C,,0.0,,0.0,0.0,0.0,0.0,0.0,0.0,0.0,0.0,0.0
7123,CC(C)OS(C)(=O)=O,0.0,,0.0,0.0,0.0,0.0,,0.0,0.0,0.0,0.0,0.0
7124,CC(CC=O)c1ccccc1,,0.0,0.0,0.0,0.0,0.0,,0.0,0.0,0.0,0.0,0.0
7125,CCCC(C)CO,0.0,,0.0,0.0,0.0,,0.0,0.0,0.0,0.0,0.0,0.0
7126,CC(Cl)Cl,0.0,0.0,,0.0,0.0,0.0,0.0,,0.0,0.0,0.0,0.0
7128,CC(O)(P(=O)(O)O)P(=O)(O)O,0.0,0.0,0.0,0.0,0.0,,,0.0,0.0,0.0,0.0,0.0
7129,CC(O)CC(C)(C)O,0.0,0.0,0.0,0.0,0.0,0.0,0.0,0.0,0.0,0.0,0.0,0.0
7130,CC(O)CNCC(C)O,0.0,0.0,0.0,0.0,0.0,0.0,0.0,0.0,0.0,0.0,0.0,0.0
7131,CC(O)CO,0.0,0.0,0.0,0.0,0.0,0.0,0.0,0.0,0.0,0.0,0.0,0.0
7132,CCCCOCC(C)O,0.0,0.0,,0.0,0.0,0.0,,0.0,0.0,0.0,0.0,0.0
7133,CC1=C(O)C(=O)CO1,0.0,0.0,,0.0,0.0,0.0,,0.0,0.0,0.0,0.0,0.0
7134,CC1=NNC(=O)N(/N=C/c2cccnc2)C1,0.0,0.0,0.0,0.0,0.0,,0.0,,0.0,0.0,0.0,0.0
7135,CC=CC(=O)O,0.0,0.0,0.0,0.0,0.0,0.0,0.0,0.0,0.0,0.0,0.0,0.0
7136,CCC(=O)/C=C/C1C(C)=CCCC1(C)C,0.0,0.0,0.0,0.0,0.0,0.0,0.0,0.0,0.0,0.0,0.0,0.0
7137,CC(C)C1(C)N=C(c2nc3ccccc3cc2C(=O)O)NC1=O,0.0,0.0,0.0,0.0,0.0,0.0,0.0,0.0,0.0,0.0,0.0,0.0
7139,Cc1ccc(C)c(N)c1,0.0,0.0,0.0,0.0,0.0,,,1.0,0.0,0.0,0.0,0.0
7140,Cc1cc(C)cc(N)c1,,0.0,0.0,0.0,0.0,,0.0,0.0,0.0,0.0,0.0,0.0
7141,Cc1ccc(S(=O)(=O)O)cc1,0.0,0.0,0.0,0.0,,0.0,0.0,,0.0,0.0,0.0,0.0
7142,Cc1ccc([N+](=O)[O-])cc1[N+](=O)[O-],0.0,0.0,0.0,0.0,0.0,0.0,0.0,0.0,0.0,0.0,0.0,0.0
7143,Cc1ccc(Cl)cc1,0.0,0.0,0.0,0.0,0.0,0.0,0.0,0.0,0.0,0.0,0.0,0.0
7144,Cc1ccnc2ccccc12,0.0,0.0,0.0,0.0,0.0,,,0.0,0.0,0.0,0.0,0.0
7146,Cc1cccc2ccccc12,0.0,0.0,0.0,0.0,0.0,0.0,0.0,0.0,0.0,0.0,0.0,0.0
7147,Cc1ccccc1OCC1CO1,0.0,0.0,0.0,0.0,0.0,0.0,,0.0,,0.0,0.0,0.0
7148,COc1nc(C)nc(NC(=O)NS(=O)(=O)c2ccccc2Cl)n1,0.0,0.0,0.0,0.0,,0.0,0.0,,0.0,0.0,0.0,0.0
7149,CCC(CC)Nc1ccc(C)c(C)c1,,0.0,0.0,0.0,0.0,,0.0,0.0,0.0,0.0,0.0,0.0
7150,CCC=CC#N,0.0,0.0,0.0,0.0,0.0,,,0.0,0.0,0.0,0.0,0.0
7152,CCc1ccc(Br)cc1,0.0,0.0,0.0,0.0,0.0,,0.0,,0.0,0.0,0.0,0.0
7153,CCCC[N+]1(C)CCCC1.F[P-](F)(F)(F)(F)F,0.0,0.0,0.0,0.0,0.0,0.0,,,0.0,0.0,0.0,0.0
7154,CCCCCCCCCCCCCl,1.0,0.0,0.0,0.0,0.0,0.0,0.0,1.0,0.0,0.0,0.0,0.0
7156,CCCCCCCCCCCCN1CCOCC1,0.0,0.0,,0.0,0.0,0.0,,0.0,0.0,0.0,0.0,0.0
7157,CCCCCCCCCI,0.0,0.0,0.0,0.0,,0.0,0.0,,0.0,0.0,0.0,0.0
7158,CCCCCCCCCOCC1CO1,0.0,,0.0,1.0,0.0,0.0,0.0,,0.0,0.0,0.0,0.0
7159,C=CC(=O)NCOCCCC,0.0,0.0,1.0,0.0,0.0,0.0,0.0,0.0,0.0,0.0,0.0,0.0
7160,CCN1CCCC1CNC(=O)c1cc(S(N)(=O)=O)ccc1OC,0.0,0.0,0.0,0.0,0.0,,,0.0,0.0,0.0,0.0,0.0
7162,CCOCCOCCOCC,0.0,0.0,0.0,0.0,0.0,,,1.0,0.0,0.0,0.0,0.0
7163,CCOP(=S)(OCC)SCCSCC,0.0,0.0,0.0,0.0,0.0,0.0,0.0,0.0,0.0,0.0,0.0,0.0
7164,C(=C/C=N/c1ccccc1)\C=C\Nc1ccccc1.Cl,0.0,0.0,,0.0,0.0,,0.0,0.0,0.0,0.0,0.0,0.0
7165,CCNC(C)Cc1ccc2c(c1)OCO2.Cl,0.0,0.0,0.0,0.0,0.0,,0.0,0.0,,0.0,0.0,0.0
7167,Cl.NCC1(Cc2noc(=O)[nH]2)CCCCC1,0.0,0.0,,0.0,0.0,0.0,,0.0,0.0,0.0,0.0,0.0
7168,Cl.N[C@@H](CS)C(=O)O,0.0,0.0,0.0,0.0,0.0,,,0.0,0.0,0.0,0.0,0.0
7169,CC(C)NCC(O)c1ccc(O)c(O)c1.Cl,0.0,0.0,0.0,0.0,0.0,1.0,0.0,0.0,0.0,0.0,0.0,0.0
7170,ClC(Cl)=C(Cl)Cl,0.0,0.0,0.0,0.0,,0.0,0.0,,0.0,0.0,0.0,0.0
7171,Cl[Dy](Cl)Cl,0.0,0.0,0.0,0.0,0.0,0.0,,0.0,,0.0,0.0,0.0
7172,ClC(Cl)(Cl)c1ccc(C(Cl)(Cl)Cl)cc1,0.0,0.0,0.0,0.0,0.0,,,0.0,0.0,0.0,0.0,0.0
7174,Cc1cc(Cl)ccc1OCC(=O)O,0.0,0.0,0.0,0.0,0.0,0.0,0.0,0.0,,0.0,0.0,0.0
7175,Clc1cccc(-c2cc(Cl)cc(Cl)c2)c1,0.0,0.0,0.0,0.0,,0.0,,0.0,0.0,0.0,0.0,0.0
7176,CC(Oc1cc(Cl)ccc1Cl)C(=O)O,0.0,0.0,,0.0,0.0,0.0,,0.0,0.0,0.0,0.0,0.0
7178,CC(C)Nc1nc(Cl)nc(NC(C)C)n1,0.0,0.0,0.0,0.0,0.0,0.0,0.0,0.0,0.0,0.0,0.0,0.0
7179,O=C(O)CCl,0.0,0.0,,0.0,0.0,0.0,,0.0,0.0,0.0,0.0,0.0
7180,ClCC(Cl)Cl,0.0,0.0,,0.0,0.0,0.0,0.0,,0.0,0.0,0.0,0.0
7181,C=CCOCC(O)CCl,0.0,0.0,,0.0,0.0,,0.0,0.0,0.0,0.0,0.0,0.0
7182,ClCc1ccccc1Cl,0.0,0.0,0.0,0.0,0.0,0.0,,0.0,0.0,0.0,0.0,
7183,N#CCCCl,0.0,0.0,0.0,0.0,0.0,0.0,0.0,0.0,0.0,0.0,0.0,0.0
7184,ClCCOP(OCCCl)OCCCl,0.0,0.0,0.0,0.0,0.0,0.0,0.0,0.0,0.0,0.0,0.0,0.0
7186,CN(C)CCCNCCCN,0.0,0.0,1.0,0.0,,0.0,0.0,,0.0,0.0,0.0,0.0
7187,CN1CCOCC1,0.0,0.0,0.0,0.0,0.0,0.0,0.0,0.0,0.0,0.0,0.0,0.0
7189,COc1ccc2c(c1OC)C(=O)O[C@@H]2[C@H]1c2cc3c(cc2CCN1C)OCO3,0.0,0.0,0.0,0.0,0.0,,,0.0,0.0,0.0,0.0,0.0
7190,CNC(=O)Oc1ccccc1C1OCCO1,0.0,0.0,0.0,0.0,0.0,,,0.0,0.0,0.0,0.0,0.0
7191,COC(=O)C1CCC(C(=O)OC)CC1,0.0,0.0,0.0,0.0,0.0,0.0,0.0,0.0,0.0,0.0,0.0,0.0
7192,COc1ccc(OC)c(OC)c1,0.0,0.0,,0.0,0.0,0.0,0.0,,0.0,0.0,0.0,0.0
7193,COc1cc(Cl)c(OC)cc1Cl,0.0,0.0,0.0,0.0,0.0,,,0.0,0.0,0.0,0.0,0.0
7194,C=CCc1ccc(OC)cc1,0.0,0.0,0.0,0.0,0.0,0.0,0.0,,0.0,0.0,0.0,0.0
7195,COc1ccc(NC(=O)CC(C)=O)cc1,0.0,0.0,,0.0,0.0,,0.0,0.0,0.0,0.0,0.0,0.0
7196,COC1CCC=CO1,0.0,0.0,0.0,0.0,,0.0,0.0,0.0,0.0,,0.0,0.0
7197,CCNc1nc(NC(C)C)nc(OC)n1,0.0,0.0,0.0,0.0,0.0,,,0.0,0.0,0.0,0.0,0.0
7198,CCCSP(=S)(OCC)Oc1ccc(SC)cc1,,0.0,0.0,0.0,0.0,1.0,,0.0,0.0,0.0,0.0,0.0
7200,O=[N+]([O-])c1ccc(F)cc1F,0.0,,,0.0,0.0,0.0,0.0,0.0,0.0,0.0,0.0,0.0
7201,N#CC(c1ccccc1)c1ccccc1,0.0,0.0,0.0,0.0,0.0,0.0,,0.0,0.0,0.0,0.0,0.0
7202,N#Cc1ccccn1,0.0,0.0,0.0,0.0,0.0,0.0,0.0,0.0,0.0,0.0,0.0,0.0
7203,N#CCCCC(C#N)CCC#N,0.0,0.0,,0.0,0.0,0.0,0.0,,0.0,0.0,0.0,0.0
7204,N#CNC(=N)N,0.0,0.0,0.0,0.0,0.0,0.0,0.0,0.0,0.0,0.0,0.0,0.0
7205,Cc1ccccc1NC(=N)NC(=N)N,0.0,0.0,0.0,0.0,0.0,0.0,,0.0,0.0,0.0,0.0,
7208,Cc1ccc(N)cc1Cl,0.0,0.0,0.0,0.0,0.0,0.0,0.0,0.0,0.0,0.0,0.0,0.0
7210,Nc1ccc(S(=O)(=O)O)c(N)c1,0.0,0.0,0.0,0.0,0.0,,,0.0,0.0,0.0,0.0,0.0
7211,Cc1ccc(N)c(S(=O)(=O)O)c1,0.0,0.0,0.0,0.0,0.0,0.0,0.0,0.0,0.0,0.0,0.0,0.0
7212,Cc1c(N)cccc1Cl,0.0,0.0,0.0,0.0,0.0,,0.0,,0.0,0.0,0.0,0.0
7213,Cc1nc(N)nc(N)n1,0.0,,0.0,0.0,0.0,0.0,0.0,0.0,0.0,0.0,0.0,
7214,Nc1ccc(Cc2ccc(N)cc2)cc1,0.0,0.0,0.0,0.0,0.0,1.0,0.0,0.0,0.0,0.0,0.0,0.0
7216,CC(NN)c1ccccc1.O=S(=O)(O)O,0.0,0.0,0.0,0.0,0.0,,0.0,,0.0,0.0,0.0,0.0
7220,O=Cc1ccccc1[N+](=O)[O-],0.0,0.0,0.0,0.0,0.0,,,0.0,0.0,1.0,0.0,0.0
7221,O=[N+]([O-])c1ccccc1Cl,0.0,,0.0,0.0,0.0,0.0,0.0,,0.0,0.0,0.0,0.0
7222,COC(=O)/C=C/c1ccccc1,0.0,0.0,0.0,0.0,0.0,0.0,,,0.0,0.0,0.0,0.0
7223,CC(C)(C)C(=O)c1ccccc1,0.0,0.0,0.0,0.0,,,0.0,1.0,0.0,0.0,0.0,0.0
7225,CCOC(=O)CC(=O)c1ccccc1,0.0,0.0,0.0,0.0,0.0,,0.0,,0.0,0.0,0.0,0.0
7226,COC(=O)CC(C)CCC=C(C)C,,0.0,,0.0,0.0,0.0,0.0,0.0,0.0,0.0,0.0,0.0
7227,CCCCC(CC)COC(=O)CCCCC(=O)OCC(CC)CCCC,0.0,0.0,0.0,0.0,0.0,0.0,,0.0,0.0,0.0,0.0,0.0
7229,CCCCCCCC/C=C\CCCCCCCC(=O)OC,0.0,0.0,0.0,0.0,,0.0,0.0,,0.0,0.0,0.0,0.0
7230,CCCCC(CC)COC(=O)CCCCCCCC(=O)OCC(CC)CCCC,0.0,0.0,0.0,0.0,0.0,0.0,0.0,0.0,0.0,0.0,0.0,0.0
7231,NC(=O)c1c(Cl)cccc1Cl,0.0,0.0,0.0,0.0,0.0,,,0.0,0.0,0.0,0.0,0.0
7233,O=C(O)c1cc2ccccc2nc1C(=O)O,0.0,0.0,0.0,0.0,0.0,0.0,,,0.0,0.0,0.0,0.0
7234,O=C(O)Cc1c[nH]c2ccccc12,0.0,0.0,0.0,0.0,0.0,1.0,0.0,0.0,0.0,0.0,0.0,0.0
7235,O=C(O)CCCC(=O)O,0.0,0.0,0.0,0.0,0.0,0.0,0.0,0.0,0.0,0.0,0.0,0.0
7236,O=C(O)CCCCCCCCCC(=O)O,0.0,0.0,0.0,0.0,0.0,0.0,,0.0,0.0,0.0,0.0,
7237,O=C(O)CCCCCCCCCCCC(=O)O,0.0,0.0,0.0,0.0,0.0,0.0,0.0,0.0,0.0,0.0,0.0,0.0
7238,O=C(O)COc1ccc2ccccc2c1,0.0,0.0,0.0,0.0,0.0,,0.0,0.0,0.0,0.0,0.0,
7239,CCOCC(=O)O,0.0,0.0,0.0,0.0,0.0,0.0,0.0,0.0,0.0,0.0,0.0,0.0
7240,O=C(CCCCCCCCC#CI)Oc1ccccc1,0.0,0.0,0.0,0.0,0.0,0.0,,0.0,,0.0,0.0,0.0
7241,CCSCc1ccccc1OC(=O)NC,0.0,0.0,0.0,0.0,0.0,,,0.0,0.0,0.0,0.0,0.0
7243,CCOC(=O)C(SP(=S)(OC)OC)c1ccccc1,0.0,0.0,0.0,0.0,0.0,1.0,,,0.0,0.0,0.0,0.0
7244,CCCCOCCOC(=O)CCCCCCCCC(=O)OCCOCCCC,,0.0,0.0,0.0,0.0,0.0,,0.0,0.0,0.0,0.0,0.0
7245,O=C(OCCOCCOC(=O)c1ccccc1)c1ccccc1,0.0,0.0,0.0,0.0,0.0,0.0,0.0,0.0,0.0,0.0,0.0,0.0
7246,C=C(C)C(=O)OCCOCCOCCOC(=O)C(=C)C,0.0,0.0,0.0,0.0,0.0,0.0,0.0,0.0,0.0,0.0,0.0,0.0
7247,Cc1nnc(-c2ccccc2)c(=O)n1N,0.0,0.0,0.0,0.0,,1.0,0.0,,0.0,0.0,0.0,0.0
7249,CC1(C)C(=O)N(Cl)C(=O)N1Cl,0.0,0.0,0.0,0.0,0.0,0.0,0.0,1.0,0.0,0.0,0.0,0.0
7250,Cc1cnc(C2=NC(=O)C(C)(C(C)C)N2)c(C(=O)O)c1,0.0,0.0,0.0,0.0,0.0,0.0,,,0.0,0.0,0.0,0.0
7251,CCCCCC=CCC1CC(=O)OC1=O,0.0,0.0,,0.0,0.0,0.0,,0.0,0.0,0.0,0.0,0.0
7253,O=Nc1ccc(O)cc1,0.0,0.0,0.0,0.0,0.0,1.0,1.0,0.0,0.0,0.0,0.0,0.0
7255,CCOS(=O)(=O)OCC,0.0,0.0,0.0,0.0,0.0,0.0,0.0,0.0,0.0,0.0,0.0,0.0
7256,O=C(O)c1cc(C(=O)O)c(C(=O)O)cc1C(=O)O,0.0,0.0,,0.0,0.0,0.0,,0.0,0.0,0.0,0.0,0.0
7257,CCNc1cc(O)ccc1C,0.0,0.0,,0.0,0.0,1.0,,0.0,0.0,0.0,0.0,0.0
7258,CC(C)(C1CCC(O)CC1)C1CCC(O)CC1,0.0,0.0,0.0,0.0,,0.0,,1.0,0.0,0.0,0.0,0.0
7259,CC(CCC(=O)O)(c1ccc(O)cc1)c1ccc(O)cc1,0.0,0.0,0.0,0.0,0.0,0.0,0.0,1.0,0.0,0.0,0.0,0.0
7260,CNC[C@H](O)c1ccc(O)c(O)c1.O=C(O)[C@H](O)[C@@H](O)C(=O)O,0.0,0.0,,0.0,0.0,,0.0,0.0,0.0,0.0,0.0,0.0
7262,OCCN(CCO)c1ccccc1,0.0,0.0,0.0,0.0,0.0,0.0,,,0.0,0.0,0.0,0.0
7263,S=C=Nc1ccccc1,,0.0,1.0,0.0,0.0,,1.0,0.0,0.0,0.0,0.0,0.0
7264,S=c1nccc[nH]1,0.0,0.0,,0.0,,0.0,0.0,1.0,0.0,0.0,0.0,0.0
7269,C=CC(=O)OCCOCCOC(=O)C=C,,0.0,1.0,,0.0,0.0,0.0,1.0,1.0,0.0,1.0,1.0
7270,c1ccc2sc(SSN3CCOCC3)nc2c1,1.0,0.0,0.0,,0.0,1.0,1.0,0.0,1.0,0.0,0.0,0.0
7272,CCOC(=S)[S-].[Na+],1.0,0.0,1.0,,0.0,0.0,0.0,0.0,,0.0,0.0,0.0
7273,C/C=C1/C(=O)C[C@H]2[C@@H]3CCC4=CC(=O)CC[C@]4(C)[C@H]3CC[C@]12C,1.0,0.0,1.0,,0.0,0.0,0.0,1.0,,1.0,0.0,0.0
7278,COP(=S)(OC)SCn1nnc2ccccc2c1=O,0.0,0.0,1.0,1.0,0.0,0.0,0.0,0.0,0.0,0.0,0.0,0.0
7279,CSC(=O)c1c(C(F)F)nc(C(F)(F)F)c(C(=O)SC)c1CC(C)C,0.0,0.0,0.0,,0.0,0.0,,0.0,0.0,0.0,0.0,0.0
7283,CCCSP(=O)(OCC)Oc1ccc(Br)cc1Cl,0.0,0.0,,,0.0,1.0,1.0,0.0,0.0,0.0,0.0,0.0
7285,c1ccc(-c2cccc(-c3ccccc3)c2)cc1,0.0,0.0,1.0,,0.0,1.0,1.0,1.0,0.0,0.0,0.0,0.0
7286,C=C(C)C(=O)OCC(C)C,0.0,0.0,0.0,0.0,0.0,0.0,0.0,0.0,0.0,0.0,0.0,0.0
7288,COc1cc(C(C)C)c2c(c1)S(=O)(=O)N(COc1cc(=O)n3cccc(OCCN4CCCCC4)c3n1)C2=O,0.0,0.0,1.0,,0.0,0.0,0.0,0.0,0.0,0.0,0.0,1.0
7289,CCC(=O)N(c1ccccc1)C1CCN(C(C)Cc2cccs2)CC1.Cl,0.0,0.0,1.0,0.0,0.0,0.0,0.0,,0.0,0.0,0.0,0.0
7290,OC12N=C(c3ccccc3)SC1Cc1cc(Cl)ccc12,0.0,0.0,1.0,,0.0,1.0,1.0,1.0,0.0,0.0,0.0,0.0
7291,COc1ccc(N)c(OC)c1,0.0,0.0,0.0,,0.0,0.0,,0.0,0.0,0.0,0.0,0.0
7292,Nc1ccccc1C(=O)Oc1ccc2ccccc2c1,0.0,,1.0,,0.0,1.0,1.0,1.0,0.0,0.0,1.0,0.0
7293,O=C(c1ccc(O)cc1)c1ccc(O)cc1,0.0,0.0,0.0,,1.0,1.0,,1.0,0.0,0.0,0.0,0.0
7294,Nc1ccc(N)c2c1C(=O)c1ccccc1C2=O,0.0,0.0,1.0,,0.0,1.0,1.0,0.0,0.0,,0.0,0.0
7295,C[C@]12C=CC3=C4CCC(=O)C=C4CC[C@H]3[C@@H]1CC[C@@H]2O,0.0,1.0,1.0,0.0,1.0,0.0,0.0,1.0,0.0,0.0,0.0,1.0
7296,Cc1ccc(S(=O)(=O)NC2CCCCC2)cc1,0.0,0.0,0.0,,0.0,0.0,1.0,,0.0,0.0,0.0,0.0
7298,Oc1ccc(-c2ccc(O)cc2)cc1,0.0,0.0,1.0,,1.0,0.0,1.0,1.0,,1.0,1.0,0.0
7302,c1csc(SSc2cccs2)c1,1.0,0.0,0.0,,0.0,0.0,0.0,1.0,,0.0,0.0,0.0
7303,C[C@H]1C[C@H]2[C@@H]3CCC4=CC(=O)C=C[C@]4(C)[C@@]3(F)[C@@H](O)C[C@]2(C)[C@@]1(O)C(=O)COP(=O)([O-])[O-].[Na+].[Na+],0.0,1.0,0.0,,0.0,,0.0,0.0,0.0,0.0,0.0,1.0
7305,CCCCN(CC)c1c([N+](=O)[O-])cc(C(F)(F)F)cc1[N+](=O)[O-],0.0,0.0,0.0,0.0,0.0,0.0,1.0,0.0,0.0,0.0,0.0,0.0
7306,Brc1ccc(Oc2ccc(Br)cc2Br)c(Br)c1,0.0,0.0,0.0,,0.0,,1.0,1.0,0.0,0.0,0.0,0.0
7307,c1ccc(CCCc2ccncc2)cc1,1.0,0.0,,1.0,0.0,0.0,1.0,0.0,0.0,0.0,0.0,0.0
7308,C/C=C/C=C/CCCCCCCO,1.0,0.0,,0.0,0.0,0.0,0.0,0.0,0.0,0.0,0.0,0.0
7309,CC(C)c1ccc2sc3ccccc3c(=O)c2c1,1.0,0.0,1.0,,0.0,1.0,,1.0,0.0,0.0,1.0,0.0
7310,Cc1cc2nc(N)sc2cc1C,0.0,0.0,0.0,,0.0,1.0,,1.0,0.0,0.0,1.0,0.0
7311,Cc1cccc(N)c1N,0.0,0.0,1.0,0.0,0.0,1.0,1.0,,0.0,0.0,0.0,0.0
7312,CCCC(=O)O[C@]1(C(=O)COC(=O)CC)CC[C@H]2[C@@H]3CCC4=CC(=O)CC[C@]4(C)[C@H]3[C@@H](O)C[C@@]21C,0.0,1.0,0.0,,0.0,0.0,0.0,,0.0,0.0,0.0,1.0
7313,CCc1ccc2c(c1)C(=O)c1ccccc1C2=O,0.0,0.0,1.0,,0.0,1.0,1.0,1.0,0.0,0.0,1.0,0.0
7314,CC[C@H]1C[C@@H]2C[C@H]3c4[nH]c5ccc(OC)cc5c4CC[N@@](C2)[C@@H]13.Cl,1.0,0.0,0.0,0.0,0.0,,0.0,0.0,0.0,0.0,0.0,0.0
7315,CNC(=O)Oc1cccc(N=CN(C)C)c1.Cl,0.0,0.0,1.0,0.0,0.0,,0.0,0.0,0.0,0.0,0.0,0.0
7317,CCC(Cl)CC(Cl)C(Cl)C(Cl)C(Cl)C(C)Cl,0.0,0.0,0.0,,0.0,1.0,0.0,1.0,0.0,0.0,0.0,
7318,O=S1OC[C@@H]2[C@H](CO1)[C@]1(Cl)C(Cl)=C(Cl)[C@@]2(Cl)C1(Cl)Cl,0.0,0.0,1.0,,0.0,0.0,1.0,,0.0,0.0,0.0,0.0
7319,O=[N+]([O-])c1c(Cl)c(Cl)c(Cl)c(Cl)c1Cl,0.0,0.0,1.0,0.0,0.0,0.0,,0.0,0.0,0.0,0.0,0.0
7321,COc1ccc(-c2coc3cc(O)ccc3c2=O)cc1,0.0,,1.0,,1.0,1.0,1.0,1.0,0.0,0.0,1.0,0.0
7322,COc1ccc(C(=O)Nc2ccccc2)cc1[N+](=O)[O-],0.0,0.0,,,0.0,1.0,1.0,1.0,0.0,0.0,0.0,0.0
7323,COc1ccc(N=[N+]([O-])c2ccc(OC)cc2)cc1,0.0,1.0,1.0,,0.0,1.0,,1.0,0.0,0.0,1.0,0.0
7324,Nc1ccn([C@@H]2O[C@H](CO)[C@@H](O)[C@@H]2O)c(=O)n1,0.0,0.0,0.0,0.0,0.0,0.0,,0.0,0.0,1.0,0.0,0.0
7327,NNc1nc(-c2ccccc2)cs1,1.0,0.0,1.0,,0.0,1.0,1.0,0.0,0.0,,0.0,0.0
7329,CCOC(=O)CS,0.0,0.0,0.0,,0.0,0.0,,0.0,0.0,1.0,0.0,0.0
7330,CCCCOCCOC(=O)c1ccccc1C(=O)OCCOCCCC,1.0,0.0,0.0,,0.0,1.0,0.0,0.0,0.0,0.0,0.0,0.0
7331,O=C=Nc1cccc(C(F)(F)F)c1,0.0,0.0,,1.0,0.0,1.0,1.0,0.0,0.0,0.0,0.0,0.0
7332,O=C1CCCCCN1SSN1CCCCCC1=O,1.0,0.0,0.0,,0.0,0.0,,0.0,0.0,0.0,0.0,0.0
7333,CCCCCCCc1ccc(O)cc1,,0.0,0.0,,0.0,0.0,1.0,1.0,0.0,0.0,0.0,0.0
7339,CCOP(=S)(OCC)Oc1cc(-c2ccccc2)on1,0.0,0.0,0.0,0.0,0.0,1.0,,1.0,0.0,0.0,0.0,0.0
7341,Nc1ccc(/N=N/c2ccc(-c3ccc(/N=N/c4c(S(=O)(=O)[O-])cc5cc(S(=O)(=O)[O-])c(/N=N/c6ccccc6)c(O)c5c4N)cc3)cc2)c(N)c1.[Na+].[Na+],0.0,0.0,0.0,,0.0,1.0,1.0,0.0,,0.0,0.0,0.0
7343,CCCCCCCCCCCC[N+](C)(C)CC(=O)[O-],0.0,0.0,,0.0,0.0,0.0,0.0,0.0,0.0,0.0,0.0,0.0
7344,C=CC(=O)OCCC#N,,0.0,1.0,,0.0,0.0,0.0,0.0,1.0,0.0,0.0,0.0
7348,CC(C)(C)c1cc(CO)cc(C(C)(C)C)c1O,0.0,0.0,1.0,,0.0,0.0,1.0,,0.0,0.0,0.0,0.0
7349,CC(C)(C)c1ccc(S)cc1,0.0,0.0,0.0,,0.0,0.0,0.0,,0.0,0.0,0.0,0.0
7352,Cc1cccc(O)c1N,0.0,0.0,1.0,,0.0,1.0,0.0,0.0,,1.0,0.0,0.0
7353,CC1CCCNC1,,0.0,0.0,0.0,0.0,0.0,0.0,0.0,0.0,0.0,0.0,0.0
7355,CCc1ccc(C(=O)NN(C(=O)c2cc(C)cc(C)c2)C(C)(C)C)cc1,0.0,0.0,1.0,0.0,0.0,0.0,,0.0,0.0,0.0,0.0,0.0
7356,Cl.Nc1ccc(-c2ccccc2)cc1,0.0,0.0,1.0,,0.0,1.0,0.0,1.0,0.0,0.0,,0.0
7358,COc1cc(Cl)ccc1Oc1ccc(Cl)cc1Cl,0.0,0.0,0.0,,0.0,,1.0,0.0,0.0,0.0,0.0,0.0
7361,CN(C)c1ccc(N=Nc2ccccc2)cc1,0.0,1.0,1.0,,0.0,1.0,,1.0,0.0,0.0,1.0,0.0
7362,CNC(=O)N(C)c1nc2ccccc2s1,0.0,0.0,,,0.0,1.0,0.0,1.0,0.0,0.0,1.0,0.0
7363,COc1cccc(O)c1O,1.0,0.0,1.0,,1.0,1.0,0.0,0.0,1.0,0.0,1.0,
7365,COS(=O)(=O)C(F)(F)F,1.0,0.0,0.0,,0.0,0.0,,0.0,0.0,0.0,0.0,0.0
7366,Oc1ccc2c(c1)OC[C@@H](N1CCC(O)(c3ccc(F)cc3)CC1)[C@H]2O,0.0,0.0,0.0,,0.0,1.0,,1.0,0.0,0.0,1.0,0.0
7367,NNC(N)=S,1.0,0.0,,0.0,0.0,1.0,0.0,0.0,0.0,0.0,0.0,0.0
7368,Nc1ccc(-c2ccc(N)c(N)c2)cc1N,,0.0,1.0,,0.0,1.0,1.0,0.0,0.0,0.0,0.0,0.0
7372,C=CCOC(=O)/C=C\C(=O)OCC=C,,0.0,1.0,,0.0,0.0,0.0,0.0,0.0,0.0,0.0,0.0
7376,CCCCCCCCCC(=O)O,0.0,0.0,0.0,0.0,0.0,0.0,,0.0,0.0,0.0,0.0,0.0
7377,O=C(Oc1ccccc1)c1ccc(O)cc1,0.0,0.0,0.0,,1.0,0.0,,1.0,0.0,0.0,0.0,0.0
7378,O=C(C=Cc1ccccc1)OCCc1ccccc1,0.0,0.0,0.0,,0.0,0.0,,1.0,0.0,0.0,1.0,0.0
7380,CCCCC(CC)C(=O)OCCOCCOCCOC(=O)C(CC)CCCC,0.0,0.0,0.0,0.0,0.0,0.0,0.0,0.0,0.0,0.0,0.0,0.0
7381,C/C(=C\C(C)CC(C)CC(C)C)C1CC(=O)OC1=O,0.0,0.0,1.0,0.0,0.0,,0.0,0.0,0.0,0.0,0.0,0.0
7382,CCCCCCCCC1CCC(=O)O1,0.0,1.0,0.0,,0.0,0.0,0.0,,0.0,0.0,0.0,0.0
7383,O=CCCCC=O,0.0,0.0,0.0,,0.0,0.0,0.0,0.0,1.0,1.0,1.0,0.0
7386,OC1CCCC1,0.0,0.0,0.0,0.0,0.0,0.0,0.0,0.0,0.0,0.0,0.0,0.0
7387,CCCC(C)c1ccccc1O,0.0,0.0,0.0,,0.0,0.0,1.0,,0.0,0.0,0.0,0.0
7393,CCCCCCCC/C=C/CCCCCCCC(=O)OCCOCC(OCCO)C1OC(OCCO)CC1OCCO,0.0,0.0,0.0,,0.0,0.0,,0.0,0.0,0.0,0.0,0.0
7394,O.O.O=C1O[C@H]([C@@H](O)CO)C([O-])=C1O.O=C1O[C@H]([C@@H](O)CO)C([O-])=C1O.[Ca+2],,0.0,0.0,0.0,0.0,0.0,0.0,0.0,0.0,0.0,0.0,0.0
7395,[Co+2].c1cc[cH-]c1.c1cc[cH-]c1,0.0,0.0,1.0,0.0,0.0,0.0,,0.0,0.0,0.0,0.0,0.0
7396,[Na+].[O-]c1cc(Cl)c(Cl)cc1Cl,0.0,0.0,1.0,0.0,0.0,1.0,1.0,,0.0,0.0,0.0,0.0
7397,CCN(Cc1cccc(S(=O)(=O)[O-])c1)c1ccc(C(=C2C=CC(=[N+](CC)Cc3cccc(S(=O)(=O)[O-])c3)C=C2)c2ccccc2)cc1.[Na+],0.0,0.0,1.0,0.0,0.0,0.0,0.0,0.0,,0.0,0.0,0.0
7398,CN(C)c1ccc(N=NS(=O)(=O)[O-])cc1.[Na+],0.0,0.0,1.0,0.0,0.0,1.0,1.0,0.0,0.0,0.0,0.0,
7399,O=C([O-])CS.[NH4+],0.0,0.0,0.0,,0.0,0.0,0.0,0.0,0.0,0.0,0.0,0.0
7400,CCCN(CCC)c1c([N+](=O)[O-])cc(C(C)C)cc1[N+](=O)[O-],0.0,0.0,0.0,0.0,0.0,0.0,1.0,0.0,0.0,0.0,0.0,0.0
7401,O=[N+]([O-])c1ccc2c(c1)Cc1ccccc1-2,0.0,0.0,1.0,,0.0,1.0,1.0,1.0,0.0,0.0,0.0,0.0
7402,O=[N+]([O-])c1cc([N+](=O)[O-])c2ccccc2c1,0.0,0.0,1.0,0.0,0.0,1.0,,0.0,0.0,0.0,0.0,0.0
7403,Br.Nc1nc(-c2ccccc2)cs1.O,0.0,0.0,1.0,,0.0,1.0,1.0,1.0,0.0,0.0,,0.0
7404,Brc1cc(Oc2cc(Br)c(Br)c(Br)c2Br)c(Br)c(Br)c1Br,0.0,0.0,0.0,0.0,0.0,0.0,0.0,0.0,0.0,0.0,0.0,0.0
7405,O=C(Oc1ccc(Br)cc1)N1CCN2CCC1CC2,0.0,0.0,0.0,,0.0,0.0,,0.0,0.0,0.0,0.0,0.0
7406,C=CC(=O)OCC(C)O,0.0,0.0,1.0,,,0.0,0.0,0.0,1.0,0.0,0.0,0.0
7408,CC(=O)Nc1ccc2c(c1)Cc1ccccc1-2,0.0,0.0,1.0,,0.0,1.0,1.0,1.0,0.0,0.0,1.0,0.0
7409,CCCCCOC(C)=O,1.0,0.0,0.0,0.0,0.0,0.0,0.0,0.0,0.0,0.0,0.0,0.0
7410,CC(C)(C)C1=CC(=O)C=C(C(C)(C)C)C1=O,0.0,0.0,,,0.0,0.0,1.0,0.0,0.0,0.0,0.0,0.0
7413,CC(C)C(OC(=O)c1ccccc1)C(C)(C)COC(=O)c1ccccc1,0.0,0.0,0.0,1.0,1.0,0.0,,1.0,0.0,0.0,0.0,0.0
7414,COC(=O)[C@]1(C)CCC[C@@]2(C)[C@H]1CC=C1C=C(C(C)C)CC[C@@H]12,0.0,0.0,,0.0,0.0,1.0,1.0,0.0,0.0,0.0,0.0,0.0
7415,CC(C)CCCCCCCOP(OCCCCCCCC(C)C)Oc1ccccc1,0.0,0.0,,0.0,0.0,0.0,0.0,0.0,0.0,0.0,0.0,0.0
7416,CC1=CC[C@H](C(C)C)C=C1,0.0,0.0,,0.0,0.0,0.0,0.0,0.0,0.0,0.0,0.0,0.0
7418,CC1CC(CC2CCC(N)C(C)C2)CCC1N,0.0,0.0,,,0.0,0.0,0.0,0.0,0.0,0.0,0.0,0.0
7419,Cc1cc2c3c(c1)C(c1ccccc1)=N[C@@H](NC(=O)c1ccncc1)C(=O)N3CC2,0.0,0.0,,0.0,0.0,0.0,0.0,0.0,1.0,0.0,0.0,0.0
7420,CCCCC(CC)COC(=O)CS,0.0,0.0,0.0,0.0,0.0,0.0,0.0,0.0,0.0,0.0,0.0,0.0
7421,CCCCCCCCCCCCCCO,0.0,0.0,0.0,0.0,0.0,0.0,0.0,0.0,0.0,0.0,0.0,0.0
7423,CCSCC,,0.0,0.0,0.0,0.0,0.0,0.0,0.0,0.0,0.0,0.0,0.0
7424,Cc1cc(C(=C2C=CC(=N)C=C2)c2ccc(N)cc2)ccc1N.Cl,0.0,0.0,,,0.0,0.0,1.0,0.0,0.0,0.0,0.0,0.0
7426,Cl.Nc1ccn([C@@H]2O[C@H](CO)[C@@H](O)[C@@H]2O)c(=O)n1,0.0,0.0,0.0,0.0,0.0,0.0,0.0,1.0,,1.0,0.0,0.0
7428,COc1ccc(N)cc1.Cl,0.0,0.0,0.0,0.0,0.0,1.0,0.0,0.0,0.0,0.0,0.0,0.0
7431,Cl[Ni]Cl,,0.0,0.0,,0.0,0.0,0.0,0.0,0.0,0.0,0.0,0.0
7432,O=C(O)c1nc(Cl)c(Cl)c(Cl)c1Cl,0.0,0.0,1.0,0.0,0.0,0.0,0.0,0.0,0.0,0.0,0.0,
7433,CNP(=O)(OC)Oc1ccc(C(C)(C)C)cc1Cl,0.0,0.0,1.0,,0.0,0.0,0.0,0.0,,0.0,0.0,0.0
7434,Nc1cc(Cl)c(N)c(Cl)c1,0.0,0.0,1.0,1.0,0.0,1.0,0.0,0.0,0.0,0.0,0.0,0.0
7435,Nc1cc(Cl)c(O)c(Cl)c1,0.0,0.0,1.0,,0.0,1.0,1.0,0.0,,1.0,0.0,0.0
7437,COC(=O)Nc1ccc(Cl)c(Cl)c1,0.0,0.0,0.0,0.0,0.0,1.0,,0.0,0.0,0.0,0.0,0.0
7438,Oc1ccc(Cl)cc1C1CCCC1,0.0,0.0,1.0,1.0,0.0,0.0,1.0,,0.0,0.0,0.0,0.0
7440,O=C(NC(=O)c1c(F)cccc1F)Nc1ccc(Cl)cc1,0.0,0.0,0.0,,0.0,1.0,0.0,1.0,0.0,0.0,0.0,0.0
7441,Clc1ccccc1-c1ccccc1Cl,0.0,0.0,0.0,,1.0,0.0,1.0,1.0,0.0,,0.0,0.0
7442,ClC1=C(Cl)[C@]2(Cl)[C@H]3[C@H]([C@H]4C=C[C@H]3C4)[C@@]1(Cl)C2(Cl)Cl,0.0,0.0,,,0.0,0.0,1.0,1.0,0.0,0.0,0.0,0.0
7444,COC(=O)[C@H]1[C@H]2C[C@@H]3c4[nH]c5cc(OC)ccc5c4CCN3C[C@H]2C[C@@H](OC(=O)COc2ccc(OC)cc2)[C@@H]1OC,0.0,0.0,0.0,0.0,0.0,,0.0,0.0,0.0,0.0,0.0,0.0
7446,CCNS(=O)(=O)C(F)(F)C(F)(F)C(F)(F)C(F)(F)C(F)(F)C(F)(F)C(F)(F)C(F)(F)F,0.0,0.0,1.0,,0.0,0.0,,0.0,0.0,0.0,0.0,0.0
7447,CNc1cnn(-c2cccc(C(F)(F)F)c2)c(=O)c1Cl,0.0,0.0,0.0,,0.0,1.0,0.0,1.0,0.0,0.0,1.0,0.0
7448,CCCC[N+]1(C)CCCCC1.O=S(=O)([N-]S(=O)(=O)C(F)(F)F)C(F)(F)F,0.0,0.0,0.0,,0.0,0.0,,0.0,0.0,0.0,0.0,0.0
7449,O=c1[nH]c2ccc(S(=O)CCN3CCC(Cc4ccc(F)cc4)CC3)cc2o1,0.0,0.0,1.0,0.0,0.0,0.0,,1.0,0.0,0.0,0.0,0.0
7452,CCCCCc1ccc(N)cc1,0.0,0.0,0.0,1.0,0.0,0.0,0.0,0.0,,0.0,0.0,0.0
7453,Nc1ccc2ccccc2c1,0.0,0.0,0.0,,0.0,1.0,0.0,0.0,0.0,0.0,0.0,0.0
7455,Cc1c(C)c([N+](=O)[O-])c(C(C)(C)C)c([N+](=O)[O-])c1C,0.0,0.0,0.0,,0.0,0.0,,0.0,0.0,0.0,0.0,0.0
7456,Nc1ccccc1[N+](=O)[O-],0.0,0.0,0.0,0.0,0.0,0.0,,0.0,0.0,0.0,0.0,0.0
7458,O=C(c1ccccc1O)c1ccccc1O,0.0,0.0,1.0,1.0,0.0,0.0,1.0,0.0,0.0,0.0,0.0,0.0
7460,CCCCCCCC/C=C\CCCCCCCC(=O)OCCO,1.0,0.0,,,0.0,0.0,0.0,0.0,0.0,0.0,0.0,0.0
7463,O=C(Nc1ccccc1)c1ccccc1I,0.0,0.0,1.0,,0.0,1.0,,0.0,0.0,0.0,0.0,0.0
7464,O=C(Nc1ccccc1)Nc1ccccc1,0.0,0.0,,,0.0,1.0,1.0,1.0,0.0,0.0,0.0,0.0
7465,O=C(CCC1CCN(Cc2ccccc2)CC1)c1ccc2c(c1)NCCCC2.O=C(O)/C=C/C(=O)O,0.0,0.0,1.0,,0.0,1.0,0.0,,0.0,0.0,0.0,0.0
7466,O=C(O)c1cc2ccccc2cc1O,0.0,0.0,0.0,,1.0,1.0,,1.0,0.0,0.0,0.0,0.0
7468,CCCCCCCCCCOC(=O)c1ccccc1C(=O)OCCCCCCCCCC,0.0,0.0,0.0,0.0,0.0,0.0,0.0,0.0,,0.0,0.0,0.0
7469,O=C(OCCCCCOC(=O)c1ccccc1)c1ccccc1,0.0,0.0,0.0,0.0,0.0,0.0,0.0,,0.0,0.0,0.0,0.0
7470,O=c1c2ccccc2oc2ccccc12,0.0,0.0,0.0,,0.0,,0.0,1.0,0.0,0.0,0.0,0.0
7474,O=C(O)c1cccc(Cl)n1,,0.0,0.0,0.0,0.0,0.0,0.0,0.0,0.0,0.0,0.0,0.0
7475,Oc1c(Cl)ccc(Cl)c1Cl,0.0,0.0,1.0,0.0,0.0,0.0,1.0,0.0,0.0,0.0,0.0,0.0
7477,Oc1ccc(Cc2ccc(O)cc2)cc1,0.0,0.0,1.0,,1.0,0.0,1.0,1.0,0.0,0.0,0.0,
7478,Oc1ccc(Cc2ccccc2)cc1,0.0,0.0,,0.0,1.0,0.0,1.0,1.0,0.0,0.0,0.0,0.0
7479,O=C1c2ccccc2C(=O)c2cc(O)ccc21,0.0,0.0,1.0,,1.0,1.0,1.0,1.0,0.0,0.0,1.0,
7480,CC(C)(C)c1ccc(OC(=O)c2ccccc2O)cc1,0.0,0.0,0.0,,0.0,,1.0,1.0,0.0,0.0,1.0,0.0
7483,C[C@@H]1C[C@H]2[C@@H]3CCC4=CC(=O)C=C[C@]4(C)[C@@]3(F)[C@@H](O)C[C@]2(C)[C@@]1(O)C(=O)CO,0.0,1.0,0.0,,0.0,,0.0,0.0,0.0,0.0,0.0,1.0
7485,CCCCCC[C@@H](O)C/C=C\CCCCCCCC(=O)OCC(O)CO,0.0,0.0,,0.0,0.0,0.0,0.0,0.0,0.0,0.0,0.0,0.0
7486,O=c1n(CCO)c(=O)n(CCO)c(=O)n1CCO,1.0,0.0,0.0,0.0,0.0,0.0,0.0,0.0,0.0,0.0,0.0,0.0
7487,CC(C)(OO)c1ccccc1,1.0,0.0,,0.0,0.0,0.0,0.0,0.0,0.0,0.0,0.0,0.0
7488,COc1cc2c(cc1OC)-c1cc3ccc(OC)c(OC)c3c[n+]1CC2.O.[Cl-],0.0,0.0,0.0,0.0,0.0,,1.0,0.0,0.0,0.0,0.0,0.0
7489,CC(=O)[O-].CC(=O)[O-].CC(=O)[O-].[Cr+3],0.0,0.0,0.0,,0.0,0.0,0.0,0.0,0.0,0.0,0.0,0.0
7490,[Cl-].[Cl-].[Fe+2],0.0,0.0,,0.0,0.0,0.0,0.0,0.0,0.0,0.0,0.0,0.0
7492,[Na+].[S-]c1nc2ccccc2s1,1.0,0.0,,,0.0,1.0,1.0,0.0,1.0,0.0,0.0,0.0
7493,CCCCCCCCc1ccc(S(=O)(=O)[O-])cc1.[Na+],0.0,0.0,,0.0,0.0,0.0,0.0,0.0,0.0,0.0,0.0,0.0
7494,O=[N+]([O-])c1ccc(Nc2ccc(Nc3ccccc3)c(S(=O)(=O)[O-])c2)c([N+](=O)[O-])c1.[Na+],0.0,0.0,0.0,0.0,0.0,0.0,,0.0,0.0,0.0,0.0,0.0
7495,O=S1(=O)OC(c2ccc([O-])cc2)(c2ccc(O)cc2)c2ccccc21.[Na+],0.0,0.0,0.0,,0.0,0.0,,0.0,0.0,0.0,0.0,0.0
7497,O=[N+]([O-])c1ccccc1Nc1ccccc1,0.0,0.0,0.0,,0.0,,0.0,0.0,0.0,0.0,0.0,0.0
7498,CON(C)C(=O)Nc1ccc(Br)cc1,0.0,0.0,0.0,,0.0,1.0,0.0,,0.0,0.0,0.0,0.0
7499,Brc1cc(-c2ccc(Br)c(Br)c2Br)cc(Br)c1Br,0.0,0.0,0.0,0.0,0.0,1.0,,0.0,0.0,0.0,0.0,0.0
7500,C(=C(c1ccccc1)c1ccccc1)c1ccccc1,0.0,0.0,0.0,0.0,1.0,,1.0,1.0,0.0,0.0,0.0,0.0
7501,C(=C/c1ccccc1)\c1ccccc1,0.0,0.0,1.0,,0.0,1.0,,1.0,0.0,0.0,0.0,0.0
7502,C(CCOCC1CO1)COCC1CO1,0.0,0.0,1.0,,0.0,0.0,0.0,0.0,0.0,,0.0,0.0
7503,COC(=O)/C=C/C=C(C)/C=C/C=C(C)/C=C\C=C(C)\C=C/C=C(C)\C=C/C(=O)O,0.0,0.0,1.0,,0.0,0.0,0.0,,0.0,0.0,0.0,0.0
7504,C=CC(=C)CCC=C(C)C,1.0,0.0,0.0,0.0,0.0,0.0,,0.0,0.0,0.0,0.0,0.0
7505,Cc1nc(C)nc(N2C[C@@H](C)N(c3ccnc([C@@H](C)O)n3)[C@@H](C)C2)n1,0.0,0.0,,,0.0,0.0,0.0,0.0,0.0,0.0,0.0,0.0
7506,C[Si](Cl)(c1ccccc1)c1ccccc1,0.0,0.0,,,0.0,0.0,1.0,0.0,0.0,0.0,0.0,0.0
7509,c1ccc(-c2ccc(-c3ccccc3)cc2)cc1,0.0,0.0,0.0,,0.0,1.0,,1.0,0.0,0.0,1.0,0.0
7510,c1cc2c3c(c1)ccc1cccc(c13)C2,0.0,0.0,0.0,0.0,0.0,0.0,,0.0,0.0,0.0,0.0,0.0
7511,C1CNCCN1,0.0,0.0,0.0,1.0,0.0,0.0,0.0,1.0,0.0,0.0,0.0,0.0
7512,C1OCOCO1,0.0,0.0,0.0,,0.0,0.0,0.0,,0.0,0.0,0.0,0.0
7513,CC(=O)[C@H]1[C@H](C#N)C[C@H]2[C@@H]3CC=C4C[C@@H](O)CC[C@]4(C)[C@H]3CC[C@@]21C,0.0,0.0,1.0,,0.0,0.0,0.0,,0.0,0.0,0.0,0.0
7514,CC(=O)c1cc2c(cc1C)C(C)(C)C(C)CC2(C)C,,0.0,0.0,,0.0,0.0,1.0,0.0,0.0,0.0,0.0,0.0
7515,CC(=O)CC(C)(C)O,0.0,0.0,0.0,0.0,0.0,0.0,0.0,0.0,0.0,0.0,0.0,0.0
7516,CC(C)(C)c1cccc(C(C)(C)C)c1O,0.0,0.0,0.0,0.0,0.0,0.0,1.0,0.0,0.0,0.0,0.0,0.0
7518,CCC(C)(C)CC,,0.0,0.0,0.0,0.0,0.0,0.0,0.0,0.0,0.0,0.0,0.0
7519,CC(C)(O)c1ccc(CNC(=O)c2cccnc2Oc2ccc(F)cc2)cc1,0.0,0.0,0.0,0.0,0.0,,0.0,0.0,0.0,0.0,0.0,0.0
7521,CC(C)CC(=O)O,0.0,0.0,,0.0,0.0,0.0,0.0,0.0,0.0,0.0,0.0,0.0
7523,CC(C)CCCCCCOC(=O)c1ccccc1C(=O)OCCCCCCC(C)C,0.0,0.0,0.0,0.0,0.0,0.0,0.0,0.0,0.0,0.0,0.0,0.0
7524,CC(c1ccc(O)cc1)c1ccc(O)cc1,0.0,0.0,1.0,,1.0,0.0,1.0,1.0,0.0,0.0,0.0,0.0
7525,COC(=O)C(C)N(C(=O)Cc1ccccc1)c1c(C)cccc1C,0.0,0.0,1.0,0.0,0.0,0.0,0.0,0.0,,0.0,0.0,0.0
7526,CC(C)=CCC[C@](C)(O)[C@@H]1CC=C(C)CC1,0.0,0.0,0.0,,0.0,0.0,,0.0,0.0,0.0,0.0,0.0
7529,CCc1nccnc1C,0.0,1.0,0.0,,0.0,0.0,0.0,0.0,0.0,0.0,0.0,
7530,CC1CCC2CC1C2(C)C,0.0,0.0,0.0,0.0,0.0,0.0,0.0,1.0,0.0,0.0,0.0,0.0
7531,Cc1cc(C)nc(Nc2ccccc2)n1,0.0,0.0,0.0,,0.0,1.0,0.0,,0.0,0.0,0.0,0.0
7532,Cc1cccc(Nc2ccccc2)c1,0.0,0.0,0.0,1.0,0.0,0.0,1.0,,0.0,0.0,0.0,0.0
7534,CC1=C2C[C@H]3[C@@H](CC=C4C[C@@H](O)CC[C@@]43C)[C@@H]2CC[C@]12O[C@@H]1C[C@H](C)CN[C@H]1[C@H]2C,0.0,0.0,,,0.0,0.0,0.0,0.0,0.0,0.0,0.0,0.0
7535,CCC(=O)OCCc1ccccc1,0.0,0.0,,,0.0,0.0,0.0,0.0,0.0,0.0,0.0,0.0
7536,CCCCC(CC)COC(=O)c1ccccc1C(=O)OCC(CC)CCCC,0.0,0.0,0.0,0.0,0.0,0.0,,0.0,0.0,0.0,0.0,0.0
7537,CCCC(C)C(=O)OCC,,0.0,0.0,0.0,0.0,0.0,0.0,0.0,0.0,0.0,0.0,0.0
7539,CCCCn1cc[n+](C)c1.O=S(=O)([N-]S(=O)(=O)C(F)(F)F)C(F)(F)F,0.0,0.0,0.0,0.0,0.0,0.0,,0.0,0.0,0.0,0.0,0.0
7541,CCO[Si](CC(C)C)(OCC)OCC,0.0,0.0,0.0,0.0,0.0,0.0,1.0,0.0,,0.0,0.0,0.0
7542,CCOC(=O)C1OC1(C)c1ccccc1,0.0,0.0,,,0.0,0.0,0.0,0.0,0.0,0.0,0.0,0.0
7543,CCOc1ccc2[nH]cc(C(=O)NCc3ccccc3)c(=O)c2n1,0.0,0.0,1.0,,0.0,1.0,1.0,,0.0,0.0,0.0,0.0
7544,CCOP(=S)(OCC)Oc1ncn(-c2ccccc2)n1,0.0,0.0,0.0,0.0,0.0,1.0,,1.0,0.0,0.0,0.0,0.0
7546,Cc1cc(-c2ccc(N)c(C)c2)ccc1N.Cl.Cl,0.0,0.0,1.0,0.0,1.0,1.0,0.0,0.0,0.0,0.0,1.0,0.0
7548,CCc1cc(OC)c(C[C@H](C)N)cc1OC.Cl,0.0,0.0,,0.0,0.0,0.0,0.0,0.0,0.0,0.0,0.0,0.0
7551,Cc1c(F)c(F)c(COC(=O)C2C(/C=C(\Cl)C(F)(F)F)C2(C)C)c(F)c1F,0.0,0.0,0.0,0.0,0.0,0.0,,0.0,0.0,0.0,0.0,0.0
7554,CCC1COC(Cn2cncn2)(c2ccc(Cl)cc2Cl)O1,0.0,0.0,0.0,1.0,0.0,1.0,,0.0,0.0,0.0,0.0,0.0
7555,Oc1c(Cl)cccc1Cl,0.0,,0.0,,0.0,0.0,0.0,0.0,0.0,0.0,0.0,0.0
7556,COC(=O)C(C)Oc1ccc(Oc2ccc(Cl)cc2Cl)cc1,0.0,0.0,0.0,0.0,0.0,0.0,,0.0,0.0,0.0,0.0,0.0
7557,Clc1nnc(Cl)c2ccccc12,0.0,0.0,1.0,0.0,0.0,1.0,,0.0,0.0,0.0,0.0,0.0
7558,O=P(Cl)(Oc1ccccc1)Oc1ccccc1,0.0,0.0,0.0,0.0,0.0,0.0,,0.0,0.0,0.0,0.0,0.0
7560,CNc1ncnc2[nH]cnc12,0.0,0.0,1.0,,0.0,,1.0,0.0,0.0,0.0,1.0,0.0
7564,COc1ccc(Nc2ccccc2)c(C)c1,0.0,0.0,0.0,0.0,0.0,1.0,1.0,0.0,0.0,0.0,0.0,0.0
7565,COc1ccc(C(=O)c2cccc(O)c2)c(OC)c1,0.0,0.0,0.0,0.0,1.0,1.0,1.0,1.0,0.0,0.0,0.0,
7566,Cc1nn(-c2cc(NS(C)(=O)=O)c(Cl)cc2Cl)c(=O)n1C(F)F,0.0,0.0,0.0,0.0,0.0,0.0,,0.0,0.0,0.0,0.0,0.0
7567,CCCCCCn1cc[n+](C)c1.F[B-](F)(F)F,0.0,0.0,1.0,0.0,0.0,0.0,0.0,,0.0,0.0,0.0,0.0
7569,CCCCCC[n+]1ccccc1.O=S(=O)([O-])C(F)(F)F,0.0,0.0,1.0,0.0,0.0,0.0,0.0,,0.0,0.0,0.0,0.0
7570,O=C(O)c1cc(I)cc(I)c1I,0.0,0.0,1.0,,0.0,,0.0,0.0,1.0,0.0,0.0,0.0
7571,CCCCCCCCCCCCSC#N,,0.0,0.0,,0.0,0.0,0.0,0.0,0.0,0.0,0.0,0.0
7572,c1ccc(N=Nc2ccccc2)cc1,0.0,0.0,0.0,0.0,0.0,0.0,0.0,1.0,0.0,0.0,0.0,0.0
7577,Cn1c(N)nc2c3cccnc3ccc21,0.0,,0.0,,0.0,1.0,0.0,0.0,0.0,0.0,0.0,0.0
7578,ON=C1CCCCC1,0.0,0.0,0.0,0.0,0.0,0.0,0.0,0.0,0.0,0.0,0.0,0.0
7579,Nc1ccc([N+](=O)[O-])cc1,0.0,0.0,0.0,,0.0,0.0,0.0,0.0,,0.0,0.0,0.0
7581,CCOC(=O)c1ccc(NC(=O)CN2CCCCC2)cc1,0.0,0.0,0.0,,0.0,0.0,0.0,,0.0,0.0,0.0,0.0
7582,CC(C)c1ccc(NC(=O)N(C)C)cc1,0.0,0.0,0.0,,0.0,1.0,0.0,,0.0,0.0,0.0,0.0
7583,NNC(=O)c1ccccc1,0.0,0.0,0.0,,0.0,1.0,,1.0,0.0,0.0,0.0,0.0
7586,CCCCCCCCCCCCCC(=O)O,0.0,0.0,0.0,0.0,0.0,0.0,0.0,0.0,0.0,0.0,0.0,0.0
7587,CNC(=O)Oc1cc(C)cc(C(C)C)c1,0.0,0.0,0.0,0.0,0.0,0.0,,0.0,0.0,0.0,0.0,0.0
7589,CCOC(=O)c1cn2nc(OP(=S)(OCC)OCC)cc2nc1C,0.0,0.0,,0.0,0.0,1.0,0.0,0.0,0.0,0.0,0.0,0.0
7590,CCCCCOC(=O)c1ccccc1C(=O)OCCCCC,0.0,0.0,0.0,0.0,0.0,0.0,0.0,0.0,0.0,0.0,0.0,0.0
7592,Cc1ccc(N=C=O)cc1N=C=O,0.0,0.0,1.0,0.0,1.0,1.0,1.0,1.0,0.0,0.0,0.0,0.0
7593,O=C1CCCCCCCCCCCC(=O)OCCO1,0.0,0.0,0.0,,0.0,0.0,0.0,0.0,0.0,0.0,0.0,
7594,O=C1CCCCCCCCCCCCCCCO1,,0.0,0.0,,0.0,0.0,0.0,0.0,0.0,0.0,0.0,0.0
7596,C=CC1(C)OC(=O)N(c2cc(Cl)cc(Cl)c2)C1=O,0.0,0.0,0.0,0.0,0.0,0.0,0.0,0.0,0.0,0.0,0.0,0.0
7597,CCO/C=C1\N=C(c2ccccc2)OC1=O,0.0,0.0,0.0,0.0,0.0,,0.0,0.0,0.0,0.0,0.0,0.0
7598,COC1=CC(=O)O[C@@H](/C=C/c2ccccc2)C1,0.0,0.0,,,0.0,0.0,0.0,1.0,0.0,0.0,0.0,0.0
7600,O=C1OC(=O)c2cccc3cccc1c23,0.0,0.0,,,0.0,1.0,1.0,0.0,0.0,0.0,0.0,0.0
7603,O=Cc1c2ccccc2c(Cl)c2ccccc12,1.0,0.0,1.0,0.0,1.0,0.0,1.0,0.0,,0.0,0.0,1.0
7604,Nc1c(S(=O)(=O)O)cc(Br)c2c1C(=O)c1ccccc1C2=O,0.0,0.0,1.0,0.0,0.0,1.0,,0.0,0.0,0.0,0.0,0.0
7607,O=c1oc2ccccc2c(O)c1C1CCCc2ccccc21,0.0,0.0,,0.0,0.0,0.0,1.0,0.0,1.0,0.0,0.0,0.0
7613,OC1CCCCCCCCCCC1,0.0,0.0,0.0,0.0,0.0,0.0,1.0,0.0,0.0,0.0,0.0,0.0
7614,Oc1ccccc1Cc1ccccc1O,0.0,0.0,1.0,0.0,,0.0,1.0,0.0,0.0,0.0,0.0,0.0
7615,Oc1ccc2ccccc2c1/N=N/c1ccccc1,0.0,0.0,1.0,0.0,0.0,1.0,1.0,1.0,0.0,0.0,0.0,0.0
7616,CCCCCCCCCC(CC)c1ccc(S(=O)(=O)O)cc1.OCCN(CCO)CCO,0.0,0.0,0.0,0.0,0.0,0.0,0.0,,0.0,0.0,0.0,0.0
7617,COP(=S)(NC(C)C)Oc1ccc(C)cc1[N+](=O)[O-],0.0,0.0,0.0,,1.0,1.0,,1.0,0.0,0.0,0.0,0.0
7618,CCOP(=S)(OCC)SCSP(=S)(OCC)OCC,0.0,0.0,0.0,,0.0,1.0,,1.0,0.0,0.0,0.0,0.0
7619,C[N+](C)(C)CC(O)CCl.[Cl-],0.0,0.0,0.0,0.0,0.0,0.0,,0.0,0.0,0.0,0.0,0.0
7620,OC[P+](CO)(CO)CO.[Cl-],0.0,0.0,1.0,0.0,0.0,0.0,,0.0,0.0,0.0,0.0,0.0
7621,O=S(=O)([O-])[O-].[Fe+2],0.0,0.0,,0.0,0.0,0.0,0.0,0.0,0.0,0.0,0.0,0.0
7622,Cc1cc(C)c(S(=O)(=O)[O-])cc1N=Nc1cc(S(=O)(=O)[O-])c2ccccc2c1O.[Na+].[Na+],0.0,0.0,0.0,0.0,0.0,0.0,,0.0,0.0,0.0,0.0,0.0
7623,O=N[O-].[Na+],0.0,0.0,0.0,0.0,0.0,0.0,0.0,0.0,0.0,0.0,0.0,0.0
7625,O=C([O-])CCCOc1ccc(Cl)cc1Cl.[Na+],0.0,0.0,0.0,0.0,0.0,1.0,0.0,0.0,0.0,0.0,0.0,
7627,Cc1cccc(S(=O)(=O)[O-])c1C.[NH4+],0.0,0.0,0.0,0.0,0.0,0.0,,0.0,0.0,0.0,0.0,0.0
7628,Cc1ncc(C[n+]2csc(CCO)c2C)c(N)n1.O=[N+]([O-])[O-],0.0,0.0,0.0,0.0,0.0,0.0,,0.0,0.0,0.0,0.0,0.0
7629,Nc1nc2ccc([N+](=O)[O-])cc2s1,0.0,0.0,,0.0,0.0,1.0,1.0,0.0,0.0,0.0,0.0,0.0
7631,CC(=O)[O-].CC(=O)[O-].CC(=O)[O-].[Sb+3],0.0,0.0,0.0,0.0,0.0,0.0,,0.0,0.0,0.0,0.0,0.0
7632,BrC(Br)C(Br)Br,0.0,0.0,0.0,0.0,0.0,,0.0,0.0,0.0,0.0,0.0,0.0
7633,BrCCCCCCBr,0.0,0.0,,0.0,0.0,0.0,0.0,0.0,0.0,0.0,0.0,0.0
7634,c1ccc(OCCOc2ccccc2)cc1,0.0,0.0,0.0,0.0,0.0,1.0,1.0,1.0,0.0,0.0,0.0,0.0
7635,C=CC(C)(O)CC/C=C(/C)CCC=C(C)C,0.0,0.0,,,0.0,0.0,0.0,0.0,0.0,0.0,0.0,0.0
7636,C=C/C(C)=C/C/C=C(\C)CCC=C(C)C,1.0,0.0,1.0,0.0,0.0,0.0,0.0,0.0,,0.0,0.0,0.0
7637,Cc1ccccc1CO[C@H]1C[C@]2(C(C)C)CC[C@@]1(C)O2,0.0,0.0,0.0,,0.0,,0.0,0.0,0.0,0.0,0.0,0.0
7638,CCn1cc[n+](C)c1C.O=S(=O)([N-]S(=O)(=O)C(F)(F)F)C(F)(F)F,0.0,0.0,0.0,0.0,0.0,0.0,,0.0,0.0,0.0,0.0,0.0
7639,C#CCOC(=O)/C=C(C)/C=C/CC(C)CCCC(C)C,0.0,0.0,0.0,0.0,0.0,0.0,0.0,,0.0,0.0,0.0,0.0
7640,C/C=C/C=C/CO,0.0,0.0,,0.0,0.0,0.0,0.0,0.0,0.0,0.0,0.0,0.0
7641,C=C(Cl)CSC(=S)N(CC)CC,,0.0,1.0,,0.0,0.0,0.0,0.0,0.0,0.0,0.0,0.0
7642,C=CCCCCCC,,0.0,0.0,0.0,0.0,0.0,0.0,0.0,0.0,0.0,0.0,0.0
7643,c1cc(-c2ccncc2)ccn1,0.0,0.0,0.0,0.0,0.0,0.0,0.0,0.0,0.0,0.0,0.0,0.0
7646,c1ccc2c(c1)ccc1c3ccccc3ccc21,0.0,0.0,1.0,,0.0,1.0,0.0,0.0,0.0,0.0,,0.0
7647,c1ccc2c(c1)Oc1ccccc1S2,0.0,0.0,0.0,0.0,0.0,0.0,1.0,1.0,0.0,0.0,0.0,0.0
7648,c1ccc(C2CO2)cc1,0.0,0.0,0.0,0.0,0.0,0.0,0.0,0.0,0.0,0.0,0.0,0.0
7650,c1ccoc1,0.0,0.0,0.0,0.0,0.0,0.0,0.0,,0.0,0.0,0.0,0.0
7651,C=C(C)C(=O)OCC(C)O,0.0,0.0,0.0,0.0,0.0,0.0,0.0,0.0,0.0,0.0,0.0,0.0
7652,CC(=O)C1=C(C)[C@@H]2C[C@@]3(C1)[C@H](C)CC[C@H]3C2(C)C,0.0,0.0,0.0,0.0,0.0,0.0,0.0,0.0,0.0,0.0,0.0,0.0
7653,CC(=O)C1(C)CC2=C(CCCC2(C)C)CC1C,0.0,0.0,0.0,0.0,0.0,0.0,1.0,0.0,0.0,0.0,0.0,0.0
7654,CC(=O)OC(C)C,0.0,0.0,0.0,,0.0,0.0,0.0,,0.0,0.0,0.0,0.0
7660,CC(C)(C)c1ccc(-c2ccc(C(C)(C)C)cc2)cc1,0.0,0.0,0.0,0.0,0.0,0.0,,0.0,0.0,0.0,0.0,0.0
7661,CCCN(CC)CC1COC2(CCC(C(C)(C)C)CC2)O1,0.0,0.0,0.0,0.0,0.0,0.0,,0.0,0.0,0.0,0.0,0.0
7662,Cc1cccc(C(C)(C)C)c1O,0.0,0.0,0.0,,0.0,,0.0,0.0,0.0,0.0,0.0,0.0
7663,CC(C)C(C)(N)C#N,0.0,0.0,0.0,0.0,0.0,0.0,,0.0,0.0,0.0,0.0,0.0
7667,CC(C)c1ccccc1C(C)C,0.0,0.0,0.0,0.0,0.0,0.0,,0.0,0.0,0.0,0.0,0.0
7668,CC(C)COP(=O)(OCC(C)C)OCC(C)C,0.0,0.0,0.0,,0.0,0.0,,0.0,0.0,0.0,0.0,0.0
7670,CC(C)OC=O,1.0,0.0,0.0,0.0,0.0,0.0,0.0,0.0,0.0,0.0,0.0,0.0
7671,Cc1ccccc1C(=O)Nc1cccc(OC(C)C)c1,0.0,0.0,,0.0,0.0,1.0,1.0,0.0,0.0,0.0,0.0,0.0
7672,CCC(C)SSC(C)CC,0.0,0.0,0.0,0.0,0.0,0.0,,0.0,0.0,0.0,0.0,0.0
7673,CC[C@H]1C[C@H]2[C@@H]3CCC4=CC(=O)CC[C@@H]4[C@H]3CC[C@]2(C)[C@H]1O,0.0,1.0,,0.0,0.0,0.0,0.0,1.0,0.0,0.0,0.0,1.0
7674,CC(=O)CCC1=C(C)CCCC1(C)C,0.0,0.0,0.0,0.0,,0.0,0.0,0.0,0.0,0.0,0.0,0.0
7675,CC=C1CC2C=CC1C2,0.0,0.0,0.0,0.0,0.0,0.0,0.0,0.0,0.0,0.0,0.0,0.0
7676,C=CCCC(=O)/C=C/C1C(C)=CCCC1(C)C,0.0,0.0,0.0,0.0,0.0,,1.0,0.0,0.0,0.0,0.0,0.0
7677,CC(=O)c1cc(C)oc1C,0.0,0.0,,0.0,0.0,0.0,0.0,0.0,0.0,0.0,0.0,0.0
7678,Cc1cc(-c2cc(C)c(N)c(C)c2)cc(C)c1N,0.0,0.0,0.0,0.0,0.0,1.0,,0.0,0.0,0.0,0.0,0.0
7680,Cc1cccc([N+](=O)[O-])c1,0.0,0.0,0.0,0.0,0.0,0.0,0.0,0.0,0.0,0.0,0.0,0.0
7682,Cc1ccc(O)cc1C,0.0,0.0,0.0,0.0,0.0,0.0,0.0,0.0,0.0,0.0,0.0,0.0
7684,Cc1ccc([N+](=O)[O-])cc1N,0.0,0.0,0.0,0.0,0.0,1.0,0.0,0.0,0.0,0.0,0.0,0.0
7685,Cc1ccc(N)cc1,0.0,0.0,0.0,0.0,0.0,,0.0,0.0,0.0,0.0,0.0,0.0
7687,Cc1ccc(S)cc1,,0.0,0.0,0.0,0.0,0.0,0.0,0.0,0.0,0.0,0.0,0.0
7688,Cc1ccccc1,0.0,0.0,0.0,0.0,0.0,0.0,0.0,,0.0,0.0,0.0,0.0
7691,Cc1nc2ccccc2c(=O)o1,0.0,0.0,0.0,,0.0,,0.0,0.0,0.0,0.0,0.0,0.0
7693,CCCCCCCC=O,0.0,0.0,0.0,0.0,0.0,0.0,0.0,0.0,0.0,0.0,0.0,0.0
7694,CCCCCCCCCC#N,,0.0,0.0,0.0,0.0,0.0,0.0,0.0,0.0,0.0,0.0,0.0
7695,CCCCCCCCCCC,0.0,0.0,0.0,,0.0,,0.0,0.0,0.0,0.0,0.0,0.0
7696,CCCCCCCCCCCCCCCO,0.0,0.0,0.0,0.0,0.0,0.0,0.0,0.0,0.0,0.0,0.0,0.0
7697,CCCCCCCCCCCCCO,0.0,0.0,0.0,0.0,0.0,0.0,0.0,0.0,0.0,0.0,0.0,0.0
7698,C=CCSSCCC,0.0,0.0,,0.0,0.0,0.0,0.0,0.0,0.0,0.0,0.0,0.0
7699,CCN(C(=O)N(CC)c1ccccc1)c1ccccc1,0.0,0.0,,,0.0,0.0,1.0,0.0,0.0,0.0,0.0,0.0
7700,CCSC(=O)N(CC)C1CCCCC1,0.0,0.0,0.0,0.0,0.0,0.0,0.0,,0.0,0.0,0.0,0.0
7701,CCN(Cc1ccccc1)c1ccccc1,0.0,0.0,0.0,0.0,0.0,0.0,,0.0,0.0,0.0,0.0,0.0
7703,CCCCC[Si](OCC)(OCC)OCC,0.0,0.0,0.0,0.0,0.0,0.0,,0.0,0.0,0.0,0.0,0.0
7704,CCO[Si](CCCN)(OCC)OCC,0.0,0.0,0.0,0.0,0.0,0.0,0.0,0.0,0.0,0.0,0.0,0.0
7705,CCO[Si](OCC)(OCC)OCC,0.0,0.0,0.0,0.0,0.0,0.0,,0.0,0.0,0.0,0.0,0.0
7706,CCC(=O)N(c1ccccc1)C1CCN(Cc2ccccc2)CC1.Cl,0.0,0.0,0.0,0.0,0.0,0.0,0.0,0.0,,0.0,0.0,0.0
7709,Cl.NO,0.0,0.0,0.0,0.0,0.0,0.0,,0.0,0.0,0.0,0.0,0.0
7711,Cl.NCC(O)c1ccc(O)cc1,0.0,0.0,0.0,0.0,0.0,0.0,0.0,,0.0,0.0,0.0,0.0
7714,CC(=O)OC(c1ccccc1)C(Cl)(Cl)Cl,0.0,0.0,0.0,0.0,0.0,0.0,1.0,,0.0,0.0,0.0,0.0
7715,O=C(Cl)C(Cl)Cl,0.0,0.0,0.0,0.0,0.0,0.0,,0.0,0.0,0.0,0.0,0.0
7716,Cc1cc(Cl)ccc1N=CN(C)C,0.0,0.0,0.0,0.0,0.0,0.0,,0.0,0.0,0.0,0.0,0.0
7717,O=C(O)COc1ccc(Cl)cc1Cl,0.0,0.0,0.0,0.0,0.0,0.0,0.0,0.0,0.0,0.0,0.0,0.0
7720,O=[N+]([O-])c1ccc(Cl)c(Cl)c1Cl,0.0,0.0,1.0,,,0.0,0.0,0.0,0.0,0.0,0.0,0.0
7721,CCCCC(C#N)(Cn1cncn1)c1ccc(Cl)cc1,0.0,0.0,0.0,1.0,0.0,0.0,0.0,0.0,0.0,0.0,0.0,0.0
7723,O=[N+]([O-])c1ccc(Oc2ccc(Cl)cc2Cl)cc1,0.0,0.0,0.0,0.0,0.0,0.0,1.0,0.0,0.0,0.0,0.0,0.0
7724,CCOc1nc(F)cc2nc(S(=O)(=O)Nc3c(Cl)cccc3Cl)nn12,0.0,0.0,0.0,,0.0,,0.0,0.0,1.0,0.0,0.0,0.0
7729,COC(=O)NCCC[Si](OC)(OC)OC,,0.0,1.0,0.0,0.0,0.0,0.0,0.0,0.0,0.0,0.0,0.0
7730,CO[Si](CCCNCCN)(OC)OC,0.0,0.0,0.0,0.0,0.0,0.0,0.0,0.0,0.0,0.0,0.0,0.0
7731,C=C(C)C(=O)OCCC[Si](OC)(OC)OC,0.0,0.0,0.0,0.0,0.0,0.0,0.0,0.0,0.0,0.0,0.0,0.0
7732,COc1c(Br)cc(Br)c(C)c1Br,0.0,0.0,0.0,0.0,0.0,0.0,,0.0,0.0,0.0,0.0,0.0
7733,C/C=C/c1ccc(OC)cc1,0.0,0.0,0.0,0.0,0.0,0.0,0.0,0.0,0.0,0.0,0.0,0.0
7736,CCNP(=S)(OC)O/C(C)=C/C(=O)OC(C)C,0.0,0.0,0.0,0.0,0.0,1.0,,0.0,0.0,0.0,0.0,0.0
7737,CSc1nc(NC(C)C)nc(NC(C)C)n1,0.0,0.0,0.0,0.0,0.0,0.0,0.0,0.0,0.0,0.0,0.0,0.0
7739,CCCCCC[n+]1ccccc1.F[P-](F)(F)(F)(F)F,0.0,0.0,1.0,0.0,0.0,0.0,0.0,,0.0,0.0,0.0,0.0
7740,O=C(O)C(F)(F)C(F)(F)C(F)(F)C(F)(F)C(F)(F)C(F)(F)F,0.0,0.0,1.0,0.0,0.0,0.0,,0.0,0.0,0.0,0.0,0.0
7743,CCC(=O)N(c1ccc(F)cc1)C1CCN(CCc2ccccc2)CC1,0.0,0.0,0.0,0.0,0.0,0.0,0.0,0.0,,0.0,0.0,0.0
7745,N#Cc1ccc(N(CC(N)=O)CC(F)(F)F)cc1C(F)(F)F,0.0,1.0,0.0,,0.0,0.0,,0.0,1.0,0.0,0.0,1.0
7746,Nc1c(Br)cc([N+](=O)[O-])cc1[N+](=O)[O-],0.0,0.0,1.0,0.0,0.0,1.0,1.0,,0.0,0.0,0.0,0.0
7748,Nc1ccc([N+](=O)[O-])cc1O,0.0,0.0,1.0,0.0,0.0,1.0,1.0,0.0,,0.0,0.0,0.0
7750,CCCCc1ccc(N)cc1,0.0,0.0,0.0,,0.0,0.0,0.0,,0.0,0.0,0.0,0.0
7751,Nc1cccc(N)c1,0.0,0.0,0.0,,0.0,1.0,1.0,0.0,0.0,0.0,0.0,0.0
7752,Nc1cccc(N)n1,0.0,0.0,0.0,0.0,0.0,1.0,1.0,0.0,0.0,0.0,0.0,0.0
7753,Nc1nc(N)nc(-c2ccccc2)n1,0.0,0.0,0.0,,0.0,1.0,0.0,1.0,0.0,0.0,0.0,0.0
7754,NCc1cccc(CN)c1,0.0,0.0,0.0,0.0,0.0,0.0,0.0,0.0,0.0,0.0,0.0,0.0
7755,O.O.O.O.O=S(=O)([O-])[O-].[Be+2],0.0,0.0,0.0,0.0,0.0,0.0,,0.0,0.0,0.0,0.0,0.0
7758,O=[N+]([O-])C(CO)(CO)CO,0.0,0.0,1.0,0.0,0.0,0.0,0.0,0.0,0.0,0.0,0.0,0.0
7759,Nc1ccc(O)c([N+](=O)[O-])c1,0.0,0.0,1.0,0.0,0.0,,1.0,0.0,0.0,0.0,0.0,0.0
7760,O=Cc1ccc([N+](=O)[O-])cc1,0.0,0.0,0.0,,0.0,,0.0,1.0,0.0,0.0,0.0,0.0
7761,O=[N+]([O-])c1ccc(CCl)cc1,0.0,0.0,,0.0,0.0,0.0,0.0,0.0,0.0,0.0,0.0,0.0
7762,Cc1cccc([N+](=O)[O-])c1[N+](=O)[O-],0.0,0.0,1.0,0.0,0.0,0.0,,0.0,0.0,0.0,0.0,0.0
7763,CCOC(=O)/C=C\C(=O)OCC,0.0,0.0,1.0,0.0,0.0,0.0,0.0,0.0,0.0,0.0,0.0,0.0
7764,CC(=O)Oc1ccc(C(C)=O)cc1,0.0,0.0,0.0,0.0,0.0,0.0,,0.0,0.0,0.0,0.0,0.0
7765,O=C(C=Cc1ccccc1)OCC=Cc1ccccc1,0.0,0.0,,,0.0,0.0,0.0,1.0,0.0,0.0,0.0,0.0
7766,O=CC(=O)c1ccccc1,,0.0,0.0,0.0,0.0,0.0,0.0,0.0,0.0,0.0,0.0,0.0
7767,CCCCCCC(=O)c1ccccc1,0.0,0.0,0.0,,0.0,0.0,0.0,,0.0,0.0,0.0,0.0
7768,CCCCCCC(O)CCCCCCCCCCC(=O)OC,0.0,0.0,0.0,0.0,0.0,,0.0,0.0,0.0,0.0,0.0,0.0
7769,CC(=O)CC(=O)Nc1ccccc1,0.0,1.0,0.0,0.0,0.0,0.0,0.0,1.0,0.0,0.0,0.0,1.0
7771,CC(=O)CC(=O)Nc1ccccc1C,0.0,0.0,0.0,0.0,0.0,0.0,0.0,0.0,0.0,0.0,0.0,0.0
7772,O=C(Nc1ccccc1-c1ccc(Cl)cc1)c1cccnc1Cl,0.0,0.0,0.0,0.0,0.0,0.0,,0.0,0.0,0.0,0.0,0.0
7773,O=C(O)CNC(=O)c1ccc(CO)o1,0.0,0.0,,,0.0,0.0,0.0,0.0,0.0,0.0,0.0,0.0
7774,NNC(=O)c1cccc(C(=O)NN)c1,0.0,0.0,0.0,0.0,0.0,1.0,,0.0,0.0,0.0,0.0,0.0
7775,O=C(O)/C=C/C(=O)O.O=C(O)/C=C/C(=O)O.c1ccc(CN2CCNCC2)cc1,,0.0,0.0,0.0,0.0,0.0,0.0,0.0,0.0,0.0,0.0,0.0
7777,CC[C@H](C)[C@@H](C(=O)O)n1sc2ccccc2c1=O,0.0,0.0,1.0,0.0,0.0,0.0,,0.0,0.0,0.0,0.0,0.0
7779,Cc1cc(NC(=O)C(=O)O)cc(C)c1Oc1ccc(O)c2c1CCC2,0.0,0.0,0.0,,0.0,,0.0,1.0,0.0,0.0,0.0,0.0
7781,CC1=NN(c2ccc(C(=O)O)cc2)C(=O)C1,0.0,0.0,0.0,,0.0,1.0,0.0,0.0,0.0,0.0,0.0,
7786,Cc1c(-c2cccnc2)c2ccccc2n1CCCCC(=O)O,0.0,0.0,0.0,,0.0,1.0,,0.0,0.0,0.0,0.0,0.0
7788,COC(=O)CS,0.0,0.0,0.0,0.0,0.0,0.0,0.0,0.0,0.0,,0.0,0.0
7789,CNC(=O)Oc1c(C(C)(C)C)cc(C)cc1C(C)(C)C,0.0,0.0,0.0,,0.0,0.0,,0.0,0.0,0.0,0.0,0.0
7790,CCOC(=O)C(C)Oc1ccc(Oc2cnc3cc(Cl)ccc3n2)cc1,0.0,0.0,0.0,,0.0,1.0,1.0,0.0,0.0,0.0,0.0,0.0
7792,O=C(Cc1ccccc1)OCc1ccccc1,0.0,0.0,0.0,0.0,0.0,0.0,,0.0,0.0,0.0,0.0,0.0
7793,CCCCOC(=O)[C@@H](C)Oc1ccc(Oc2ccc(C(F)(F)F)cn2)cc1,0.0,0.0,,1.0,0.0,0.0,0.0,1.0,0.0,0.0,0.0,0.0
7794,CCCCOC(=O)C(C)CC,,0.0,0.0,0.0,0.0,0.0,0.0,0.0,0.0,0.0,0.0,0.0
7795,CCCCCOC(=O)COc1cc(N2C(=O)C3=C(CCCC3)C2=O)c(F)cc1Cl,0.0,0.0,0.0,,0.0,0.0,,0.0,0.0,0.0,0.0,0.0
7796,O=C(CS)OCCOC(=O)CS,0.0,0.0,0.0,,0.0,,0.0,0.0,0.0,1.0,1.0,0.0
7797,COCCOC(=O)c1ccccc1C(=O)OCCOC,0.0,0.0,0.0,0.0,0.0,0.0,0.0,0.0,0.0,0.0,0.0,0.0
7798,CSC(=O)c1cccc2nnsc12,0.0,0.0,0.0,0.0,0.0,0.0,0.0,0.0,0.0,0.0,0.0,0.0
7800,O=C1CC2CC1C1CCCC21,0.0,1.0,0.0,0.0,0.0,0.0,0.0,,0.0,0.0,0.0,0.0
7801,O=C1CCCC=CCCCCCCCCCC1,,0.0,0.0,,0.0,0.0,1.0,0.0,1.0,0.0,0.0,0.0
7803,O=C1OC(=O)c2c(Cl)c(Cl)c(Cl)c(Cl)c21,0.0,0.0,0.0,0.0,0.0,0.0,0.0,0.0,0.0,0.0,0.0,0.0
7807,Cc1ccc(OP(=O)(Oc2ccccc2)Oc2ccccc2)cc1,0.0,0.0,,0.0,0.0,1.0,1.0,1.0,0.0,0.0,0.0,0.0
7809,O=C(O)c1snc(Cl)c1Cl,0.0,0.0,,0.0,0.0,1.0,0.0,0.0,0.0,0.0,0.0,0.0
7810,CCCCCCCCCCO[C@@H]1O[C@H](CO)[C@@H](O)[C@H](O)[C@H]1O,0.0,0.0,,0.0,0.0,0.0,0.0,0.0,0.0,0.0,0.0,0.0
7812,O=C(O)c1cc(Cl)cc(Cl)c1O,0.0,0.0,0.0,0.0,0.0,0.0,,0.0,0.0,0.0,0.0,0.0
7814,COc1cc(C)ccc1O,0.0,0.0,0.0,0.0,,0.0,0.0,0.0,0.0,0.0,0.0,0.0
7815,Oc1ccc2ccccc2c1,0.0,0.0,1.0,0.0,1.0,1.0,1.0,1.0,0.0,0.0,0.0,0.0
7816,CCCc1ccccc1O,0.0,0.0,,,0.0,0.0,1.0,0.0,0.0,0.0,0.0,0.0
7817,Cc1c(C(=O)c2cnn(C)c2O)ccc(S(C)(=O)=O)c1C1=NOCC1,0.0,0.0,0.0,0.0,0.0,,0.0,0.0,0.0,0.0,0.0,0.0
7818,O=[N+]([O-])c1ccc(-c2nnc(O)o2)o1,0.0,0.0,1.0,0.0,0.0,0.0,,0.0,0.0,0.0,0.0,0.0
7824,CCCCCCCCCCCCCC(=O)OCC(O)CO,0.0,0.0,0.0,,0.0,0.0,,0.0,0.0,0.0,0.0,0.0
7825,OCC1CC=CCC1,0.0,0.0,0.0,,0.0,,0.0,0.0,0.0,0.0,0.0,0.0
7826,OCCC1CCCCN1,0.0,0.0,0.0,0.0,0.0,0.0,,0.0,0.0,0.0,0.0,0.0
7827,Cc1ccc(N(CCO)CCO)cc1,0.0,0.0,0.0,0.0,0.0,,0.0,0.0,0.0,0.0,0.0,0.0
7829,OCCN1CCOCC1,0.0,0.0,0.0,0.0,0.0,0.0,,0.0,0.0,0.0,0.0,0.0
7830,COCCOCCOCCO,0.0,0.0,0.0,0.0,0.0,0.0,0.0,0.0,0.0,0.0,0.0,0.0
7832,SCc1ccccc1,0.0,0.0,0.0,,0.0,0.0,,1.0,0.0,0.0,0.0,0.0
7833,SCCCCCCCCS,0.0,0.0,,0.0,0.0,0.0,0.0,0.0,0.0,0.0,0.0,0.0
7835,CC[N+](CC)(CC)CC.[Br-],0.0,0.0,0.0,0.0,0.0,0.0,,0.0,0.0,0.0,0.0,0.0
7836,CCCCn1cc[n+](C)c1C.[Br-],0.0,0.0,,0.0,0.0,0.0,0.0,0.0,0.0,0.0,0.0,0.0
7837,C=C(C)C(=O)OCC[N+](C)(C)C.[Cl-],0.0,0.0,,0.0,0.0,0.0,0.0,0.0,0.0,0.0,0.0,0.0
7838,CC[N+](C)(CC)CC.[Cl-],0.0,0.0,0.0,0.0,0.0,0.0,,0.0,0.0,0.0,0.0,0.0
7840,CCCCn1cc[n+](C)c1.[Cl-],0.0,0.0,0.0,0.0,0.0,0.0,0.0,0.0,0.0,0.0,0.0,0.0
7842,CC[n+]1ccccc1.[I-],0.0,1.0,0.0,0.0,0.0,0.0,0.0,,0.0,0.0,0.0,1.0
7843,CCCC[n+]1ccc(C)cc1.[I-],0.0,0.0,1.0,0.0,0.0,0.0,,0.0,0.0,0.0,0.0,0.0
7844,O=C([O-])CNc1ccccc1.[K+],0.0,0.0,0.0,0.0,0.0,,0.0,0.0,0.0,0.0,0.0,0.0
7845,CC1(C)S[C@@H]2[C@H](NC(=O)COc3ccccc3)C(=O)N2[C@H]1C(=O)[O-].[K+],0.0,0.0,0.0,0.0,0.0,0.0,0.0,0.0,0.0,0.0,0.0,0.0
7846,CC(=O)[O-].CC(=O)[O-].[Mg+2],0.0,0.0,0.0,0.0,,0.0,0.0,1.0,0.0,0.0,0.0,0.0
7847,[N-]=[N+]=[N-].[Na+],0.0,0.0,0.0,0.0,0.0,0.0,0.0,0.0,0.0,0.0,0.0,0.0
7848,O=C([O-])c1[nH]n(-c2ccc(S(=O)(=O)[O-])cc2)c(=O)c1/N=N/c1ccc(S(=O)(=O)[O-])cc1.[Na+].[Na+].[Na+],0.0,0.0,0.0,0.0,0.0,0.0,0.0,0.0,0.0,0.0,0.0,0.0
7851,O=[Se]([O-])[O-].[Na+].[Na+],0.0,0.0,0.0,0.0,0.0,0.0,0.0,0.0,0.0,0.0,,0.0
7852,S=C([S-])NCCNC(=S)[S-].[Na+].[Na+],0.0,0.0,1.0,0.0,0.0,0.0,,0.0,0.0,0.0,0.0,0.0
7855,[Na+].[O-]c1ccccc1,0.0,0.0,0.0,0.0,0.0,0.0,0.0,0.0,0.0,0.0,0.0,0.0
7856,CCCCCCCCCCOS(=O)(=O)[O-].[Na+],0.0,0.0,,0.0,0.0,0.0,0.0,0.0,0.0,0.0,0.0,0.0
7857,CCCCCCCCCCCCCCCCOS(=O)(=O)[O-].[Na+],0.0,0.0,0.0,0.0,0.0,0.0,,0.0,0.0,0.0,0.0,0.0
7858,CC1=CC(=O)/C(=C(/C)[O-])C(=O)O1.[Na+],0.0,0.0,0.0,0.0,0.0,0.0,0.0,,0.0,0.0,0.0,0.0
7859,Cc1ccc(S(=O)(=O)[O-])cc1C.[Na+],0.0,0.0,0.0,0.0,0.0,0.0,0.0,0.0,0.0,0.0,0.0,0.0
7860,COC(=O)c1ccc(I)cc1S(=O)(=O)[N-]C(=O)Nc1nc(C)nc(OC)n1.[Na+],0.0,0.0,0.0,0.0,0.0,,0.0,0.0,0.0,0.0,0.0,0.0
7861,Nc1ccc2cc(S(=O)(=O)[O-])cc(O)c2c1/N=N/c1ccccc1C(F)(F)F.[Na+],0.0,0.0,0.0,0.0,0.0,,0.0,0.0,0.0,0.0,0.0,0.0
7862,O=C([O-])c1ccccc1O.[Na+],0.0,0.0,0.0,0.0,0.0,0.0,,0.0,0.0,0.0,0.0,0.0
7863,Cc1ccc(N=Nc2c(O)ccc(N=Nc3ccc(S(=O)(=O)[O-])cc3)c2O)c(C)c1.[Na+],0.0,0.0,0.0,0.0,0.0,1.0,,0.0,0.0,0.0,0.0,0.0
7864,CC(C)COC(=O)CC(C(=O)OCC(C)C)S(=O)(=O)[O-].[Na+],0.0,0.0,0.0,0.0,0.0,0.0,0.0,0.0,,0.0,0.0,0.0
7865,O=S(=O)([O-])[O-].[NH3+]O.[NH3+]O,0.0,0.0,0.0,0.0,0.0,0.0,0.0,0.0,0.0,,0.0,0.0
7866,NS(=O)(=O)[O-].[NH4+],0.0,0.0,0.0,0.0,0.0,0.0,0.0,0.0,0.0,0.0,0.0,0.0
7868,CCCN(CCC)c1c([N+](=O)[O-])cc(C(F)(F)F)cc1[N+](=O)[O-],0.0,0.0,0.0,0.0,0.0,0.0,1.0,0.0,0.0,0.0,0.0,0.0
7869,O=[N+]([O-])c1ccc2[nH]ncc2c1,0.0,0.0,0.0,0.0,0.0,0.0,,0.0,0.0,0.0,0.0,0.0
7870,O=[N+]([O-])c1ccccc1,0.0,0.0,0.0,0.0,0.0,0.0,0.0,0.0,0.0,0.0,0.0,0.0
7871,CC[N+](=O)[O-],0.0,0.0,0.0,0.0,0.0,0.0,0.0,0.0,0.0,0.0,0.0,0.0
7873,CC(=O)[O-].CC(=O)[O-].[Zn+2],0.0,0.0,0.0,0.0,0.0,0.0,,0.0,0.0,0.0,0.0,0.0
7874,C=CCOc1c(Br)cc(Br)cc1Br,0.0,0.0,0.0,0.0,0.0,1.0,,0.0,0.0,0.0,0.0,0.0
7875,C=CCOc1c(Br)cc(C(C)(C)c2cc(Br)c(OCC=C)c(Br)c2)cc1Br,0.0,0.0,1.0,0.0,0.0,,0.0,0.0,0.0,0.0,0.0,0.0
7876,BrCC(Br)C1CCC(Br)C(Br)C1,0.0,1.0,,0.0,0.0,0.0,1.0,0.0,0.0,0.0,0.0,0.0
7877,Brc1nc2ccccc2s1,0.0,0.0,1.0,0.0,0.0,1.0,0.0,0.0,0.0,0.0,0.0,0.0
7878,Brc1cc(Br)c(Oc2cc(Br)c(Br)cc2Br)cc1Br,0.0,0.0,0.0,0.0,0.0,0.0,,0.0,0.0,0.0,0.0,0.0
7879,CCCCCCCCCCCCCCCCCBr,0.0,0.0,0.0,0.0,0.0,0.0,,0.0,0.0,0.0,0.0,0.0
7880,ClCBr,0.0,0.0,0.0,0.0,0.0,0.0,0.0,,0.0,0.0,0.0,0.0
7881,C#CC(C)(C)O,0.0,0.0,0.0,0.0,0.0,0.0,,0.0,0.0,0.0,0.0,0.0
7882,C(=C\c1ccccc1)\c1ccccc1,0.0,0.0,,,0.0,0.0,0.0,0.0,0.0,0.0,0.0,0.0
7883,c1ccc(CNCc2ccccc2)cc1,0.0,0.0,0.0,,0.0,0.0,,0.0,0.0,0.0,0.0,0.0
7884,CC(=O)CCC=C(C)CC/C=C(\C)CC/C=C(\C)CCC=C(C)C,0.0,0.0,,0.0,0.0,0.0,0.0,0.0,0.0,0.0,0.0,0.0
7885,CC(=O)CCC=C(C)CCC=C(C)C,0.0,0.0,0.0,0.0,0.0,0.0,0.0,0.0,0.0,0.0,0.0,0.0
7886,CC(C)=CCOC(=O)c1ccccc1,0.0,0.0,0.0,0.0,0.0,0.0,,0.0,0.0,0.0,0.0,0.0
7888,CCCCCCCCCC[N+](C)(C)[O-],0.0,0.0,0.0,0.0,0.0,0.0,,0.0,0.0,0.0,0.0,0.0
7889,CCn1cc[n+](C)c1.O=S(=O)([N-]S(=O)(=O)C(F)(F)F)C(F)(F)F,0.0,0.0,0.0,0.0,0.0,0.0,,0.0,0.0,0.0,0.0,0.0
7890,C[Si](C)(C)O[Si](O)(O)O,0.0,0.0,0.0,,0.0,0.0,,0.0,0.0,0.0,0.0,0.0
7891,C[Si](C)(CCCN)O[Si](C)(C)CCCN,0.0,0.0,0.0,0.0,0.0,,0.0,0.0,0.0,0.0,0.0,0.0
7893,CCC(=O)OCCC(C)CCC=C(C)C,0.0,0.0,0.0,0.0,1.0,0.0,0.0,,0.0,0.0,0.0,0.0
7894,C=C(C)C(=O)OC(C)C,0.0,0.0,0.0,0.0,0.0,0.0,,0.0,0.0,0.0,0.0,0.0
7895,C=C(C)C(=O)OCCCCCCCCCC,,0.0,0.0,0.0,0.0,0.0,0.0,0.0,0.0,0.0,0.0,0.0
7896,C=C(C)OC(C)=O,0.0,0.0,0.0,0.0,0.0,0.0,0.0,0.0,0.0,0.0,0.0,0.0
7897,C=CC1CC=CCC1,0.0,0.0,0.0,0.0,0.0,0.0,,0.0,0.0,0.0,0.0,0.0
7898,C=CCO,0.0,0.0,0.0,0.0,0.0,0.0,0.0,0.0,0.0,0.0,0.0,0.0
7899,C1CCC(C2CCCCC2)CC1,0.0,0.0,0.0,0.0,0.0,0.0,,0.0,0.0,0.0,0.0,0.0
7900,c1ccc2c(c1)Oc1ccccc1O2,0.0,0.0,0.0,0.0,0.0,0.0,0.0,0.0,0.0,0.0,0.0,0.0
7901,c1ccc2cnccc2c1,0.0,0.0,,0.0,0.0,0.0,0.0,0.0,0.0,0.0,0.0,0.0
7902,c1ccc2[nH]nnc2c1,1.0,0.0,0.0,0.0,0.0,0.0,0.0,0.0,0.0,0.0,0.0,0.0
7904,C1CCCCCCCCCCC1,0.0,0.0,0.0,0.0,0.0,0.0,0.0,0.0,0.0,0.0,0.0,
7906,c1ccc2c(c1)ccc1ccccc12,0.0,0.0,0.0,0.0,0.0,0.0,0.0,0.0,0.0,0.0,0.0,0.0
7908,c1cc2ccc3ccc4ccc5cccc6c(c1)c2c3c4c56,0.0,0.0,1.0,0.0,0.0,,0.0,0.0,0.0,1.0,0.0,1.0
7909,C=C[Si](OC(=C)C)(OC(=C)C)OC(=C)C,0.0,0.0,0.0,,0.0,0.0,0.0,,0.0,0.0,0.0,0.0
7911,CC(=O)c1ccccc1,0.0,0.0,0.0,0.0,0.0,0.0,0.0,0.0,0.0,0.0,0.0,0.0
7912,CC(=O)CC(=O)N(C)C,0.0,0.0,0.0,0.0,0.0,0.0,0.0,0.0,0.0,0.0,0.0,0.0
7913,CCCCCCCCCCCC(C)=O,0.0,0.0,0.0,0.0,,0.0,0.0,1.0,0.0,0.0,0.0,0.0
7914,CC(=O)OC(C)(C)C1CC=C(C)CC1,0.0,0.0,0.0,0.0,0.0,0.0,0.0,1.0,0.0,0.0,0.0,0.0
7915,C=COC(C)=O,0.0,0.0,0.0,0.0,0.0,0.0,,0.0,0.0,0.0,0.0,0.0
7916,CC(=O)OC1(c2ccccc2)CCN(CCc2ccccc2)CC1,0.0,0.0,0.0,0.0,0.0,0.0,0.0,,0.0,0.0,0.0,0.0
7917,CNC(=O)O/N=C(\C)C(C)S(C)(=O)=O,0.0,0.0,0.0,0.0,0.0,0.0,,0.0,0.0,0.0,0.0,0.0
7918,CNC(=O)O/N=C/C(C)(C)S(C)=O,0.0,0.0,0.0,0.0,0.0,0.0,0.0,0.0,0.0,0.0,0.0,0.0
7919,CC(C)N(Cc1ccccc1)C(=O)C(C)(C)C,0.0,0.0,0.0,0.0,0.0,0.0,,1.0,0.0,0.0,0.0,0.0
7920,C=Cc1ccc(C(C)(C)C)cc1,0.0,0.0,0.0,0.0,0.0,0.0,,0.0,0.0,0.0,0.0,0.0
7921,CC(C)(C)C1CCC(O)CC1,0.0,0.0,0.0,0.0,0.0,0.0,0.0,0.0,0.0,0.0,0.0,0.0
7923,CC(C)(C)NSc1nc2ccccc2s1,1.0,0.0,1.0,1.0,0.0,1.0,1.0,0.0,,0.0,0.0,0.0
7924,CC(C)(C)OOC(C)(C)C,0.0,0.0,0.0,0.0,0.0,0.0,0.0,0.0,0.0,0.0,0.0,0.0
7925,CC(C)(C)OOC(C)(C)CCC(C)(C)OOC(C)(C)C,0.0,0.0,,0.0,0.0,0.0,0.0,0.0,0.0,0.0,0.0,0.0
7927,CCC(C)(C)O,0.0,0.0,0.0,0.0,0.0,0.0,,0.0,0.0,0.0,0.0,0.0
7928,CCC(C)CCCC(C)(C)O,0.0,0.0,0.0,0.0,0.0,0.0,,1.0,0.0,0.0,0.0,0.0
7929,CC(C)C(=O)O,0.0,0.0,0.0,0.0,0.0,0.0,0.0,,0.0,0.0,0.0,0.0
7930,CC1=CCC(O)(C(C)C)CC1,0.0,0.0,0.0,0.0,0.0,0.0,0.0,,0.0,0.0,0.0,0.0
7931,CC1=CC=C(C(C)C)CC1,0.0,0.0,0.0,0.0,0.0,0.0,,0.0,0.0,0.0,0.0,0.0
7932,CC(C)CC(C)O,0.0,0.0,0.0,0.0,0.0,0.0,0.0,0.0,0.0,0.0,0.0,0.0
7933,CC(=O)CCC(C)C,0.0,0.0,0.0,0.0,0.0,0.0,0.0,0.0,0.0,0.0,0.0,0.0
7934,CC(C)CCCCCCOC(=O)C1CCCCC1C(=O)OCCCCCCC(C)C,0.0,0.0,0.0,0.0,0.0,0.0,,0.0,0.0,0.0,0.0,0.0
7935,CC(C)CCOC(=O)C=Cc1ccccc1,0.0,0.0,,0.0,0.0,0.0,0.0,1.0,0.0,0.0,0.0,0.0
7936,C=CCOC(=O)COCCC(C)C,0.0,0.0,,0.0,0.0,0.0,0.0,0.0,0.0,0.0,0.0,0.0
7937,CC(C)O[Ti](OCCN(CCO)CCO)(OCCN(CCO)CCO)OC(C)C,0.0,0.0,,0.0,0.0,0.0,0.0,0.0,0.0,0.0,0.0,0.0
7938,CCCCC(CC)C(=O)OC(C)C,0.0,0.0,0.0,0.0,0.0,0.0,,0.0,0.0,0.0,0.0,0.0
7940,CC(C)S,0.0,0.0,,0.0,0.0,0.0,0.0,0.0,0.0,0.0,0.0,0.0
7941,CCC(C)C=O,0.0,0.0,0.0,0.0,0.0,0.0,0.0,0.0,0.0,0.0,0.0,0.0
7942,CC(C#N)CCC#N,0.0,0.0,0.0,0.0,0.0,0.0,0.0,0.0,0.0,0.0,0.0,0.0
7943,COC(C)CCO,0.0,0.0,0.0,0.0,0.0,0.0,,0.0,0.0,0.0,0.0,0.0
7944,CC(Cl)C(=O)O,0.0,0.0,0.0,0.0,,0.0,0.0,0.0,0.0,0.0,0.0,0.0
7945,CCC(C)O,0.0,0.0,0.0,0.0,0.0,0.0,0.0,,0.0,0.0,0.0,0.0
7949,CC(COC(=O)c1ccccc1)OC(=O)c1ccccc1,0.0,0.0,0.0,0.0,0.0,0.0,0.0,,0.0,0.0,0.0,0.0
7950,CC1=CCC(C(C)C)C=C1,0.0,0.0,,0.0,0.0,0.0,0.0,0.0,0.0,0.0,0.0,0.0
7952,CC=CC=O,0.0,0.0,0.0,0.0,0.0,0.0,,0.0,0.0,0.0,0.0,0.0
7953,CC=Cc1ccc2c(c1)OCO2,0.0,0.0,0.0,0.0,0.0,0.0,0.0,0.0,0.0,0.0,0.0,0.0
7955,CC1=CC(C)C(C=O)CC1,0.0,0.0,0.0,0.0,0.0,0.0,0.0,,0.0,0.0,0.0,0.0
7956,Cc1cc(C)c(C)c(C)c1,0.0,0.0,0.0,,0.0,0.0,,0.0,0.0,0.0,0.0,0.0
7958,Cc1ccc2c(c1)OCC(=O)CO2,0.0,0.0,0.0,,0.0,0.0,0.0,,0.0,0.0,0.0,0.0
7959,Cc1ccc(C)o1,0.0,0.0,0.0,0.0,0.0,,0.0,0.0,0.0,0.0,0.0,0.0
7960,CCc1ccc(C)cc1,0.0,0.0,0.0,0.0,0.0,0.0,,0.0,0.0,0.0,0.0,0.0
7961,Cc1ccc([N+](=O)[O-])cc1,0.0,0.0,0.0,0.0,0.0,0.0,0.0,0.0,0.0,0.0,0.0,0.0
7962,Cc1ccc(C(=O)c2ccccc2)cc1,0.0,0.0,0.0,,0.0,,0.0,1.0,0.0,0.0,0.0,0.0
7967,Cc1cccc2nccnc12,0.0,0.0,0.0,,0.0,0.0,0.0,,0.0,0.0,0.0,0.0
7968,Cc1cccc2sc(N)nc12,0.0,0.0,1.0,0.0,0.0,1.0,,0.0,0.0,0.0,0.0,0.0
7969,Cc1ccccc1C=O,0.0,0.0,,0.0,0.0,0.0,0.0,0.0,0.0,0.0,0.0,0.0
7970,Cc1ccccc1N,0.0,0.0,0.0,0.0,0.0,0.0,0.0,0.0,0.0,0.0,0.0,0.0
7971,Cc1ccccn1,0.0,0.0,,0.0,0.0,0.0,0.0,0.0,0.0,0.0,0.0,0.0
7972,Cc1cccnc1,0.0,0.0,0.0,0.0,0.0,0.0,0.0,0.0,0.0,0.0,0.0,0.0
7973,Cc1ccncc1,0.0,0.0,0.0,0.0,0.0,0.0,0.0,0.0,0.0,0.0,0.0,0.0
7974,CC1COc2ccccc2N1,0.0,0.0,0.0,,0.0,1.0,,0.0,0.0,0.0,0.0,0.0
7976,CC1OC(=O)C(C)OC1=O,0.0,0.0,0.0,0.0,0.0,0.0,0.0,,0.0,0.0,0.0,0.0
7977,CC1(C)CC(OC(=O)CCCCCCCCC(=O)OC2CC(C)(C)NC(C)(C)C2)CC(C)(C)N1,0.0,0.0,0.0,0.0,0.0,0.0,,0.0,0.0,0.0,0.0,0.0
7978,CC1=CCCC(C)(C)C12CCC(C)O2,0.0,0.0,,0.0,0.0,0.0,0.0,0.0,0.0,0.0,0.0,0.0
7981,CC/C(C)=N/O[Si](C)(O/N=C(\C)CC)O/N=C(\C)CC,0.0,0.0,0.0,0.0,0.0,,0.0,0.0,0.0,0.0,0.0,0.0
7982,CCC(=O)OC(C)(C)C1CC=C(C)CC1,0.0,0.0,0.0,0.0,0.0,0.0,0.0,,0.0,0.0,0.0,0.0
7983,CCCCC(C=O)CC,0.0,0.0,0.0,0.0,0.0,0.0,0.0,0.0,0.0,0.0,0.0,0.0
7985,CCc1cccc(CC)c1N,0.0,0.0,0.0,0.0,0.0,0.0,0.0,0.0,0.0,0.0,0.0,0.0
7992,C=CCCCCCCCC,0.0,0.0,0.0,0.0,0.0,0.0,,0.0,0.0,0.0,0.0,0.0
7993,C=CCCCCCCCCCC,0.0,0.0,0.0,0.0,0.0,0.0,0.0,0.0,0.0,0.0,0.0,0.0
7994,CCCCCCCCCCCC,,0.0,0.0,0.0,0.0,0.0,0.0,0.0,0.0,0.0,0.0,0.0
7995,CCCCCCCCCCCC#N,0.0,0.0,0.0,0.0,0.0,0.0,0.0,0.0,0.0,0.0,0.0,0.0
7997,CCCCCCCCCCCCOCC1CO1,0.0,0.0,0.0,0.0,0.0,0.0,0.0,0.0,0.0,0.0,0.0,0.0
7998,CCCCCCO,0.0,0.0,0.0,0.0,0.0,0.0,0.0,,0.0,0.0,0.0,0.0
7999,CCCCN,0.0,0.0,0.0,0.0,0.0,0.0,,0.0,0.0,0.0,0.0,0.0
8000,CCCCN(CCCC)C(=O)N(CCCC)CCCC,0.0,0.0,0.0,,0.0,0.0,,1.0,0.0,0.0,0.0,0.0
8001,CCCCn1cc[n+](C)c1.Cl[Fe-](Cl)(Cl)Cl,0.0,0.0,,0.0,0.0,0.0,0.0,0.0,0.0,0.0,0.0,0.0
8002,CCCCNP(N)(N)=S,0.0,0.0,0.0,0.0,0.0,0.0,0.0,,0.0,0.0,0.0,0.0
8005,CCCCOCCOCCOC(=O)CCCCC(=O)OCCOCCOCCCC,0.0,0.0,0.0,0.0,0.0,0.0,0.0,0.0,0.0,0.0,0.0,0.0
8006,CCCCOCCOCCOCCCC,0.0,,0.0,,0.0,0.0,0.0,0.0,0.0,0.0,0.0,0.0
8008,CCCCSP(=O)(SCCCC)SCCCC,0.0,0.0,0.0,0.0,0.0,0.0,0.0,0.0,0.0,0.0,0.0,0.0
8009,CCN(CC)c1ccccc1,0.0,0.0,0.0,0.0,0.0,0.0,0.0,0.0,0.0,0.0,0.0,0.0
8010,CCN(CC)CCO,0.0,0.0,0.0,0.0,0.0,0.0,0.0,0.0,0.0,0.0,0.0,0.0
8011,CCNC(=S)NCC,0.0,0.0,0.0,0.0,0.0,0.0,0.0,1.0,0.0,0.0,0.0,0.0
8012,CCOC(=O)C1=NOC(c2ccccc2)(c2ccccc2)C1,0.0,0.0,0.0,,0.0,0.0,,0.0,0.0,0.0,0.0,0.0
8014,CCOc1ccc(C(C)(C)COCc2cccc(Oc3ccccc3)c2)cc1,0.0,0.0,,0.0,0.0,0.0,0.0,0.0,0.0,0.0,0.0,0.0
8016,CCOP(=O)(OCC)OCC,0.0,0.0,0.0,0.0,0.0,1.0,0.0,0.0,0.0,0.0,0.0,0.0
8017,CCSCCCl,0.0,0.0,,0.0,0.0,0.0,0.0,0.0,0.0,0.0,0.0,0.0
8019,CCCN(CCC)CCc1c[nH]c2ccccc12.Cl,0.0,0.0,0.0,0.0,0.0,0.0,,0.0,0.0,0.0,0.0,0.0
8020,CN(C)CCCCl.Cl,0.0,0.0,0.0,0.0,0.0,0.0,0.0,,0.0,0.0,0.0,0.0
8022,CCC(=O)OC1(c2ccccc2)CCN(C)CC1.Cl,0.0,0.0,0.0,0.0,0.0,0.0,0.0,0.0,0.0,0.0,0.0,
8023,COc1cc(CC(C)C)cc(OC)c1OC.Cl,0.0,0.0,0.0,0.0,0.0,0.0,0.0,0.0,,0.0,0.0,0.0
8025,Cl.N#Cc1ccc(C2CCCc3cncn32)cc1,0.0,0.0,0.0,1.0,0.0,0.0,,0.0,0.0,0.0,0.0,0.0
8026,Cl.Nc1ccccc1,0.0,0.0,0.0,0.0,0.0,1.0,0.0,0.0,0.0,0.0,0.0,0.0
8027,COc1ccccc1N.Cl,0.0,0.0,0.0,0.0,0.0,1.0,0.0,0.0,0.0,0.0,0.0,0.0
8029,CCC(=O)N(c1ccccc1)C1CCN(CC(O)c2ccccc2)CC1.Cl,0.0,0.0,0.0,0.0,0.0,0.0,0.0,0.0,,0.0,0.0,0.0
8031,Cl[Nd](Cl)Cl,0.0,0.0,,,0.0,0.0,0.0,0.0,0.0,0.0,0.0,0.0
8032,Cl[Pd]Cl,0.0,0.0,,0.0,0.0,0.0,0.0,0.0,0.0,0.0,0.0,0.0
8033,C=C(C)C(=O)OCCC[Si](Cl)(Cl)Cl,0.0,0.0,0.0,0.0,0.0,0.0,,0.0,0.0,0.0,0.0,0.0
8034,CCCCCCCCC(=O)Cl,0.0,0.0,,0.0,0.0,0.0,0.0,0.0,0.0,0.0,0.0,0.0
8035,N#CC(Cl)(Cl)Cl,0.0,0.0,0.0,0.0,0.0,0.0,,0.0,0.0,0.0,0.0,0.0
8036,ClC(Cl)c1ccccc1,0.0,0.0,0.0,0.0,0.0,0.0,0.0,0.0,0.0,0.0,0.0,0.0
8038,Clc1c(Cl)c(Cl)c(Cl)c(Cl)c1Cl,0.0,0.0,0.0,0.0,0.0,0.0,,0.0,0.0,0.0,0.0,0.0
8039,Clc1nc(Cl)c(Cl)c(Cl)c1Cl,0.0,0.0,1.0,0.0,0.0,0.0,0.0,0.0,0.0,0.0,1.0,0.0
8040,Nc1c(Cl)c(Cl)c(Cl)c(Cl)c1Cl,0.0,0.0,0.0,0.0,0.0,1.0,0.0,0.0,0.0,0.0,0.0,0.0
8042,Nc1cc(Cl)cc(C(=O)O)c1Cl,0.0,0.0,0.0,0.0,0.0,0.0,0.0,0.0,0.0,0.0,0.0,0.0
8043,Cc1cc(Cl)c(C)cc1Cl,0.0,0.0,0.0,0.0,0.0,0.0,,0.0,0.0,0.0,0.0,0.0
8044,Cc1cc(Cl)ccc1OC(C)C(=O)O,0.0,0.0,0.0,0.0,0.0,0.0,0.0,0.0,0.0,0.0,0.0,0.0
8046,COP(=S)(OC)Oc1c(Cl)cc(C)cc1Cl,0.0,0.0,0.0,0.0,0.0,1.0,1.0,1.0,,0.0,0.0,0.0
8047,CCOc1ccc(OCC)c(Cl)c1,0.0,0.0,0.0,0.0,0.0,0.0,,0.0,0.0,0.0,0.0,0.0
8048,Clc1cc(Cl)c(Cl)cc1Cl,0.0,0.0,0.0,0.0,0.0,0.0,0.0,1.0,0.0,0.0,0.0,0.0
8049,Nc1c(Cl)cc(Cl)cc1Cl,0.0,0.0,0.0,0.0,0.0,0.0,,0.0,0.0,0.0,0.0,0.0
8050,CCOC(=O)COc1ccc(Cl)cc1Cl,0.0,0.0,0.0,0.0,0.0,0.0,,0.0,0.0,0.0,0.0,0.0
8051,CCCCOCCOC(=O)COc1ccc(Cl)cc1Cl,0.0,0.0,0.0,0.0,0.0,0.0,0.0,,0.0,0.0,0.0,0.0
8052,CC(Oc1cc(Cl)c(Cl)cc1Cl)C(=O)O,0.0,0.0,0.0,0.0,0.0,0.0,,0.0,1.0,0.0,0.0,0.0
8053,Clc1cc2c(cc1Cl)Oc1cc(Cl)c(Cl)cc1O2,0.0,0.0,1.0,,0.0,1.0,,0.0,0.0,0.0,0.0,0.0
8054,O=C(O)C(c1ccc(Cl)cc1)c1ccc(Cl)cc1,0.0,0.0,0.0,0.0,0.0,0.0,0.0,,1.0,0.0,0.0,0.0
8056,FC(F)(F)c1ccc(Cl)c(Cl)c1,0.0,0.0,0.0,0.0,0.0,0.0,0.0,0.0,0.0,0.0,0.0,0.0
8057,Clc1ccc(Cl)c(Cl)c1Cl,0.0,0.0,0.0,0.0,0.0,0.0,0.0,0.0,0.0,0.0,0.0,0.0
8058,Clc1ccnc(Cl)n1,0.0,0.0,0.0,0.0,0.0,0.0,,0.0,0.0,0.0,0.0,0.0
8059,CCNc1nc(Cl)nc(NC(C)(C)C#N)n1,0.0,0.0,0.0,0.0,0.0,,0.0,0.0,0.0,0.0,0.0,0.0
8060,Clc1cc(Cl)c(-c2cc(Cl)c(Cl)cc2Cl)cc1Cl,0.0,0.0,0.0,0.0,0.0,0.0,,0.0,0.0,0.0,0.0,0.0
8061,O=C(O)Cc1ccccc1Oc1ccc(Cl)cc1Cl,0.0,0.0,,0.0,0.0,0.0,0.0,0.0,0.0,0.0,0.0,0.0
8064,CC(C)(C#N)Nc1nc(Cl)nc(NC2CC2)n1,0.0,0.0,0.0,0.0,0.0,,0.0,0.0,0.0,0.0,0.0,0.0
8066,CC1CC(=O)NN=C1c1ccc(NCC(C)(C)NCC(O)COc2cc(Cl)ccc2C#N)cc1,0.0,0.0,0.0,0.0,0.0,1.0,,0.0,0.0,0.0,0.0,0.0
8067,N#CCCl,0.0,0.0,0.0,0.0,,0.0,0.0,1.0,0.0,0.0,0.0,0.0
8068,ClCC=CCCl,0.0,0.0,,,0.0,0.0,0.0,0.0,0.0,0.0,0.0,0.0
8069,Fc1cccc(Cl)c1CCl,0.0,0.0,1.0,0.0,0.0,0.0,,0.0,0.0,0.0,0.0,0.0
8070,ClP(Cl)(Cl)(Cl)Cl,0.0,0.0,0.0,0.0,0.0,0.0,0.0,0.0,0.0,,0.0,0.0
8072,CC(=O)N(C)C,0.0,0.0,0.0,0.0,0.0,0.0,0.0,0.0,0.0,0.0,0.0,0.0
8073,CN(C)CCCN(C)CCCN(C)C,0.0,0.0,0.0,,0.0,0.0,0.0,,0.0,0.0,0.0,0.0
8074,CN(C)CCN(C)C,0.0,,0.0,0.0,0.0,0.0,0.0,0.0,0.0,0.0,0.0,0.0
8076,CN(C)CCOCCN(C)C,0.0,0.0,0.0,0.0,0.0,0.0,0.0,0.0,0.0,0.0,0.0,0.0
8077,CN(C)N=O,0.0,0.0,0.0,0.0,0.0,0.0,0.0,0.0,0.0,0.0,0.0,0.0
8078,Cn1c(N)c(N=O)c(=O)n(C)c1=O,0.0,0.0,,,0.0,1.0,0.0,0.0,0.0,0.0,0.0,0.0
8079,CO[C@@H]1COCC[C@@H]1[NH2+][C@@H]1CC[C@@](C(=O)N2CCc3ncc(C(F)(F)F)cc3C2)(C(C)C)C1.O=C([O-])CCC(=O)O,0.0,0.0,0.0,0.0,0.0,0.0,0.0,,0.0,0.0,0.0,0.0
8080,CO[Si](OC)(OC)OC,0.0,0.0,,0.0,0.0,0.0,0.0,0.0,0.0,0.0,0.0,0.0
8084,COC(=O)CC(C(C)=O)C(=O)OC,0.0,0.0,,0.0,0.0,0.0,0.0,0.0,0.0,0.0,0.0,0.0
8085,COC(Cc1ccccc1)OC,0.0,0.0,0.0,0.0,0.0,0.0,0.0,,0.0,0.0,0.0,0.0
8086,COc1ccc(C=O)cc1OC,0.0,0.0,0.0,0.0,0.0,0.0,0.0,1.0,0.0,0.0,0.0,0.0
8087,COC(=O)c1ccc(OC)cc1,0.0,0.0,0.0,,0.0,0.0,0.0,0.0,,0.0,0.0,0.0
8088,CCC(C)(C)C1CCC(OC)CC1,0.0,0.0,0.0,,0.0,0.0,0.0,0.0,,0.0,0.0,0.0
8089,COc1ccc(OC)c(NC(=O)CC(C)=O)c1,0.0,0.0,0.0,0.0,0.0,1.0,,0.0,0.0,0.0,0.0,0.0
8090,COc1ccc(COC(C)=O)cc1,0.0,0.0,0.0,0.0,0.0,0.0,0.0,0.0,0.0,0.0,0.0,0.0
8091,COc1cccc([C@H](O)C2CCN(CCc3ccc(F)cc3)CC2)c1OC,0.0,0.0,,0.0,0.0,0.0,0.0,0.0,0.0,0.0,0.0,0.0
8092,C=CCc1ccc(OC(=O)Cc2ccccc2)c(OC)c1,0.0,0.0,0.0,0.0,0.0,,0.0,1.0,0.0,0.0,0.0,0.0
8093,CCC(O)OCCCOC,0.0,0.0,0.0,0.0,0.0,0.0,0.0,0.0,0.0,0.0,0.0,0.0
8094,COCCl,0.0,0.0,0.0,0.0,0.0,0.0,0.0,0.0,0.0,0.0,0.0,0.0
8095,COCCOCCOCCOCCO,0.0,0.0,0.0,0.0,0.0,0.0,,0.0,0.0,0.0,0.0,0.0
8096,CCOc1cccc([C@]2(N3CCN(c4ccccc4)CC3)CC[C@@H](C)CC2)c1.CS(=O)(=O)O,0.0,0.0,0.0,0.0,0.0,,0.0,0.0,0.0,0.0,0.0,0.0
8097,O=C(O)C(F)(F)C(F)(F)C(F)(F)C(F)(F)C(F)(F)C(F)(F)C(F)(F)C(F)(F)C(F)(F)F,0.0,0.0,,,0.0,0.0,0.0,0.0,0.0,0.0,0.0,0.0
8098,FC(F)(F)c1ccc(Cl)cc1,0.0,0.0,0.0,0.0,0.0,0.0,0.0,0.0,0.0,0.0,0.0,0.0
8099,Fc1ccccc1,0.0,0.0,,0.0,0.0,0.0,0.0,0.0,0.0,0.0,0.0,0.0
8100,FC1(F)C(F)(F)C(F)(F)C2(F)C(F)(C1(F)F)C(F)(F)C(F)(F)C1(F)C(F)(F)C(F)(F)C(F)(F)C(F)(F)C12F,0.0,0.0,0.0,0.0,0.0,0.0,0.0,,0.0,0.0,0.0,0.0
8103,CC(C)(N)C#N,0.0,0.0,0.0,0.0,0.0,,0.0,0.0,0.0,0.0,0.0,0.0
8105,Cc1ccc(C#N)cc1,0.0,0.0,0.0,0.0,0.0,0.0,,0.0,0.0,0.0,0.0,0.0
8107,Cn1c(=N)[nH]c2[nH]cnc2c1=O,0.0,0.0,0.0,0.0,0.0,,0.0,0.0,0.0,0.0,0.0,0.0
8108,NC(=O)N=NC(N)=O,0.0,0.0,0.0,0.0,0.0,0.0,,0.0,0.0,0.0,0.0,0.0
8110,CCN(N=O)C(N)=O,0.0,0.0,0.0,0.0,0.0,0.0,0.0,0.0,0.0,0.0,0.0,0.0
8112,NC(=S)C(N)=S,0.0,0.0,,0.0,0.0,0.0,0.0,0.0,0.0,0.0,0.0,0.0
8113,NC(N)=O,0.0,0.0,0.0,0.0,0.0,0.0,0.0,0.0,0.0,0.0,0.0,0.0
8114,Nc1cccc(S(=O)(=O)O)c1,0.0,0.0,0.0,0.0,0.0,0.0,,0.0,0.0,0.0,0.0,0.0
8115,COc1ccc(NC(C)=O)cc1N,0.0,0.0,0.0,0.0,1.0,,0.0,1.0,0.0,0.0,0.0,0.0
8116,Nc1cc(Cl)cc(Cl)c1,0.0,0.0,0.0,0.0,0.0,0.0,0.0,0.0,0.0,0.0,0.0,0.0
8117,Nc1cccc(Cl)c1,0.0,0.0,0.0,0.0,0.0,0.0,0.0,0.0,0.0,0.0,0.0,0.0
8118,Cc1ccc(N)cc1O,0.0,0.0,1.0,0.0,0.0,1.0,,0.0,0.0,0.0,0.0,0.0
8119,Nc1ccc(Oc2ccc(N)cc2)cc1,0.0,0.0,0.0,1.0,0.0,1.0,0.0,0.0,0.0,0.0,0.0,0.0
8120,COc1ccc(N)c(C)c1,0.0,0.0,0.0,0.0,0.0,0.0,0.0,,0.0,0.0,0.0,0.0
8121,Nc1ccccc1S(=O)(=O)c1ccccc1,0.0,0.0,,0.0,0.0,0.0,0.0,0.0,0.0,0.0,0.0,0.0
8122,Nc1ccccn1,0.0,0.0,0.0,0.0,0.0,0.0,,0.0,0.0,0.0,0.0,0.0
8123,Nc1nnc(N)[nH]1,0.0,0.0,0.0,0.0,0.0,0.0,,0.0,0.0,0.0,0.0,0.0
8124,Nc1cccc2c(N)cccc12,0.0,0.0,1.0,0.0,0.0,1.0,1.0,,0.0,0.0,0.0,0.0
8125,CN1Cc2c(N)cccc2C(c2ccccc2)C1,0.0,0.0,0.0,0.0,0.0,0.0,,0.0,0.0,0.0,0.0,0.0
8126,COCCCN,0.0,0.0,0.0,0.0,0.0,0.0,0.0,0.0,0.0,0.0,0.0,0.0
8128,O=[N+]([O-])c1c(Cl)cc(Cl)cc1Cl,0.0,0.0,0.0,,0.0,,0.0,0.0,0.0,0.0,0.0,0.0
8129,Cc1ccc(N)c([N+](=O)[O-])c1,0.0,0.0,0.0,0.0,0.0,0.0,0.0,1.0,0.0,0.0,0.0,0.0
8130,Cc1ccc(N)cc1[N+](=O)[O-],0.0,0.0,0.0,0.0,0.0,,0.0,0.0,0.0,0.0,0.0,0.0
8131,Cc1ccc([N+](=O)[O-])c(N)c1,,0.0,0.0,0.0,0.0,0.0,0.0,0.0,0.0,0.0,0.0,0.0
8132,O=[N+]([O-])c1ccc(CBr)cc1,0.0,0.0,,0.0,0.0,0.0,0.0,0.0,0.0,0.0,0.0,0.0
8134,O=C(Cl)c1ccc([N+](=O)[O-])cc1,0.0,,0.0,0.0,0.0,0.0,0.0,0.0,0.0,0.0,0.0,0.0
8135,O=[N+]([O-])c1ccc(CCO)cc1,0.0,0.0,0.0,,0.0,0.0,,0.0,0.0,0.0,0.0,0.0
8136,Cc1cccc([N+](=O)[O-])c1C(=O)O,0.0,,0.0,0.0,0.0,0.0,0.0,0.0,0.0,0.0,0.0,0.0
8137,O=C(Cl)c1ccccc1[N+](=O)[O-],0.0,0.0,0.0,0.0,0.0,,0.0,0.0,0.0,0.0,0.0,0.0
8138,O=[N+]([O-])c1ccccc1O,0.0,0.0,0.0,0.0,0.0,0.0,0.0,0.0,0.0,0.0,0.0,0.0
8140,O=C(C(=O)c1ccccc1)c1ccccc1,0.0,0.0,0.0,0.0,0.0,0.0,,0.0,0.0,0.0,0.0,0.0
8141,CN(C)C(=O)C(c1ccccc1)c1ccccc1,0.0,0.0,1.0,0.0,0.0,0.0,0.0,0.0,0.0,0.0,0.0,0.0
8142,CC(=O)c1ccc(C(C)=O)cc1,0.0,0.0,0.0,0.0,0.0,0.0,0.0,,0.0,0.0,0.0,0.0
8143,CC(=O)c1ccc(O)cc1,0.0,0.0,0.0,0.0,0.0,0.0,0.0,0.0,0.0,0.0,0.0,0.0
8144,CCOC(=O)CCC(C)=O,0.0,0.0,0.0,0.0,0.0,0.0,0.0,,0.0,0.0,0.0,0.0
8145,CC(=O)O[Cr](O)OC(C)=O.CC(=O)O[Cr](O)OC(C)=O.CC(=O)O[Cr](OC(C)=O)OC(C)=O,0.0,0.0,,0.0,0.0,0.0,0.0,0.0,0.0,0.0,0.0,0.0
8146,CC(=O)O[Si](C)(OC(C)=O)OC(C)=O,0.0,,0.0,0.0,0.0,0.0,1.0,0.0,0.0,0.0,0.0,0.0
8147,C=C[Si](OC(C)=O)(OC(C)=O)OC(C)=O,1.0,0.0,,0.0,0.0,0.0,0.0,0.0,0.0,0.0,0.0,0.0
8148,CC[Si](OC(C)=O)(OC(C)=O)OC(C)=O,0.0,0.0,0.0,0.0,0.0,0.0,0.0,0.0,0.0,0.0,0.0,0.0
8149,CCC(C)(C)C1CCCCC1OC(C)=O,,0.0,1.0,0.0,0.0,0.0,0.0,0.0,0.0,0.0,0.0,0.0
8150,CCCCC(CC)COC(C)=O,0.0,0.0,0.0,0.0,0.0,0.0,0.0,1.0,0.0,0.0,0.0,0.0
8151,CC(=O)OCc1ccco1,0.0,0.0,0.0,0.0,0.0,0.0,0.0,0.0,0.0,0.0,0.0,0.0
8152,CCCCOC(=O)CC#N,,0.0,0.0,0.0,0.0,0.0,0.0,0.0,0.0,0.0,0.0,0.0
8153,CCCC(=O)c1ccccc1,0.0,0.0,0.0,0.0,0.0,0.0,,0.0,0.0,0.0,0.0,0.0
8154,CCCCCC[C@@H](O)C/C=C\CCCCCCCC(=O)OC,0.0,0.0,0.0,0.0,0.0,0.0,,0.0,0.0,0.0,0.0,0.0
8156,Cc1nc2ccc(CN(C)c3ccc(C(=O)N[C@@H](CCC(=O)O)C(=O)O)s3)cc2c(=O)[nH]1,0.0,0.0,0.0,0.0,0.0,0.0,0.0,0.0,,1.0,0.0,0.0
8157,O=C(N[C@H]1CN2CCC1CC2)c1cc2ccoc2cn1,0.0,0.0,0.0,0.0,0.0,0.0,,0.0,0.0,0.0,0.0,0.0
8158,CNC(=O)C(c1ccccc1)c1ccccc1,0.0,0.0,0.0,0.0,0.0,,0.0,0.0,0.0,0.0,0.0,0.0
8159,CC(=O)CC(=O)Nc1ccc(C)cc1C,0.0,0.0,0.0,0.0,0.0,0.0,,0.0,0.0,0.0,0.0,0.0
8160,C=CCOc1cc(Cl)ccc1C(=O)NCCN(CC)CC,0.0,0.0,0.0,0.0,0.0,0.0,,1.0,0.0,0.0,0.0,0.0
8161,CC(C)(C)N(NC(=O)c1ccc(Cl)cc1)C(=O)c1ccccc1,0.0,0.0,0.0,0.0,0.0,0.0,1.0,,0.0,0.0,0.0,0.0
8163,C=C(CC(=O)O)C(=O)O,0.0,0.0,0.0,0.0,0.0,0.0,0.0,0.0,0.0,0.0,0.0,0.0
8165,O=C(O)c1ccc2c(c1)C(=O)OC2=O,0.0,0.0,0.0,0.0,0.0,0.0,0.0,0.0,0.0,0.0,0.0,0.0
8166,O=C(O)c1ccccc1,0.0,0.0,0.0,0.0,0.0,0.0,0.0,1.0,0.0,0.0,0.0,0.0
8167,O=C(O)c1ccccc1C(=O)Nc1cccc2ccccc12,0.0,0.0,1.0,,0.0,1.0,,0.0,0.0,0.0,0.0,0.0
8171,COC(=O)OC,0.0,0.0,0.0,0.0,0.0,0.0,0.0,0.0,0.0,0.0,0.0,0.0
8172,CNC(=O)Oc1ccc(N(C)C)c(C)c1,0.0,0.0,1.0,0.0,0.0,0.0,0.0,,0.0,0.0,0.0,0.0
8173,CCOC(=O)C(C)Oc1ccc(Oc2nc3ccc(Cl)cc3o2)cc1,0.0,0.0,1.0,,0.0,,0.0,1.0,0.0,0.0,0.0,0.0
8174,CCOC(=O)c1ncn2c1CN(C)C(=O)c1c(I)cccc1-2,0.0,0.0,0.0,0.0,0.0,0.0,,0.0,0.0,0.0,0.0,0.0
8175,CCOC(=O)Cc1cccc2ccccc12,0.0,0.0,0.0,0.0,0.0,0.0,,0.0,0.0,0.0,0.0,0.0
8176,C=CC(=O)OCC1CCCO1,0.0,0.0,,0.0,0.0,0.0,0.0,0.0,0.0,0.0,0.0,0.0
8177,CCCCCCCCCCCOC(=O)c1ccccc1C(=O)OCCCCCCCCCCC,0.0,0.0,0.0,0.0,0.0,0.0,0.0,1.0,0.0,0.0,0.0,0.0
8178,C=C(C)C(=O)OCCOCCOCCOCCOC(=O)C(=C)C,0.0,0.0,1.0,0.0,0.0,0.0,,0.0,0.0,0.0,0.0,0.0
8179,C=C(C)C(=O)OCCOP(=O)(O)O,0.0,0.0,0.0,0.0,0.0,0.0,0.0,,0.0,0.0,0.0,0.0
8180,O=C=Nc1ccc(Cc2ccc(N=C=O)cc2)cc1,0.0,0.0,0.0,0.0,0.0,0.0,0.0,0.0,0.0,0.0,0.0,0.0
8181,CCCCCCC1(C)CCC(=O)O1,0.0,0.0,0.0,0.0,0.0,0.0,,0.0,0.0,0.0,0.0,0.0
8182,O=C1CCCC1,0.0,0.0,0.0,0.0,0.0,0.0,0.0,0.0,0.0,0.0,0.0,0.0
8183,CCCCC1CCCCC(=O)O1,0.0,0.0,0.0,0.0,0.0,0.0,0.0,0.0,,0.0,0.0,0.0
8184,O=C1CCCN1,0.0,0.0,0.0,0.0,0.0,0.0,0.0,1.0,0.0,0.0,0.0,0.0
8185,CCCCCCCCN1CCCC1=O,0.0,0.0,,0.0,0.0,0.0,0.0,0.0,0.0,0.0,0.0,0.0
8187,CC(C)(C)c1n[nH]c(=S)n(N)c1=O,0.0,0.0,0.0,0.0,0.0,,0.0,0.0,0.0,0.0,0.0,0.0
8189,Cc1[nH]c(=O)n(C(C)(C)C)c(=O)c1Cl,0.0,0.0,0.0,0.0,0.0,0.0,0.0,0.0,0.0,0.0,0.0,0.0
8190,O=c1[nH][nH]c2ccccc12,0.0,0.0,0.0,0.0,0.0,1.0,0.0,0.0,,0.0,0.0,0.0
8191,CC(=O)O[C@@H]1C(=O)O[C@@H]2[C@H]1OC(=O)[C@@H]2OC(C)=O,0.0,0.0,1.0,0.0,0.0,0.0,0.0,,0.0,0.0,0.0,0.0
8192,O=C1OC(=O)c2c(Br)c(Br)c(Br)c(Br)c21,0.0,0.0,,0.0,0.0,0.0,0.0,0.0,0.0,0.0,0.0,0.0
8193,O=C1OC(=O)c2ccccc21,0.0,,0.0,,0.0,0.0,0.0,0.0,0.0,0.0,0.0,0.0
8194,O=c1[nH]c2ccccc2c(=O)o1,0.0,0.0,0.0,0.0,0.0,,0.0,0.0,0.0,0.0,0.0,0.0
8195,COc1nn(CSP(=S)(OC)OC)c(=O)s1,,0.0,0.0,0.0,0.0,0.0,0.0,0.0,0.0,0.0,0.0,0.0
8197,O=C1CCCN1C1CCCCC1,0.0,0.0,0.0,0.0,0.0,0.0,,0.0,0.0,0.0,0.0,0.0
8198,CC(C)NC(=O)N1CC(=O)N(c2cc(Cl)cc(Cl)c2)C1=O,0.0,0.0,0.0,0.0,0.0,1.0,0.0,0.0,0.0,0.0,0.0,0.0
8199,CC(CN1CC(=O)NC(=O)C1)N1CC(=O)NC(=O)C1,0.0,,0.0,0.0,0.0,0.0,0.0,0.0,0.0,1.0,0.0,0.0
8200,O=C1NC(=O)c2cccc3cccc1c23,0.0,0.0,1.0,0.0,0.0,1.0,1.0,0.0,0.0,,0.0,0.0
8201,C#CCN1C(=O)COc2cc(F)c(N3C(=O)C4=C(CCCC4)C3=O)cc21,0.0,0.0,1.0,0.0,0.0,0.0,,0.0,0.0,0.0,0.0,0.0
8202,CC(C=O)Cc1ccc2c(c1)OCO2,0.0,0.0,0.0,0.0,0.0,,0.0,0.0,0.0,0.0,0.0,0.0
8203,O=Cc1ccco1,0.0,1.0,0.0,0.0,0.0,0.0,0.0,0.0,0.0,0.0,0.0,0.0
8205,CSCCC=O,0.0,0.0,0.0,0.0,0.0,0.0,0.0,0.0,0.0,0.0,0.0,0.0
8206,O=CO[Al](OC=O)OC=O,0.0,0.0,0.0,0.0,0.0,0.0,,0.0,0.0,0.0,0.0,0.0
8207,CN(N=O)c1ccc([N+](=O)[O-])cc1,0.0,0.0,,0.0,0.0,1.0,0.0,0.0,0.0,0.0,0.0,0.0
8208,O=NN1CCOCC1,0.0,0.0,0.0,0.0,0.0,0.0,0.0,0.0,0.0,0.0,0.0,0.0
8209,Cc1cc(C)c(C(=O)P(=O)(C(=O)c2c(C)cc(C)cc2C)c2ccccc2)c(C)c1,0.0,0.0,0.0,0.0,,0.0,0.0,0.0,0.0,0.0,0.0,0.0
8210,CCOP(=O)(CC)OCC,0.0,0.0,0.0,0.0,0.0,0.0,,0.0,0.0,0.0,0.0,0.0
8212,COP(=O)(O)OP(=O)(O)OC,0.0,0.0,,,0.0,0.0,0.0,0.0,0.0,0.0,0.0,0.0
8213,O=S(=O)(c1ccccc1)c1ccccc1,0.0,0.0,0.0,0.0,0.0,0.0,,0.0,0.0,0.0,0.0,0.0
8215,COc1cc(S(=O)(=O)Nc2ccccc2)c(OC)cc1N,0.0,0.0,0.0,0.0,0.0,0.0,,0.0,0.0,0.0,0.0,0.0
8216,CC(C)c1ccc(C(=O)N=C(N)N)cc1S(C)(=O)=O.CS(=O)(=O)O,0.0,0.0,0.0,0.0,0.0,0.0,0.0,,0.0,0.0,0.0,0.0
8218,O=C(O)c1cccc(Cl)c1,0.0,0.0,0.0,0.0,0.0,0.0,,0.0,0.0,0.0,0.0,0.0
8219,Nc1nc(CC(=O)O)cs1,0.0,0.0,0.0,0.0,0.0,,0.0,0.0,0.0,0.0,0.0,0.0
8220,Nc1ccn(C2CO[C@H](CO)O2)c(=O)n1,0.0,0.0,0.0,0.0,0.0,0.0,0.0,0.0,0.0,,0.0,0.0
8221,O=C1O[C@H]([C@H](O)CO)C(O)=C1O,0.0,0.0,0.0,0.0,0.0,0.0,0.0,,0.0,0.0,0.0,0.0
8222,CN(C)Cc1cc(CN(C)C)c(O)c(CN(C)C)c1,0.0,0.0,,0.0,0.0,0.0,0.0,0.0,0.0,0.0,0.0,0.0
8223,COc1cc(C)cc(O)c1,0.0,0.0,0.0,0.0,0.0,,0.0,0.0,0.0,0.0,0.0,0.0
8224,COc1ccc(C=O)cc1O,0.0,0.0,0.0,,0.0,0.0,,0.0,0.0,0.0,0.0,0.0
8225,O=C(O)C=Cc1ccc(O)c(O)c1,0.0,1.0,0.0,0.0,0.0,0.0,0.0,0.0,0.0,0.0,0.0,
8226,CCC(C)(C)C1CCC(O)CC1,0.0,0.0,0.0,0.0,0.0,0.0,0.0,,0.0,0.0,0.0,0.0
8228,CCCc1ccc(O)cc1,0.0,0.0,0.0,0.0,0.0,0.0,1.0,,0.0,0.0,0.0,0.0
8229,Cc1c(O)cccc1O,0.0,0.0,0.0,0.0,0.0,,0.0,0.0,0.0,0.0,0.0,0.0
8230,CC/C=C\CCOC(=O)c1ccccc1O,0.0,0.0,0.0,0.0,0.0,,0.0,0.0,0.0,0.0,0.0,0.0
8231,C=CCc1ccccc1O,0.0,0.0,0.0,0.0,0.0,0.0,,0.0,0.0,0.0,0.0,0.0
8232,Oc1cccc2cc3cccc(O)c3c(O)c12,,0.0,0.0,0.0,0.0,0.0,1.0,0.0,0.0,0.0,0.0,0.0
8234,CC(CO)c1ccccc1,0.0,0.0,0.0,0.0,0.0,0.0,0.0,,0.0,0.0,0.0,0.0
8235,COCC(O)CO,0.0,0.0,0.0,0.0,0.0,0.0,,0.0,0.0,0.0,0.0,0.0
8236,CCC1(CO)COCOC1,0.0,0.0,0.0,0.0,0.0,0.0,,0.0,0.0,0.0,0.0,0.0
8237,CN(CCO)CCO,0.0,0.0,0.0,0.0,0.0,0.0,,0.0,0.0,0.0,0.0,0.0
8238,OCCN(CCO)CCN(CCO)CCO,0.0,0.0,0.0,0.0,0.0,0.0,0.0,,0.0,0.0,0.0,0.0
8239,OCCOCCOCCOCCO,0.0,0.0,0.0,0.0,0.0,0.0,0.0,0.0,1.0,0.0,0.0,0.0
8240,CCCCCCCCSCCO,0.0,0.0,0.0,0.0,0.0,0.0,,0.0,0.0,0.0,0.0,0.0
8241,OCCSSCCO,0.0,0.0,,0.0,0.0,0.0,0.0,0.0,0.0,0.0,0.0,0.0
8242,O=C1C(N(CO)C(=O)NCO)N(CO)C(=O)N1CO,0.0,0.0,0.0,0.0,0.0,0.0,0.0,0.0,0.0,0.0,0.0,0.0
8244,O=P(O)(O)CN(CP(=O)(O)O)CP(=O)(O)O,0.0,0.0,0.0,0.0,0.0,0.0,,0.0,0.0,0.0,0.0,0.0
8245,CCOP(=S)(Oc1ccc([N+](=O)[O-])cc1)c1ccccc1,0.0,0.0,0.0,0.0,0.0,1.0,,1.0,0.0,0.0,0.0,0.0
8246,CCOP(=S)(CC)Sc1ccccc1,0.0,0.0,0.0,1.0,0.0,0.0,0.0,,0.0,0.0,0.0,0.0
8247,SC1CCCCC1,0.0,0.0,0.0,0.0,0.0,0.0,,0.0,0.0,0.0,0.0,0.0
8248,Sc1ccccc1,1.0,0.0,0.0,,0.0,0.0,0.0,,0.0,0.0,0.0,0.0
8250,[As]#[In],0.0,0.0,0.0,0.0,0.0,0.0,0.0,,0.0,0.0,0.0,0.0
8251,O=[N+]([O-])[O-].O=[N+]([O-])[O-].[Ba+2],0.0,0.0,0.0,0.0,0.0,0.0,,0.0,0.0,0.0,0.0,0.0
8252,CC[N+]1(C)CCCC1.[Br-],0.0,0.0,0.0,0.0,0.0,0.0,0.0,0.0,0.0,0.0,0.0,0.0
8253,CCC[N+]1(C)CCCC1.[Br-],0.0,0.0,0.0,0.0,0.0,0.0,0.0,,0.0,0.0,0.0,0.0
8254,CCCC[N+]1(C)CCCCC1.[Br-],0.0,0.0,0.0,0.0,0.0,0.0,0.0,0.0,0.0,0.0,0.0,0.0
8255,C=CC[N+]1([C@H]2C[C@H]3[C@@H]4CC[C@H]5C[C@H](OC(C)=O)[C@@H](N6CCCCC6)C[C@]5(C)[C@H]4CC[C@]3(C)[C@H]2OC(=O)CC)CCCCC1.[Br-],0.0,0.0,0.0,0.0,0.0,0.0,,0.0,0.0,0.0,0.0,0.0
8256,CCCC[n+]1cccc(C)c1.[Br-],0.0,0.0,,0.0,0.0,0.0,0.0,0.0,0.0,0.0,0.0,0.0
8257,CCCC[n+]1ccccc1C.[Br-],0.0,0.0,,0.0,0.0,0.0,0.0,0.0,0.0,0.0,0.0,0.0
8259,CCn1cc[n+](C)c1.[Cl-],0.0,0.0,,0.0,0.0,0.0,0.0,0.0,0.0,0.0,0.0,0.0
8260,CCCCn1cc[n+](C)c1C.[Cl-],0.0,0.0,,0.0,0.0,0.0,0.0,0.0,0.0,0.0,0.0,0.0
8261,[Cl-].[Cl-].[Cl-].[Fe+3],0.0,0.0,0.0,0.0,0.0,0.0,0.0,0.0,0.0,0.0,0.0,0.0
8263,F[B-](F)(F)F.[H+],0.0,0.0,,0.0,0.0,0.0,0.0,0.0,0.0,0.0,0.0,0.0
8264,CCCC[N+]1(C)CCCCC1.[I-],0.0,0.0,0.0,0.0,0.0,0.0,,0.0,0.0,0.0,0.0,0.0
8265,C[N+]1(CC2COC(c3ccccc3)(c3ccccc3)O2)CCCCC1.[I-],0.0,0.0,0.0,0.0,0.0,0.0,0.0,0.0,0.0,0.0,0.0,0.0
8266,CCCn1cc[n+](C)c1C.[I-],0.0,0.0,0.0,0.0,0.0,0.0,,0.0,0.0,0.0,0.0,0.0
8267,CCCCn1cc[n+](C)c1.[I-],0.0,0.0,,0.0,0.0,0.0,0.0,0.0,0.0,0.0,0.0,0.0
8268,CCCCn1cc[n+](C)c1C.[I-],0.0,0.0,,0.0,0.0,0.0,0.0,0.0,0.0,0.0,0.0,0.0
8269,P#[In],0.0,0.0,0.0,0.0,0.0,0.0,,0.0,0.0,0.0,0.0,0.0
8270,O=S(=O)([O-])SSS(=O)(=O)[O-].[K+].[K+],0.0,0.0,,0.0,0.0,0.0,0.0,0.0,0.0,0.0,0.0,0.0
8271,O=[N+]([O-])[O-].[K+],0.0,0.0,0.0,0.0,0.0,0.0,0.0,0.0,0.0,0.0,0.0,0.0
8272,[K+].[O-][Cl+3]([O-])([O-])[O-],0.0,0.0,0.0,0.0,0.0,0.0,,1.0,0.0,0.0,0.0,0.0
8275,O=S(=O)([O-])C(F)(F)C(F)(F)C(F)(F)C(F)(F)C(F)(F)C(F)(F)F.[K+],0.0,0.0,0.0,0.0,0.0,0.0,,0.0,0.0,0.0,0.0,0.0
8276,CC(=O)CC(=O)Nc1ccc(S(=O)(=O)[O-])cc1.[K+],0.0,0.0,0.0,0.0,0.0,0.0,,0.0,0.0,0.0,0.0,0.0
8277,O=C([O-])c1cc(C(=O)O)cc(S(=O)(=O)O)c1.[Li+],0.0,0.0,0.0,0.0,0.0,0.0,,0.0,0.0,0.0,0.0,0.0
8278,CC1C=[C-]C=C1.[C-]#[O+].[C-]#[O+].[C-]#[O+].[Mn+],0.0,0.0,,0.0,0.0,0.0,0.0,0.0,0.0,0.0,0.0,0.0
8279,CC(=O)[O-].CC(=O)[O-].[Mn+2],0.0,0.0,1.0,0.0,0.0,0.0,0.0,0.0,0.0,0.0,,0.0
8280,[Na+].c1nc[n-]n1,0.0,0.0,0.0,0.0,,1.0,0.0,0.0,0.0,0.0,0.0,0.0
8282,O=S(=O)([O-])[O-].[Na+].[Na+],0.0,0.0,0.0,0.0,0.0,0.0,0.0,,0.0,0.0,0.0,0.0
8284,[Na+].[O-][Br+2]([O-])[O-],0.0,0.0,0.0,0.0,0.0,0.0,,0.0,0.0,0.0,0.0,0.0
8285,O=C([O-])c1ccccc1.[Na+],0.0,0.0,0.0,0.0,0.0,0.0,,0.0,0.0,0.0,0.0,0.0
8286,C[C@H](CCC(=O)[O-])[C@H]1CC[C@H]2[C@@H]3[C@H](O)C[C@@H]4C[C@H](O)CC[C@]4(C)[C@H]3C[C@H](O)[C@]12C.[Na+],0.0,0.0,0.0,0.0,0.0,,0.0,0.0,0.0,0.0,0.0,0.0
8287,O=C([O-])CCl.[Na+],0.0,0.0,0.0,0.0,0.0,0.0,0.0,0.0,0.0,0.0,0.0,0.0
8288,CC1=NN(c2cc(S(=O)(=O)[O-])ccc2Cl)C(=O)C1/N=N/c1ccccc1.[Na+],0.0,0.0,0.0,0.0,0.0,,0.0,0.0,0.0,0.0,0.0,0.0
8289,O=C1c2ccccc2C(=O)c2cc(S(=O)(=O)[O-])ccc21.[Na+],0.0,0.0,,0.0,0.0,0.0,0.0,0.0,0.0,0.0,0.0,0.0
8290,Nc1c(S(=O)(=O)[O-])cc(Br)c2c1C(=O)c1ccccc1C2=O.[Na+],0.0,0.0,1.0,0.0,0.0,1.0,,0.0,0.0,0.0,0.0,0.0
8291,C=CCOCC(O)CS(=O)(=O)[O-].[Na+],0.0,0.0,0.0,0.0,0.0,0.0,,0.0,0.0,0.0,0.0,0.0
8292,O=S(=O)([O-])O.[Na+],0.0,0.0,0.0,0.0,0.0,0.0,,0.0,0.0,0.0,0.0,0.0
8293,O=S([O-])CO.[Na+],0.0,0.0,0.0,0.0,0.0,0.0,0.0,,0.0,0.0,0.0,0.0
8294,N#C[S-].[Na+],0.0,0.0,0.0,0.0,0.0,0.0,0.0,0.0,0.0,0.0,0.0,0.0
8295,CCc1cc(S(=O)(=O)[O-])c2cc(C(C)C)cccc1-2.[Na+],0.0,0.0,,0.0,0.0,0.0,0.0,0.0,0.0,0.0,0.0,0.0
8298,O=S(=O)([O-])CC(O)CCl.[Na+],0.0,0.0,0.0,0.0,0.0,0.0,,0.0,0.0,0.0,0.0,0.0
8300,C/C(=N\NC(=O)Nc1cc(F)cc(F)c1)c1ncccc1C(=O)[O-].[Na+],0.0,0.0,0.0,0.0,0.0,,0.0,0.0,0.0,0.0,0.0,0.0
8301,CP(=O)([O-])OCCC[Si](O)(O)O.[Na+],0.0,0.0,0.0,0.0,0.0,0.0,,0.0,0.0,0.0,0.0,0.0
8302,CCCOc1nn(C(=O)[N-]S(=O)(=O)c2ccccc2C(=O)OC)c(=O)n1C.[Na+],0.0,0.0,0.0,0.0,0.0,,0.0,0.0,0.0,0.0,0.0,0.0
8303,C=CCON/C(CCC)=C1\C(=O)CC(C)(C)C(C(=O)OC)=C1[O-].[Na+],0.0,0.0,0.0,0.0,0.0,0.0,,0.0,0.0,0.0,0.0,0.0
8304,O=[N+]([O-])c1cccc(S(=O)(=O)[O-])c1.[Na+],0.0,0.0,0.0,0.0,0.0,0.0,,0.0,0.0,0.0,0.0,0.0
8305,O=S(=O)([O-])NC1CCCCC1.[Na+],0.0,0.0,0.0,0.0,0.0,0.0,,0.0,0.0,0.0,0.0,0.0
8306,O=C1O[C@H]([C@H](O)CO)C([O-])=C1O.[Na+],0.0,0.0,0.0,0.0,0.0,0.0,0.0,,0.0,0.0,0.0,0.0
8307,O=S(=O)([O-])c1ccc(O)cc1.[Na+],0.0,0.0,,0.0,0.0,0.0,0.0,0.0,0.0,0.0,0.0,0.0
8308,O=[N+]([O-])[O-].[NH4+],0.0,0.0,0.0,0.0,0.0,0.0,0.0,0.0,0.0,0.0,0.0,0.0
8312,CC(CO)(CO)[N+](=O)[O-],0.0,0.0,0.0,0.0,0.0,0.0,0.0,,0.0,0.0,0.0,0.0
8314,CCCN(CCCl)c1c([N+](=O)[O-])cc(C(F)(F)F)cc1[N+](=O)[O-],0.0,0.0,0.0,0.0,0.0,0.0,,0.0,0.0,0.0,0.0,0.0
8315,O=[N+]([O-])c1ccc(Oc2ccc([N+](=O)[O-])cc2)cc1,0.0,0.0,0.0,0.0,0.0,0.0,,0.0,0.0,0.0,0.0,0.0
8316,O=c1[nH][nH]c(=O)c2cc([N+](=O)[O-])ccc12,0.0,0.0,0.0,0.0,0.0,0.0,,0.0,0.0,0.0,0.0,0.0
8317,O=[N+]([O-])c1cccc2c([N+](=O)[O-])cccc12,0.0,0.0,1.0,0.0,0.0,,0.0,0.0,0.0,0.0,0.0,0.0
8320,O=[N+]([O-])CCO,0.0,0.0,,0.0,0.0,0.0,0.0,0.0,0.0,0.0,0.0,0.0
8321,[O-][n+]1ccc(Cl)cc1,0.0,0.0,0.0,0.0,0.0,0.0,,0.0,0.0,0.0,0.0,0.0
8322,COCc1nnc(-c2ccc[n+]([O-])c2)n1-c1c(Cl)c(Cl)cc2[nH]c(=O)c(=O)[nH]c12,0.0,0.0,0.0,0.0,0.0,0.0,0.0,,0.0,0.0,0.0,0.0
8323,Cc1cccc[n+]1[O-],0.0,0.0,0.0,0.0,0.0,0.0,,0.0,0.0,0.0,0.0,0.0
8325,ClCC(Br)CBr,0.0,0.0,0.0,0.0,0.0,0.0,,0.0,0.0,0.0,0.0,0.0
8326,O=C(O)C(Cl)(Cl)Br,0.0,0.0,0.0,0.0,0.0,,0.0,0.0,0.0,0.0,0.0,0.0
8327,ClC(Cl)(Cl)Br,0.0,0.0,0.0,0.0,0.0,0.0,0.0,0.0,0.0,0.0,0.0,0.0
8328,O=C(O)C(Cl)Br,0.0,0.0,1.0,0.0,0.0,0.0,,0.0,0.0,0.0,0.0,0.0
8329,BrC/C=C/CBr,0.0,0.0,,0.0,0.0,0.0,0.0,0.0,0.0,0.0,0.0,0.0
8332,O=C(O)CBr,0.0,0.0,,0.0,0.0,0.0,0.0,0.0,0.0,0.0,0.0,0.0
8333,BrCc1ccc(Br)cc1,0.0,0.0,0.0,0.0,0.0,0.0,0.0,0.0,0.0,0.0,0.0,
8334,BrCc1ccccc1,0.0,0.0,0.0,0.0,0.0,0.0,0.0,,0.0,0.0,0.0,0.0
8335,BrCC1CO1,0.0,0.0,0.0,0.0,0.0,0.0,,0.0,0.0,0.0,0.0,0.0
8336,BrCCBr,0.0,0.0,0.0,0.0,0.0,0.0,0.0,0.0,0.0,0.0,0.0,0.0
8337,CCCCCCCCCCCCCBr,0.0,0.0,0.0,0.0,0.0,0.0,,0.0,0.0,0.0,0.0,0.0
8338,CCCCCCCCCCCCCCBr,0.0,0.0,,0.0,0.0,0.0,0.0,0.0,0.0,0.0,0.0,0.0
8339,ClCCCCBr,0.0,0.0,0.0,0.0,0.0,0.0,,0.0,0.0,0.0,0.0,0.0
8340,C#CC(O)CCCCC,0.0,0.0,0.0,0.0,0.0,0.0,,0.0,0.0,0.0,0.0,0.0
8341,c1cc(CCCc2ccncc2)ccn1,0.0,0.0,0.0,1.0,0.0,,0.0,0.0,0.0,0.0,0.0,0.0
8342,CC(C)=CCl,0.0,0.0,0.0,0.0,1.0,0.0,0.0,1.0,0.0,0.0,0.0,0.0
8344,CC(C)=CCO,0.0,0.0,0.0,0.0,0.0,0.0,0.0,0.0,0.0,0.0,0.0,0.0
8345,C[C@H]1[C@@H](c2ccccc2)N=C(O)N1C,0.0,0.0,0.0,0.0,0.0,0.0,,0.0,0.0,0.0,0.0,0.0
8347,CC[N+]1(C)CCCC1.O=S(=O)([N-]S(=O)(=O)C(F)(F)F)C(F)(F)F,0.0,0.0,0.0,0.0,0.0,0.0,,0.0,0.0,0.0,0.0,0.0
8348,CCC[N+]1(C)CCCC1.F[P-](F)(F)(F)(F)F,0.0,0.0,0.0,0.0,0.0,0.0,,0.0,0.0,0.0,0.0,0.0
8349,CCC[N+]1(C)CCCC1.O=S(=O)([N-]S(=O)(=O)C(F)(F)F)C(F)(F)F,0.0,0.0,0.0,0.0,0.0,0.0,,0.0,0.0,0.0,0.0,0.0
8350,CCn1cc[n+](C)c1.COS(=O)(=O)[O-],0.0,0.0,0.0,0.0,0.0,0.0,,0.0,0.0,0.0,0.0,0.0
8351,CCn1cc[n+](C)c1C.F[B-](F)(F)F,0.0,0.0,0.0,0.0,0.0,0.0,,0.0,0.0,0.0,0.0,0.0
8352,CCCn1cc[n+](C)c1.F[B-](F)(F)F,0.0,0.0,0.0,0.0,0.0,0.0,0.0,0.0,0.0,0.0,0.0,0.0
8353,CCCn1cc[n+](C)c1.O=S(=O)([N-]S(=O)(=O)C(F)(F)F)C(F)(F)F,0.0,0.0,0.0,0.0,0.0,0.0,,0.0,0.0,0.0,0.0,0.0
8354,C[Si](C)(C)N[Si](C)(C)C,0.0,0.0,0.0,0.0,1.0,0.0,0.0,0.0,0.0,0.0,0.0,0.0
8355,C[SiH](O[Si](C)(C)C)O[Si](C)(C)C,0.0,0.0,0.0,0.0,0.0,0.0,0.0,0.0,0.0,0.0,0.0,0.0
8356,C[Si](C)(C)O[Si](C)(C)O[Si](C)(C)C,0.0,0.0,0.0,0.0,0.0,0.0,,0.0,0.0,0.0,0.0,0.0
8357,C[Si](C)=O,0.0,0.0,0.0,0.0,0.0,0.0,,0.0,0.0,0.0,0.0,0.0
8358,CO[Si](C)(OC)OC,0.0,0.0,0.0,0.0,0.0,0.0,,0.0,0.0,0.0,0.0,0.0
8359,CC(C)=CCC/C(C)=C\CO,0.0,0.0,0.0,0.0,0.0,0.0,0.0,0.0,0.0,0.0,0.0,0.0
8360,CC(=O)OC/C=C(\C)CCC=C(C)C,0.0,0.0,0.0,0.0,0.0,0.0,0.0,0.0,0.0,0.0,0.0,0.0
8361,CC(C)=CCCC(C)CC=O,0.0,0.0,0.0,0.0,0.0,0.0,,0.0,0.0,0.0,0.0,0.0
8362,CCCC(=O)OCCC(C)CCC=C(C)C,,0.0,0.0,0.0,0.0,0.0,0.0,0.0,0.0,0.0,0.0,0.0
8363,C/C=C(\C)C(=O)OCc1ccccc1,,0.0,0.0,0.0,0.0,0.0,0.0,0.0,0.0,0.0,0.0,0.0
8364,C/C=C(\C)C(=O)OCCc1ccccc1,0.0,0.0,0.0,0.0,0.0,0.0,,0.0,0.0,0.0,0.0,0.0
8365,CC=C(Cl)Cl,0.0,0.0,0.0,0.0,,0.0,0.0,0.0,0.0,0.0,0.0,0.0
8366,CN=C=O,0.0,0.0,0.0,0.0,0.0,0.0,,0.0,0.0,0.0,0.0,0.0
8369,C=C(C)C(=O)OCCCCCCCC(C)C,0.0,0.0,0.0,0.0,0.0,0.0,,0.0,0.0,0.0,0.0,0.0
8370,C=C(C)C(=O)OCCCCCCCCCCCCC,0.0,1.0,0.0,0.0,0.0,0.0,0.0,0.0,0.0,0.0,0.0,
8371,C=C(C)C(=O)OCCCCCCCCCCCCCCCCCC,0.0,0.0,0.0,0.0,0.0,0.0,0.0,,0.0,0.0,0.0,0.0
8372,C=C(C)CNCC,0.0,0.0,0.0,0.0,0.0,0.0,0.0,1.0,0.0,0.0,0.0,0.0
8373,C=CC(=O)CC,0.0,0.0,0.0,0.0,0.0,0.0,,0.0,0.0,0.0,0.0,0.0
8374,C=CC(=O)OC,0.0,0.0,0.0,0.0,0.0,0.0,,0.0,0.0,0.0,0.0,0.0
8375,C=CC(=O)OCCCC,0.0,1.0,0.0,0.0,0.0,0.0,0.0,0.0,0.0,0.0,0.0,1.0
8376,C=CC(=O)OCCCCCCCC(C)C,0.0,0.0,0.0,0.0,0.0,0.0,0.0,0.0,0.0,0.0,0.0,0.0
8377,C=CC(=O)OCCCl,0.0,0.0,,0.0,0.0,0.0,0.0,0.0,0.0,0.0,0.0,0.0
8378,C=CC(C)(C)C,0.0,0.0,0.0,0.0,0.0,0.0,,0.0,0.0,0.0,0.0,0.0
8380,C=CC(O)CCCCC,0.0,0.0,0.0,0.0,0.0,0.0,,0.0,0.0,0.0,0.0,0.0
8382,C=CC1CC2C=CC1C2,0.0,0.0,0.0,0.0,0.0,0.0,,0.0,0.0,0.0,0.0,0.0
8383,C=CCCC(=O)O,0.0,0.0,0.0,0.0,0.0,0.0,0.0,,0.0,0.0,0.0,0.0
8384,C=CCCC=C,0.0,0.0,0.0,0.0,0.0,0.0,,0.0,0.0,0.0,0.0,0.0
8385,C=CCCl,0.0,0.0,0.0,0.0,,0.0,0.0,1.0,0.0,0.0,0.0,0.0
8386,C=CCN(CC=C)CC=C,0.0,0.0,1.0,0.0,0.0,0.0,,0.0,0.0,0.0,0.0,0.0
8388,C=O,0.0,0.0,0.0,0.0,0.0,0.0,,0.0,0.0,0.0,0.0,0.0
8389,C1=COCCC1,0.0,0.0,0.0,0.0,0.0,0.0,,0.0,0.0,0.0,0.0,0.0
8391,C1CCC2=NCCCN2CC1,0.0,0.0,,0.0,0.0,0.0,0.0,0.0,0.0,0.0,0.0,0.0
8392,C1CCC2CCCCC2C1,0.0,0.0,,0.0,0.0,0.0,0.0,0.0,0.0,0.0,0.0,0.0
8394,c1ccc2c(c1)CCNC2,0.0,0.0,0.0,0.0,0.0,,0.0,0.0,0.0,0.0,0.0,0.0
8395,c1ccc2ncccc2c1,0.0,0.0,0.0,0.0,0.0,0.0,0.0,0.0,0.0,0.0,0.0,0.0
8396,c1ccc2occc2c1,0.0,0.0,0.0,0.0,0.0,,0.0,0.0,0.0,0.0,0.0,0.0
8397,c1ccccc1,0.0,0.0,0.0,0.0,0.0,0.0,,0.0,0.0,0.0,0.0,0.0
8398,C1CN2CCN1CC2,0.0,0.0,0.0,0.0,0.0,0.0,0.0,0.0,0.0,0.0,0.0,0.0
8399,c1cnccn1,0.0,0.0,0.0,0.0,0.0,0.0,,0.0,0.0,0.0,0.0,0.0
8401,c1c[nH]cn1,0.0,0.0,0.0,0.0,0.0,0.0,0.0,0.0,0.0,0.0,0.0,0.0
8402,C1COCO1,0.0,0.0,0.0,0.0,0.0,0.0,,0.0,0.0,0.0,0.0,0.0
8403,C1CSCCS1,,0.0,0.0,0.0,0.0,0.0,0.0,0.0,0.0,0.0,0.0,0.0
8405,c1nc[nH]n1,0.0,0.0,,0.0,0.0,0.0,0.0,0.0,0.0,0.0,0.0,0.0
8406,c1ccc(OCC2CO2)cc1,0.0,0.0,0.0,0.0,0.0,0.0,,0.0,0.0,0.0,0.0,0.0
8407,C=C(C)[C@@H]1CC=C(C=O)CC1,0.0,0.0,,0.0,0.0,0.0,0.0,0.0,0.0,0.0,0.0,0.0
8409,C=C(C)C(=O)OCC1CO1,0.0,0.0,0.0,0.0,0.0,0.0,0.0,0.0,0.0,0.0,0.0,0.0
8410,C=C(C)c1cccc(C(=C)C)c1,0.0,0.0,0.0,0.0,0.0,0.0,0.0,,0.0,0.0,0.0,0.0
8411,CC(=O)/C=C/c1ccccc1,,0.0,0.0,0.0,0.0,0.0,0.0,0.0,0.0,0.0,0.0,0.0
8412,COC(=O)C(C)=O,0.0,0.0,0.0,0.0,0.0,0.0,,0.0,0.0,0.0,0.0,0.0
8413,CC(=O)C=Cc1ccccc1,0.0,0.0,0.0,0.0,0.0,0.0,0.0,1.0,0.0,0.0,0.0,0.0
8416,CC(=O)NNC(C)=O,0.0,0.0,0.0,0.0,0.0,0.0,,0.0,0.0,0.0,0.0,0.0
8417,CC(=O)OC(C(=O)c1ccccc1)c1ccccc1,0.0,0.0,0.0,0.0,0.0,0.0,0.0,,0.0,0.0,0.0,0.0
8418,CC(=O)OC(C)c1ccccc1,0.0,0.0,0.0,0.0,0.0,0.0,0.0,0.0,0.0,0.0,0.0,0.0
8419,CCOC(C)=O,0.0,0.0,0.0,0.0,0.0,0.0,,0.0,0.0,0.0,0.0,0.0
8420,CCC(C)COC(C)=O,0.0,0.0,0.0,0.0,0.0,,0.0,0.0,0.0,0.0,0.0,0.0
8421,C=CCOC(C)=O,0.0,0.0,0.0,0.0,0.0,0.0,,0.0,0.0,0.0,0.0,0.0
8422,CC(=O)OCc1ccc2c(c1)OCO2,0.0,0.0,0.0,0.0,0.0,0.0,0.0,0.0,0.0,0.0,0.0,0.0
8423,CCCCCCCCCCCCOC(C)=O,0.0,0.0,0.0,0.0,0.0,,0.0,0.0,0.0,0.0,0.0,0.0
8424,CC(=O)OCCOC(C)=O,0.0,0.0,0.0,0.0,0.0,0.0,0.0,0.0,0.0,0.0,0.0,0.0
8426,CC(C)(C)C(=O)CC(=O)C(C)(C)C,0.0,0.0,,0.0,0.0,0.0,0.0,0.0,0.0,0.0,0.0,0.0
8427,CC(C)(C)C(=O)O,0.0,0.0,0.0,0.0,0.0,0.0,,0.0,0.0,0.0,0.0,0.0
8428,CCC(O)C(C)(C)C,0.0,0.0,0.0,0.0,0.0,0.0,0.0,,0.0,0.0,0.0,0.0
8429,CC(C)(C)c1ccc(N)cc1,0.0,0.0,0.0,0.0,0.0,0.0,0.0,,0.0,0.0,0.0,0.0
8430,CC(C)(C)C1(CCc2ccc(Cl)cc2)CO1,0.0,0.0,0.0,0.0,0.0,0.0,,0.0,0.0,0.0,0.0,0.0
8431,CCC(C)(C)C,0.0,0.0,0.0,0.0,0.0,0.0,,0.0,0.0,0.0,0.0,0.0
8432,CC(C)(C)NCCNC(C)(C)C,0.0,0.0,0.0,0.0,0.0,0.0,,0.0,0.0,0.0,0.0,0.0
8433,CC(=O)CC(=O)OC(C)(C)C,0.0,0.0,0.0,0.0,0.0,0.0,0.0,,0.0,0.0,0.0,0.0
8434,CC(C)(C)OC=O,0.0,0.0,0.0,0.0,0.0,0.0,,0.0,0.0,0.0,0.0,0.0
8435,CC(C)(C)OCC1CO1,0.0,,0.0,0.0,0.0,0.0,0.0,0.0,0.0,0.0,0.0,0.0
8436,CCCCC(CC)COC(=O)OOC(C)(C)C,,0.0,0.0,0.0,0.0,0.0,0.0,0.0,0.0,0.0,0.0,0.0
8437,CCC(C)(C)OC,0.0,0.0,0.0,0.0,,0.0,0.0,1.0,0.0,0.0,0.0,0.0
8438,CC(C)(Cl)[N+](=O)[O-],0.0,0.0,0.0,0.0,0.0,0.0,,0.0,0.0,0.0,0.0,0.0
8439,CC(C)(CO)C(O)C(=O)NCCCO,0.0,0.0,0.0,0.0,0.0,0.0,0.0,0.0,,0.0,0.0,0.0
8440,CC(C)(CO)CO,0.0,0.0,0.0,0.0,1.0,0.0,0.0,0.0,0.0,0.0,0.0,0.0
8442,CCCCCCC(C)(C)S,0.0,0.0,0.0,0.0,0.0,0.0,0.0,0.0,0.0,0.0,0.0,0.0
8443,CC(C)=O,0.0,0.0,0.0,0.0,0.0,0.0,,0.0,0.0,0.0,0.0,0.0
8444,CC(=O)C(C)C,0.0,0.0,,0.0,0.0,0.0,0.0,0.0,0.0,0.0,0.0,0.0
8446,CC(C)C1CCC(O)CC1,0.0,0.0,0.0,0.0,0.0,0.0,0.0,,0.0,0.0,0.0,0.0
8448,CC(C)CC(=O)CC(C)C,0.0,0.0,0.0,0.0,0.0,0.0,0.0,1.0,0.0,0.0,0.0,0.0
8450,CC(C)CC(=O)CC(C)CC(C)C,0.0,0.0,0.0,0.0,0.0,0.0,0.0,0.0,0.0,0.0,0.0,0.0
8451,CC(C)CC(C)CC(C)CC(C)COC(=O)c1ccccc1C(=O)OCC(C)CC(C)CC(C)CC(C)C,0.0,0.0,0.0,0.0,0.0,0.0,0.0,,0.0,0.0,0.0,0.0
8453,CC(C)Cc1ccccc1,0.0,0.0,0.0,0.0,0.0,0.0,0.0,0.0,0.0,0.0,0.0,0.0
8454,CC(C)CCC(=O)CCC(C)C,0.0,0.0,,0.0,0.0,1.0,0.0,0.0,0.0,0.0,0.0,0.0
8456,CC(C)CCCC(C)CCO,0.0,0.0,0.0,0.0,0.0,0.0,0.0,,0.0,0.0,0.0,0.0
8457,C=CC(=O)OCCCCCC(C)C,0.0,0.0,0.0,0.0,0.0,0.0,0.0,1.0,0.0,0.0,0.0,0.0
8458,CC(C)CCCCCOC(=O)CCCCC(=O)OCCCCCC(C)C,0.0,0.0,,0.0,0.0,0.0,0.0,0.0,0.0,0.0,0.0,0.0
8459,CC(C)COC(=O)c1ccccc1,0.0,0.0,0.0,0.0,0.0,0.0,0.0,,0.0,0.0,0.0,0.0
8460,C=COCC(C)C,0.0,0.0,0.0,0.0,0.0,0.0,,0.0,0.0,0.0,0.0,0.0
8461,C=CC(=O)NCOCC(C)C,0.0,0.0,,0.0,0.0,0.0,0.0,0.0,0.0,0.0,0.0,0.0
8462,CC(C)N(C)C,0.0,0.0,0.0,0.0,0.0,0.0,,0.0,0.0,0.0,0.0,0.0
8463,CC(C)N(CCO)C(C)C,0.0,0.0,0.0,0.0,0.0,0.0,,0.0,0.0,0.0,0.0,0.0
8464,CNNCc1ccc(C(=O)NC(C)C)cc1,0.0,0.0,0.0,0.0,0.0,,0.0,0.0,0.0,0.0,0.0,0.0
8465,CC(C)NCC(O)COc1ccc(CC(N)=O)cc1,0.0,0.0,0.0,0.0,0.0,0.0,,0.0,0.0,0.0,0.0,0.0
8466,CC(C)OB(OC(C)C)OC(C)C,0.0,0.0,0.0,0.0,0.0,0.0,0.0,0.0,0.0,0.0,0.0,0.0
8467,CC(C)OCC1CO1,,0.0,0.0,0.0,0.0,0.0,0.0,0.0,0.0,0.0,0.0,0.0
8468,CC(CC(=O)O)CC(C)(C)C,0.0,0.0,0.0,0.0,0.0,0.0,,0.0,0.0,0.0,0.0,0.0
8469,CCC(C)C(=O)O,0.0,0.0,0.0,0.0,0.0,0.0,0.0,0.0,0.0,0.0,0.0,0.0
8470,CC(C)=CCCC(C)C=O,0.0,0.0,0.0,0.0,0.0,0.0,,0.0,0.0,0.0,0.0,0.0
8471,CC(CN)CCCN,0.0,0.0,0.0,0.0,0.0,0.0,0.0,,0.0,0.0,0.0,0.0
8472,CC(Cl)C(C)Cl,0.0,0.0,0.0,0.0,0.0,0.0,,0.0,0.0,0.0,0.0,0.0
8473,CC(CO)(CO)CO,0.0,0.0,0.0,0.0,0.0,0.0,0.0,,0.0,0.0,0.0,0.0
8474,CC(CO)Oc1ccccc1,0.0,0.0,0.0,0.0,0.0,0.0,,0.0,0.0,0.0,0.0,0.0
8476,CC(N)=S,0.0,0.0,0.0,0.0,0.0,,0.0,0.0,0.0,0.0,0.0,0.0
8477,COCC(C)N,0.0,0.0,0.0,0.0,0.0,0.0,0.0,0.0,0.0,0.0,0.0,0.0
8478,CC(O)CCO,0.0,0.0,1.0,0.0,0.0,0.0,0.0,1.0,0.0,0.0,0.0,0.0
8479,CC(O)CN(CC(C)O)CC(C)O,0.0,0.0,0.0,0.0,0.0,0.0,0.0,1.0,0.0,0.0,0.0,0.0
8481,COCC(C)O,0.0,0.0,0.0,0.0,0.0,0.0,0.0,1.0,0.0,0.0,0.0,0.0
8482,CCOCC(C)O,0.0,0.0,0.0,0.0,0.0,0.0,,0.0,0.0,0.0,0.0,0.0
8483,CCC(C)OC(=O)N1CCCCC1CCO,0.0,0.0,0.0,0.0,0.0,,0.0,0.0,0.0,0.0,0.0,0.0
8484,COC(C)(OC)OC,0.0,0.0,0.0,0.0,0.0,0.0,,0.0,0.0,0.0,0.0,0.0
8485,COC(C)OC,0.0,0.0,0.0,0.0,0.0,0.0,,0.0,0.0,0.0,0.0,0.0
8486,CC[C@@H](N)CO,0.0,0.0,0.0,0.0,0.0,0.0,,0.0,0.0,0.0,0.0,0.0
8487,CC[n+]1ccccc1.O=S(=O)([O-])C(F)(F)F,0.0,0.0,,0.0,0.0,0.0,0.0,0.0,0.0,0.0,0.0,0.0
8488,CC/C=C\C#N,0.0,0.0,0.0,0.0,0.0,0.0,,0.0,0.0,0.0,0.0,0.0
8489,CC/C=C\CCCCCO,0.0,0.0,0.0,0.0,0.0,0.0,0.0,,0.0,0.0,0.0,0.0
8491,CC1(C)C(=O)N(Br)C(=O)N1Cl,0.0,0.0,1.0,0.0,0.0,0.0,,0.0,0.0,0.0,0.0,0.0
8492,CC1(C)C(=O)NC(=O)N1CO,0.0,0.0,0.0,0.0,0.0,0.0,0.0,,0.0,0.0,0.0,0.0
8494,CN1C(C)(C)CC(O)CC1(C)C,0.0,0.0,0.0,0.0,0.0,,0.0,0.0,0.0,0.0,0.0,0.0
8495,CC(=O)/C=C/C1C(C)=CCCC1(C)C,0.0,0.0,0.0,0.0,0.0,0.0,0.0,,0.0,0.0,0.0,0.0
8496,CC(=O)/C(C)=C/C1C(C)=CCCC1(C)C,0.0,0.0,0.0,0.0,0.0,0.0,0.0,0.0,0.0,0.0,0.0,
8497,CCC[n+]1ccn(C)c1C.O=S(=O)([N-]S(=O)(=O)C(F)(F)F)C(F)(F)F,0.0,0.0,0.0,0.0,0.0,0.0,,0.0,0.0,0.0,0.0,0.0
8498,C=C(C)[C@H]1CC=C(C)C(=O)C1,0.0,0.0,0.0,0.0,0.0,0.0,0.0,0.0,0.0,0.0,0.0,0.0
8499,C=C(C)[C@@H]1CC=C(C)CC1,0.0,0.0,0.0,0.0,0.0,0.0,0.0,,0.0,0.0,0.0,0.0
8503,CC1CC(=O)CC(C)(C)C1,0.0,0.0,0.0,0.0,0.0,0.0,,0.0,0.0,0.0,0.0,0.0
8504,Cc1cccc(Br)c1,,0.0,0.0,0.0,0.0,0.0,0.0,0.0,0.0,0.0,0.0,0.0
8505,Cc1ccc(C)c(C)c1,0.0,0.0,0.0,0.0,0.0,0.0,0.0,0.0,0.0,0.0,0.0,0.0
8506,CCOP(=O)(NC(C)C)Oc1ccc(SC)c(C)c1,0.0,0.0,,0.0,0.0,1.0,0.0,0.0,0.0,0.0,0.0,0.0
8507,Cc1cc(Cl)ccc1N,0.0,0.0,0.0,0.0,0.0,1.0,,0.0,0.0,0.0,0.0,0.0
8508,Cc1cc(N)no1,0.0,0.0,,0.0,0.0,0.0,0.0,0.0,0.0,0.0,0.0,0.0
8509,Cc1cc(O)c(Cl)cc1C,0.0,0.0,0.0,0.0,0.0,0.0,,0.0,0.0,0.0,0.0,0.0
8510,CCOP(=O)(OCC)Oc1cc(C)nc(C(C)C)n1,0.0,0.0,,0.0,0.0,0.0,0.0,0.0,0.0,0.0,0.0,0.0
8511,CCCC[n+]1ccc(C)cc1.F[B-](F)(F)F,0.0,0.0,,0.0,0.0,0.0,0.0,0.0,0.0,0.0,0.0,0.0
8512,Cc1ccc(C)c2ccccc12,0.0,0.0,0.0,0.0,0.0,0.0,0.0,,0.0,0.0,0.0,0.0
8515,Cc1ccc([N+](=O)[O-])cc1Cl,0.0,0.0,0.0,0.0,0.0,0.0,,0.0,0.0,0.0,0.0,0.0
8516,Cc1ccc(C(C)C)cc1O,0.0,0.0,0.0,0.0,0.0,0.0,,0.0,0.0,0.0,0.0,0.0
8517,Cc1ccc(N)c(C)c1,0.0,,0.0,0.0,0.0,0.0,0.0,0.0,0.0,0.0,0.0,0.0
8518,Cc1ccc(N)cc1S(=O)(=O)O,0.0,0.0,0.0,0.0,0.0,,0.0,0.0,0.0,0.0,0.0,0.0
8519,Cc1ccc(O)c(C)c1,0.0,0.0,0.0,0.0,0.0,0.0,0.0,0.0,0.0,0.0,0.0,0.0
8521,COc1ccc(C)cc1,0.0,0.0,0.0,0.0,0.0,0.0,,0.0,0.0,0.0,0.0,0.0
8522,Cc1ccc2cc(C)ccc2c1,0.0,,0.0,0.0,0.0,0.0,0.0,0.0,0.0,0.0,0.0,0.0
8523,Cc1ccc2ccccc2c1,0.0,0.0,,0.0,0.0,0.0,0.0,0.0,0.0,0.0,0.0,0.0
8524,Cc1ccc2ccccc2n1,0.0,0.0,0.0,0.0,0.0,,0.0,0.0,0.0,0.0,0.0,0.0
8525,Cc1ccc2ncccc2c1,0.0,0.0,0.0,0.0,0.0,0.0,0.0,0.0,0.0,0.0,0.0,0.0
8526,Cc1cccc(N)c1C,0.0,0.0,0.0,0.0,0.0,0.0,,0.0,0.0,0.0,0.0,0.0
8527,Cc1cccc2sc3nncn3c12,0.0,0.0,1.0,0.0,0.0,1.0,,0.0,0.0,0.0,0.0,0.0
8530,Cc1ccccc1S,,0.0,0.0,0.0,0.0,0.0,0.0,0.0,0.0,0.0,0.0,0.0
8531,Cc1ccccc1S(N)(=O)=O,0.0,0.0,0.0,0.0,0.0,0.0,,0.0,0.0,0.0,0.0,0.0
8532,CC1CCCO1,0.0,0.0,0.0,0.0,0.0,0.0,,0.0,0.0,0.0,0.0,0.0
8534,CC1CN1P(=O)(N1CC1C)N1CC1C,0.0,0.0,0.0,0.0,0.0,0.0,0.0,0.0,,0.0,0.0,0.0
8535,Cc1cscn1,0.0,0.0,0.0,0.0,0.0,0.0,,0.0,0.0,0.0,0.0,0.0
8536,COC(=O)c1ccccc1S(=O)(=O)NC(=O)N(C)c1nc(C)nc(OC)n1,0.0,0.0,0.0,0.0,0.0,0.0,0.0,,0.0,0.0,0.0,0.0
8537,CC1=CC[C@@H]2C[C@H]1C2(C)C,,0.0,0.0,0.0,0.0,0.0,0.0,0.0,0.0,0.0,0.0,0.0
8538,CC1=CC(=O)[C@H]2C[C@@H]1C2(C)C,0.0,0.0,0.0,0.0,0.0,0.0,,0.0,0.0,0.0,0.0,0.0
8540,C=C1CC[C@H]2C[C@@H]1C2(C)C,0.0,0.0,0.0,0.0,0.0,0.0,,0.0,0.0,0.0,0.0,0.0
8541,C=C1C2CCC(C2)C1(C)C,0.0,0.0,0.0,0.0,0.0,0.0,0.0,0.0,0.0,0.0,0.0,0.0
8542,CC1=CCC2CC1C2(C)C,0.0,0.0,0.0,0.0,0.0,0.0,0.0,0.0,0.0,0.0,0.0,0.0
8543,CC1CCc2nccnc21,0.0,,0.0,0.0,0.0,0.0,0.0,0.0,0.0,0.0,0.0,0.0
8544,Cc1ccc2c(C)cccc2c1,0.0,0.0,0.0,0.0,0.0,0.0,,0.0,0.0,0.0,0.0,0.0
8546,COC(=O)c1ccccc1S(=O)(=O)NC(=O)Nc1nc(C)nc(OC)n1,0.0,0.0,0.0,0.0,0.0,0.0,,0.0,0.0,0.0,0.0,0.0
8547,COc1nc(C)nc(NC(=O)NS(=O)(=O)c2ccccc2OCCCl)n1,0.0,0.0,0.0,0.0,0.0,0.0,0.0,,0.0,0.0,0.0,0.0
8549,CCC(=O)OC(=O)CC,0.0,0.0,,0.0,0.0,0.0,0.0,0.0,0.0,0.0,0.0,0.0
8550,CCCOC(=O)CC,0.0,0.0,0.0,0.0,0.0,0.0,,0.0,0.0,0.0,0.0,0.0
8551,CCC(C)(C)C1CCC(=O)CC1,0.0,0.0,0.0,0.0,0.0,0.0,0.0,,0.0,0.0,0.0,0.0
8552,CCC(C)(O)CCC=C(C)C,0.0,0.0,0.0,0.0,0.0,0.0,0.0,,0.0,0.0,0.0,0.0
8553,CCC(CC)CO,0.0,0.0,0.0,0.0,0.0,0.0,0.0,0.0,0.0,0.0,0.0,
8554,CCCC(CC)CCCCCCCN,0.0,0.0,0.0,0.0,0.0,0.0,,0.0,0.0,0.0,0.0,0.0
8555,CCC(Cl)[N+](=O)[O-],0.0,0.0,0.0,0.0,0.0,,0.0,0.0,0.0,0.0,0.0,0.0
8556,CCCC(=O)C(CC)Sc1ccoc1C,0.0,0.0,,0.0,0.0,0.0,0.0,0.0,0.0,0.0,0.0,0.0
8557,CCC[N+]1(C)CCCCC1.O=S(=O)([N-]S(=O)(=O)C(F)(F)F)C(F)(F)F,0.0,0.0,0.0,0.0,0.0,0.0,,0.0,0.0,0.0,0.0,0.0
8559,CCc1cccc(O)c1,0.0,0.0,0.0,0.0,0.0,0.0,0.0,0.0,0.0,0.0,0.0,0.0
8561,CCc1ccc(O)cc1,0.0,0.0,0.0,0.0,0.0,0.0,0.0,0.0,0.0,0.0,0.0,0.0
8564,CCc1ccccc1N,0.0,0.0,0.0,0.0,0.0,0.0,,0.0,0.0,0.0,0.0,0.0
8565,CCc1nccnc1CC,0.0,0.0,0.0,0.0,0.0,0.0,0.0,,0.0,0.0,0.0,0.0
8566,CCCC(=O)C(=O)O,0.0,0.0,,0.0,0.0,0.0,0.0,0.0,0.0,0.0,0.0,0.0
8567,CCCC(=O)OC,0.0,0.0,0.0,0.0,0.0,0.0,0.0,0.0,0.0,0.0,0.0,0.0
8568,CCCC(=O)OC(C)(C)Cc1ccccc1,0.0,0.0,0.0,0.0,0.0,0.0,,0.0,0.0,0.0,0.0,0.0
8569,CCCC(=O)OCC,0.0,0.0,,0.0,0.0,0.0,0.0,0.0,0.0,0.0,0.0,0.0
8570,CCCC[N+]1(C)CCCC1.O=S(=O)([N-]S(=O)(=O)C(F)(F)F)C(F)(F)F,0.0,0.0,0.0,0.0,0.0,0.0,,0.0,0.0,0.0,0.0,0.0
8571,CCCc1ccccc1,0.0,0.0,0.0,0.0,0.0,0.0,,0.0,0.0,0.0,0.0,0.0
8573,CCCCCC=O,0.0,0.0,0.0,0.0,0.0,0.0,0.0,0.0,0.0,0.0,0.0,0.0
8575,CCCCCCC,0.0,1.0,0.0,0.0,0.0,0.0,0.0,0.0,0.0,0.0,0.0,
8576,CCCCCCC=O,0.0,0.0,0.0,0.0,0.0,0.0,0.0,0.0,0.0,0.0,0.0,0.0
8577,CCCCCCCC#N,,0.0,0.0,0.0,0.0,0.0,0.0,0.0,0.0,0.0,0.0,0.0
8578,CCCCCCCCC,0.0,0.0,0.0,0.0,0.0,0.0,0.0,0.0,0.0,0.0,0.0,0.0
8579,CCCCCCCCCC,0.0,0.0,1.0,0.0,0.0,0.0,0.0,0.0,0.0,0.0,0.0,0.0
8580,C=CCCCCCCCCCCCCCC,0.0,0.0,0.0,0.0,0.0,0.0,,0.0,0.0,0.0,0.0,0.0
8581,CCCCCCCCCCCCCCC1CO1,0.0,0.0,0.0,0.0,0.0,,0.0,0.0,0.0,0.0,0.0,0.0
8582,C=CCCCCCCCCCCCCCCCC,0.0,0.0,0.0,0.0,0.0,0.0,,0.0,0.0,0.0,0.0,0.0
8583,CCCCCCCCCCCCO,0.0,0.0,0.0,0.0,0.0,0.0,0.0,0.0,0.0,0.0,0.0,0.0
8585,CCCCCCCCCl,1.0,0.0,0.0,0.0,0.0,0.0,0.0,0.0,0.0,0.0,0.0,0.0
8586,CCCCCCCN,0.0,0.0,0.0,0.0,0.0,0.0,,0.0,0.0,0.0,0.0,0.0
8587,CCCCCCI,0.0,0.0,0.0,0.0,0.0,,0.0,0.0,0.0,0.0,0.0,0.0
8588,CCCCCCN,1.0,0.0,0.0,0.0,0.0,0.0,,0.0,0.0,0.0,0.0,0.0
8590,CCCCCl,0.0,0.0,0.0,0.0,0.0,0.0,,0.0,0.0,0.0,0.0,0.0
8591,CCCCCO,0.0,0.0,0.0,0.0,0.0,0.0,,0.0,0.0,0.0,0.0,0.0
8592,CCCCN(CCO)CCCC,0.0,0.0,0.0,0.0,0.0,0.0,,0.0,0.0,0.0,0.0,0.0
8593,CCCCn1cc[n+](C)c1.O=S(=O)([O-])O,0.0,0.0,,0.0,0.0,0.0,0.0,0.0,0.0,0.0,0.0,0.0
8594,CCCCn1cc[n+](C)c1.CS(=O)(=O)[O-],,0.0,0.0,0.0,0.0,0.0,0.0,0.0,0.0,0.0,0.0,0.0
8595,CCCCn1cc[n+](C)c1.O=S(=O)([O-])C(F)(F)F,0.0,0.0,,0.0,0.0,0.0,0.0,0.0,0.0,0.0,0.0,0.0
8596,CCCCn1cc[n+](C)c1C.O=S(=O)([O-])C(F)(F)F,0.0,0.0,,0.0,0.0,0.0,0.0,0.0,0.0,0.0,0.0,0.0
8597,CCCCOCC1CO1,0.0,0.0,0.0,0.0,0.0,0.0,0.0,0.0,0.0,0.0,0.0,0.0
8599,CCCCOCCO,0.0,0.0,0.0,0.0,0.0,0.0,0.0,0.0,0.0,0.0,0.0,0.0
8601,CCCCOCCOCCOC(C)=O,0.0,0.0,0.0,0.0,0.0,0.0,0.0,0.0,0.0,0.0,0.0,0.0
8602,CCCCOP(=O)(O)OCCCC,0.0,0.0,0.0,0.0,,0.0,0.0,1.0,0.0,0.0,0.0,0.0
8603,CCCCP(CCCC)CCCC,0.0,0.0,0.0,0.0,0.0,0.0,,0.0,0.0,0.0,0.0,0.0
8604,CCCCS,0.0,0.0,0.0,0.0,0.0,0.0,0.0,0.0,0.0,0.0,0.0,
8605,CCCN(CCC)N=O,0.0,0.0,0.0,0.0,0.0,0.0,0.0,0.0,0.0,0.0,0.0,0.0
8606,CCCOCCO,0.0,0.0,0.0,0.0,0.0,0.0,0.0,0.0,0.0,0.0,0.0,0.0
8607,CCN(C)N=O,0.0,0.0,0.0,0.0,0.0,0.0,,0.0,0.0,0.0,0.0,0.0
8609,CCN(CC)N=O,0.0,0.0,0.0,0.0,0.0,0.0,0.0,1.0,0.0,0.0,0.0,0.0
8610,CCN(CCC#N)c1ccccc1,0.0,0.0,0.0,0.0,0.0,0.0,,0.0,0.0,0.0,0.0,0.0
8611,CCN(CCO)CCO,0.0,0.0,1.0,0.0,0.0,0.0,,0.0,0.0,0.0,0.0,0.0
8613,CCNc1cccc(C)c1,0.0,0.0,0.0,0.0,0.0,0.0,0.0,0.0,0.0,0.0,0.0,0.0
8614,CCNCC,0.0,0.0,0.0,0.0,0.0,0.0,,0.0,0.0,0.0,0.0,0.0
8615,C=C[Si](OCC)(OCC)OCC,0.0,0.0,0.0,0.0,0.0,0.0,,0.0,0.0,0.0,0.0,0.0
8616,CCO[Si](CC)(OCC)OCC,0.0,0.0,0.0,0.0,0.0,0.0,,0.0,0.0,0.0,0.0,0.0
8618,CC/C=C\CCOC(C)OCC,0.0,0.0,0.0,0.0,,0.0,0.0,0.0,0.0,0.0,0.0,0.0
8619,CCOc1ccc(NC(=O)OC(C)C)cc1OCC,0.0,0.0,0.0,0.0,0.0,,0.0,0.0,0.0,0.0,0.0,0.0
8620,CCOc1ccc(NC(N)=O)cc1,0.0,0.0,0.0,0.0,0.0,0.0,0.0,,0.0,0.0,0.0,0.0
8621,CCOc1cccc(N)c1,0.0,0.0,0.0,0.0,0.0,,0.0,0.0,0.0,0.0,0.0,0.0
8623,C=C(C)C(=O)OCCOCC,0.0,0.0,0.0,0.0,0.0,0.0,,0.0,0.0,0.0,0.0,0.0
8624,C=CC(=O)OCCOCCOCC,,0.0,1.0,0.0,0.0,0.0,0.0,0.0,0.0,0.0,0.0,0.0
8625,CCOP(=O)(OCC)SCCSCC,0.0,0.0,0.0,0.0,0.0,0.0,0.0,,0.0,0.0,0.0,0.0
8628,CCOP(OCC)OCC,0.0,0.0,0.0,0.0,0.0,0.0,0.0,0.0,0.0,0.0,0.0,0.0
8630,CCC(=O)N(c1ccccc1)C1CCN(C(C)Cc2ccccc2)CC1.Cl,0.0,0.0,0.0,0.0,0.0,0.0,,0.0,0.0,0.0,0.0,0.0
8631,C1CNCCN1.Cl.Cl,0.0,0.0,0.0,0.0,0.0,0.0,,0.0,0.0,0.0,0.0,0.0
8633,Cl.Cl.Nc1cccc(N)c1,0.0,0.0,,0.0,0.0,1.0,1.0,0.0,0.0,0.0,0.0,0.0
8634,Cl.ClCc1ccccn1,0.0,0.0,0.0,0.0,0.0,0.0,0.0,0.0,0.0,0.0,0.0,0.0
8640,CN1[C@@H]2C[C@@H](OC(=O)[C@H](CO)c3ccccc3)C[C@H]1[C@@H]1O[C@@H]12.Cl,0.0,0.0,0.0,0.0,0.0,0.0,,1.0,0.0,0.0,0.0,0.0
8641,Cl[C@H]1OCCO[C@@H]1Cl,0.0,0.0,0.0,0.0,0.0,0.0,0.0,0.0,0.0,0.0,0.0,0.0
8642,ClC=C(Cl)Cl,0.0,0.0,0.0,0.0,0.0,0.0,,0.0,0.0,0.0,0.0,0.0
8643,Cl/C=C/Cl,0.0,0.0,0.0,0.0,0.0,0.0,0.0,0.0,0.0,0.0,0.0,0.0
8644,Clc1cccc(C(Cl)(Cl)Cl)n1,0.0,0.0,0.0,0.0,0.0,1.0,0.0,0.0,0.0,0.0,0.0,0.0
8645,FC(Cl)(Cl)Cl,0.0,1.0,0.0,0.0,0.0,0.0,,0.0,0.0,0.0,0.0,1.0
8646,ClSC(Cl)(Cl)Cl,0.0,0.0,,0.0,0.0,0.0,0.0,0.0,0.0,0.0,0.0,0.0
8647,ClC(Cl)Cl,0.0,0.0,0.0,0.0,0.0,0.0,0.0,,0.0,0.0,0.0,0.0
8648,ClC/C=C\CCl,0.0,0.0,,0.0,0.0,0.0,0.0,0.0,0.0,0.0,0.0,0.0
8649,O=C(Cl)c1c(Cl)c(Cl)c(C(=O)Cl)c(Cl)c1Cl,0.0,0.0,0.0,0.0,0.0,0.0,0.0,0.0,0.0,0.0,0.0,0.0
8650,O=C(O)c1cccc(Cl)c1Cl,0.0,1.0,0.0,0.0,0.0,0.0,0.0,0.0,0.0,0.0,0.0,
8651,O=S(=O)(O)c1cc(Cl)c(Cl)cc1Cl,0.0,0.0,0.0,0.0,0.0,0.0,,0.0,0.0,0.0,0.0,0.0
8653,O=C(Cl)c1cc(Cl)cc(Cl)c1,0.0,0.0,0.0,0.0,0.0,0.0,,0.0,0.0,0.0,0.0,0.0
8654,Clc1ccc(Cl)c(Cl)c1,0.0,0.0,0.0,0.0,0.0,0.0,0.0,0.0,0.0,0.0,0.0,0.0
8656,Clc1cc(Cl)c(Cl)nc1Cl,0.0,,0.0,0.0,0.0,0.0,0.0,0.0,0.0,0.0,0.0,0.0
8657,O=C(O)COc1nc(Cl)c(Cl)cc1Cl,0.0,0.0,0.0,0.0,0.0,0.0,,0.0,0.0,0.0,0.0,0.0
8658,CCCCOCCOC(=O)COc1nc(Cl)c(Cl)cc1Cl,0.0,0.0,0.0,0.0,0.0,0.0,,0.0,0.0,0.0,0.0,0.0
8659,Nc1ccc(Cl)cc1Cl,0.0,0.0,0.0,0.0,0.0,0.0,0.0,0.0,0.0,0.0,0.0,0.0
8660,Oc1ccc(Cl)cc1Cl,0.0,0.0,0.0,0.0,0.0,0.0,1.0,0.0,0.0,0.0,0.0,0.0
8661,O=C(O)Cc1ccc(Cl)cc1Cl,0.0,0.0,0.0,0.0,0.0,0.0,0.0,0.0,0.0,0.0,0.0,0.0
8663,Nc1nc(Cl)cc(Cl)n1,0.0,0.0,,0.0,0.0,1.0,0.0,0.0,0.0,0.0,0.0,0.0
8664,O=Cc1ccc(Cl)c(Cl)c1,0.0,0.0,0.0,0.0,0.0,0.0,,0.0,0.0,0.0,0.0,0.0
8665,COc1ccc2c(C(=O)c3ccc(Cl)cc3)c(C)n(CC(=O)O)c2c1,0.0,0.0,0.0,0.0,0.0,1.0,0.0,0.0,0.0,0.0,0.0,0.0
8666,CCCCc1ccc(Cl)cc1,0.0,0.0,0.0,0.0,0.0,,0.0,0.0,0.0,0.0,0.0,0.0
8667,Nc1cc(Cl)ccc1Cl,0.0,,0.0,0.0,0.0,0.0,0.0,0.0,0.0,0.0,0.0,0.0
8668,CCOP(=S)(OCC)SCSc1cc(Cl)ccc1Cl,0.0,0.0,0.0,0.0,0.0,0.0,0.0,,0.0,0.0,0.0,0.0
8669,CC(=NC#N)N(C)Cc1ccc(Cl)nc1,0.0,0.0,0.0,0.0,0.0,0.0,0.0,,0.0,0.0,0.0,0.0
8671,Clc1ccc2ccccc2c1,0.0,0.0,0.0,0.0,0.0,0.0,0.0,,0.0,0.0,0.0,0.0
8672,O=c1[nH]c2ccc(Cl)cc2o1,0.0,0.0,1.0,0.0,0.0,,0.0,0.0,0.0,0.0,0.0,0.0
8673,Clc1cccc(Cl)c1,0.0,0.0,0.0,0.0,0.0,0.0,0.0,0.0,0.0,0.0,0.0,0.0
8674,Cc1c(Cl)cccc1Cl,0.0,0.0,0.0,0.0,0.0,0.0,,0.0,0.0,0.0,0.0,0.0
8675,Clc1cccc(Cl)c1Cl,0.0,0.0,0.0,0.0,0.0,0.0,0.0,0.0,0.0,0.0,0.0,0.0
8676,Clc1ccccc1Cl,0.0,0.0,0.0,0.0,0.0,0.0,0.0,0.0,0.0,0.0,0.0,0.0
8679,CCNc1nc(Cl)nc(NC(C)C)n1,0.0,0.0,0.0,0.0,0.0,0.0,0.0,0.0,0.0,0.0,0.0,0.0
8685,O=C(NC(=O)c1c(F)cccc1F)Nc1cc(Cl)c(F)c(Cl)c1F,0.0,0.0,0.0,0.0,0.0,,0.0,0.0,0.0,0.0,0.0,0.0
8686,O=C1c2ccccc2C(=O)c2cc(Cl)ccc21,0.0,0.0,0.0,0.0,0.0,1.0,0.0,,0.0,0.0,0.0,0.0
8687,CC1(C)CON(Cc2ccccc2Cl)C1=O,0.0,0.0,1.0,0.0,0.0,0.0,0.0,,0.0,0.0,0.0,0.0
8688,CN1COCN(Cc2cnc(Cl)s2)C1=N[N+](=O)[O-],0.0,0.0,0.0,0.0,0.0,0.0,,0.0,0.0,0.0,0.0,0.0
8689,CCOC(=O)CCl,0.0,0.0,,0.0,0.0,0.0,0.0,0.0,0.0,0.0,0.0,0.0
8690,CC(C)(CCl)c1ccccc1,,0.0,0.0,0.0,0.0,0.0,0.0,0.0,0.0,0.0,0.0,0.0
8691,O=C(Cl)CCl,0.0,0.0,,0.0,0.0,0.0,0.0,0.0,0.0,0.0,0.0,0.0
8692,OC(CCl)CCl,0.0,0.0,0.0,0.0,0.0,0.0,0.0,0.0,0.0,0.0,0.0,0.0
8693,OCCCCCCCl,0.0,0.0,0.0,0.0,0.0,0.0,0.0,,0.0,0.0,0.0,0.0
8694,CNC(=S)N(C)C,0.0,0.0,0.0,0.0,0.0,0.0,0.0,0.0,0.0,0.0,0.0,0.0
8697,CN(C)c1ccc(C=O)cc1,0.0,0.0,1.0,0.0,0.0,0.0,,1.0,0.0,0.0,0.0,0.0
8698,CN(C)c1ccc(CCO)cc1,0.0,0.0,0.0,0.0,0.0,,0.0,0.0,0.0,0.0,0.0,0.0
8700,CN(C)CCCN(C)C,0.0,0.0,0.0,0.0,0.0,0.0,,0.0,0.0,0.0,0.0,0.0
8701,C=CC(=O)OCCN(C)C,0.0,0.0,,0.0,0.0,0.0,0.0,0.0,0.0,0.0,0.0,0.0
8703,CN(C)P(=O)(N(C)C)N(C)C,0.0,0.0,0.0,0.0,0.0,0.0,0.0,0.0,0.0,0.0,0.0,0.0
8705,CN1[C@@H]2CC[C@H]1C[C@@H](O)C2,0.0,0.0,,0.0,0.0,0.0,0.0,0.0,0.0,0.0,0.0,0.0
8706,CN1[C@@H]2CC[C@H]1C[C@@H](OC(=O)C(CO)c1ccccc1)C2.CN1[C@@H]2CC[C@H]1C[C@@H](OC(=O)C(CO)c1ccccc1)C2.O=S(=O)(O)O,0.0,0.0,,0.0,0.0,0.0,0.0,0.0,0.0,0.0,0.0,0.0
8708,CN1[C@@H]2CC[C@H]1C[C@@H](NC(=O)n1c(=O)[nH]c3ccccc31)C2,0.0,0.0,0.0,0.0,0.0,0.0,,0.0,0.0,0.0,0.0,0.0
8709,CO[Si](CCCS)(OC)OC,0.0,0.0,0.0,0.0,0.0,,0.0,0.0,0.0,0.0,0.0,0.0
8710,COC(=O)C1CC(=O)C(C(=O)OC)CC1=O,,0.0,0.0,0.0,0.0,0.0,0.0,0.0,0.0,0.0,0.0,0.0
8712,CCCCCC1C(=O)CCC1CC(=O)OC,0.0,0.0,0.0,0.0,0.0,0.0,0.0,0.0,0.0,0.0,0.0,0.0
8713,COC(C)(C)CCCC(C)CC=O,0.0,0.0,0.0,0.0,0.0,0.0,,0.0,0.0,0.0,0.0,0.0
8714,COC(C)COC(C)COC(C)CO,0.0,0.0,0.0,0.0,0.0,1.0,0.0,0.0,0.0,0.0,0.0,0.0
8716,COc1c(Cl)ccc(Cl)c1C(=O)O,0.0,0.0,0.0,0.0,0.0,0.0,0.0,0.0,0.0,0.0,0.0,0.0
8717,C=CCc1ccc(OC)c(OC)c1,0.0,0.0,0.0,0.0,0.0,0.0,0.0,1.0,0.0,0.0,0.0,0.0
8718,COc1cc(Cl)c(OC)cc1N,0.0,0.0,,0.0,0.0,1.0,0.0,0.0,0.0,0.0,0.0,0.0
8719,COc1ccc(C=O)cc1,0.0,0.0,0.0,0.0,0.0,0.0,0.0,0.0,0.0,0.0,0.0,0.0
8721,CCCc1ccc(OC)cc1,0.0,0.0,0.0,0.0,0.0,0.0,0.0,,0.0,0.0,0.0,0.0
8722,COc1ccc(CO)cc1,0.0,0.0,0.0,0.0,0.0,0.0,0.0,0.0,0.0,0.0,0.0,0.0
8723,COc1ccc(COC=O)cc1,0.0,0.0,0.0,0.0,0.0,,0.0,0.0,0.0,0.0,0.0,0.0
8724,COc1ccc(N)c([N+](=O)[O-])c1,0.0,0.0,0.0,0.0,0.0,,0.0,0.0,0.0,0.0,0.0,0.0
8725,COc1ccc(OC)cc1,0.0,0.0,0.0,0.0,0.0,0.0,0.0,0.0,0.0,0.0,0.0,0.0
8726,COc1cccc2sc(N)nc12,0.0,,0.0,0.0,0.0,1.0,1.0,0.0,0.0,0.0,0.0,0.0
8727,CCOC(=O)c1ccccc1OC,0.0,0.0,0.0,0.0,0.0,,0.0,0.0,0.0,0.0,0.0,0.0
8728,COc1nc(NC(C)C)nc(NC(C)C)n1,0.0,0.0,0.0,0.0,0.0,0.0,0.0,0.0,0.0,0.0,0.0,0.0
8730,C=C[Si](OCCOC)(OCCOC)OCCOC,0.0,0.0,0.0,0.0,0.0,0.0,0.0,0.0,0.0,0.0,0.0,0.0
8731,COCCOCCOC,0.0,0.0,0.0,0.0,0.0,0.0,0.0,0.0,0.0,0.0,0.0,0.0
8732,COCCOCCOCCOCCOC,0.0,0.0,0.0,0.0,0.0,,0.0,0.0,0.0,0.0,0.0,0.0
8733,CCOC(=O)CC(SP(=O)(OC)OC)C(=O)OCC,0.0,0.0,1.0,0.0,0.0,0.0,0.0,0.0,0.0,0.0,0.0,0.0
8734,COP(OC)OC,0.0,0.0,0.0,0.0,0.0,0.0,,0.0,0.0,0.0,0.0,0.0
8735,Cn1cc(S(C)=O)c(=O)c2ccc(F)cc21,0.0,0.0,,0.0,0.0,0.0,0.0,0.0,0.0,0.0,0.0,0.0
8736,CSc1ccc(Cl)cc1,0.0,0.0,0.0,0.0,0.0,0.0,0.0,0.0,0.0,0.0,0.0,0.0
8737,CCNc1nc(NC(C)C(C)C)nc(SC)n1,0.0,0.0,0.0,0.0,0.0,,1.0,0.0,0.0,0.0,0.0,0.0
8738,CC[N+]1(C)CCCC1.F[B-](F)(F)F,0.0,0.0,,0.0,0.0,0.0,0.0,0.0,0.0,0.0,0.0,0.0
8739,CCn1cc[n+](C)c1.F[B-](F)(F)F,0.0,0.0,0.0,0.0,0.0,0.0,0.0,,0.0,0.0,0.0,0.0
8740,Nc1cccc(C(F)(F)F)c1,0.0,0.0,0.0,0.0,0.0,0.0,0.0,0.0,0.0,0.0,0.0,0.0
8741,N#Cc1ccc(CC(=O)c2cccc(C(F)(F)F)c2)cc1,0.0,0.0,0.0,0.0,0.0,0.0,,0.0,0.0,0.0,0.0,0.0
8742,N#CCc1cccc(C(F)(F)F)c1,,0.0,0.0,0.0,0.0,0.0,0.0,0.0,0.0,0.0,0.0,0.0
8743,OCC(F)(F)F,0.0,0.0,0.0,0.0,0.0,0.0,,0.0,0.0,0.0,0.0,0.0
8744,O=S(=O)(O)C(F)(F)F,0.0,0.0,0.0,0.0,0.0,0.0,0.0,,0.0,0.0,0.0,0.0
8745,Fc1c(F)c(F)c(Br)c(F)c1F,0.0,0.0,,0.0,0.0,0.0,0.0,0.0,0.0,0.0,0.0,0.0
8746,Fc1ccc(Br)cc1,0.0,0.0,0.0,0.0,0.0,0.0,0.0,0.0,0.0,0.0,0.0,0.0
8747,O=C(Cl)c1ccc(F)c(Cl)c1,0.0,0.0,0.0,0.0,0.0,0.0,0.0,,0.0,0.0,0.0,0.0
8748,Nc1ccc(F)cc1F,0.0,0.0,0.0,0.0,0.0,,0.0,0.0,0.0,0.0,0.0,0.0
8749,O=C(O)CF,0.0,0.0,0.0,0.0,0.0,0.0,0.0,,0.0,0.0,0.0,0.0
8750,N#CC(C#N)=C(C#N)C#N,0.0,0.0,1.0,0.0,0.0,0.0,,0.0,0.0,0.0,0.0,0.0
8751,CC(C)(C#N)/N=N/C(C)(C)C#N,0.0,0.0,0.0,0.0,0.0,0.0,0.0,0.0,0.0,0.0,0.0,0.0
8752,CC(C)(O)C#N,0.0,0.0,0.0,0.0,0.0,0.0,0.0,0.0,0.0,0.0,0.0,0.0
8753,Cc1cccc(C#N)c1,0.0,0.0,0.0,0.0,0.0,0.0,,1.0,0.0,0.0,0.0,0.0
8754,Cc1ccccc1C#N,0.0,0.0,0.0,0.0,0.0,0.0,,0.0,0.0,0.0,0.0,0.0
8755,N#CCC(=O)O,0.0,0.0,0.0,0.0,0.0,0.0,0.0,0.0,0.0,0.0,0.0,0.0
8756,N#CCCOCCOCCC#N,0.0,0.0,0.0,0.0,0.0,0.0,,0.0,0.0,0.0,0.0,0.0
8757,N#CCCSCCC#N,0.0,0.0,0.0,0.0,0.0,0.0,0.0,,0.0,0.0,0.0,0.0
8758,N#CCN(CC#N)CCN(CC#N)CC#N,0.0,0.0,0.0,0.0,0.0,0.0,,0.0,0.0,0.0,0.0,0.0
8760,CN(C)[C@@H]1C(O)=C(C(N)=O)C(=O)[C@@]2(O)C(O)=C3C(=O)c4c(O)cccc4[C@@](C)(O)[C@H]3C[C@@H]12,0.0,0.0,0.0,0.0,0.0,0.0,,0.0,0.0,0.0,0.0,0.0
8762,NC(=O)Cc1cccc2ccccc12,0.0,0.0,,0.0,0.0,0.0,0.0,0.0,0.0,0.0,0.0,0.0
8764,NC(N)=S,0.0,0.0,0.0,0.0,0.0,1.0,0.0,0.0,0.0,0.0,0.0,0.0
8765,Cn1cnc2c(=O)nc(N)[nH]c21,0.0,0.0,0.0,0.0,0.0,0.0,,0.0,0.0,0.0,0.0,0.0
8766,Nc1c(NC/C=C\COc2cc(CN3CCCCC3)ccn2)c(=O)c1=O,0.0,0.0,,0.0,0.0,0.0,0.0,0.0,0.0,0.0,0.0,0.0
8769,Nc1c(Cl)cc(Cl)cc1[N+](=O)[O-],0.0,0.0,1.0,1.0,0.0,,0.0,0.0,0.0,0.0,0.0,0.0
8771,CC1(C)CC(N)CC(C)(C)N1,0.0,0.0,0.0,0.0,0.0,0.0,,0.0,0.0,0.0,0.0,0.0
8772,Nc1cccc(S(=O)(=O)c2cccc(N)c2)c1,0.0,0.0,0.0,0.0,0.0,0.0,,0.0,0.0,0.0,0.0,0.0
8775,Cc1ccc(Cl)cc1N,0.0,0.0,0.0,0.0,0.0,0.0,,0.0,0.0,0.0,0.0,0.0
8779,NC1CCCCC1,0.0,0.0,0.0,0.0,0.0,0.0,0.0,0.0,0.0,0.0,0.0,0.0
8780,COC(=O)c1ccccc1N,0.0,0.0,0.0,0.0,0.0,0.0,0.0,0.0,0.0,0.0,0.0,0.0
8781,C=CCOC(=O)c1ccccc1N,0.0,0.0,,0.0,0.0,0.0,0.0,0.0,0.0,0.0,0.0,0.0
8782,Nc1ccccc1S(=O)(=O)O,0.0,0.0,0.0,0.0,0.0,0.0,,0.0,0.0,0.0,0.0,0.0
8783,Nc1nccs1,0.0,0.0,0.0,0.0,0.0,0.0,,0.0,0.0,0.0,0.0,0.0
8784,Nc1nc[nH]n1,0.0,0.0,0.0,0.0,0.0,0.0,0.0,1.0,0.0,0.0,0.0,0.0
8785,CC(=C(CCO)SSC(CCO)=C(C)N(C=O)Cc1cnc(C)nc1N)N(C=O)Cc1cnc(C)nc1N,0.0,,0.0,0.0,0.0,0.0,0.0,0.0,0.0,0.0,0.0,0.0
8786,NCCCCCCN,0.0,0.0,0.0,0.0,0.0,0.0,0.0,0.0,0.0,0.0,0.0,0.0
8787,NCCCOCCOCCOCCCN,0.0,0.0,1.0,0.0,0.0,,0.0,0.0,0.0,0.0,0.0,0.0
8789,NCCOCCN,0.0,0.0,0.0,0.0,0.0,0.0,,0.0,0.0,0.0,0.0,0.0
8790,NNC(=O)CCCCC(=O)NN,0.0,0.0,0.0,0.0,0.0,1.0,,0.0,0.0,0.0,0.0,0.0
8791,NNCCO,0.0,0.0,0.0,0.0,0.0,0.0,0.0,,0.0,0.0,0.0,0.0
8792,Cc1ccc(S(=O)(=O)O)cc1.O,0.0,0.0,0.0,0.0,0.0,,0.0,0.0,0.0,0.0,0.0,0.0
8793,O.O.O.O.O.O.O=S(=O)([O-])[O-].[Ni+2],0.0,0.0,0.0,0.0,0.0,0.0,,0.0,0.0,0.0,0.0,0.0
8794,O.O.O.O.O.O.O.O.O=[Zr](Cl)Cl,0.0,0.0,,0.0,0.0,0.0,0.0,0.0,0.0,0.0,0.0,0.0
8795,OC[C@@H](O)[C@H](O)[C@@H](O)[C@@H](O)CO,0.0,0.0,0.0,0.0,0.0,0.0,,0.0,0.0,0.0,0.0,0.0
8797,O=C1O[C@@H]2[C@@H](O)[C@H](O)O[C@@H]2[C@H]1O,0.0,0.0,0.0,0.0,0.0,0.0,,0.0,0.0,0.0,0.0,0.0
8799,OC[C@@H](O)[C@@H](O)[C@H](O)[C@@H](O)CO,0.0,0.0,0.0,0.0,0.0,0.0,0.0,0.0,0.0,0.0,0.0,0.0
8800,OC[C@@H](O)[C@H](O)[C@@H](O)CO,0.0,0.0,0.0,0.0,0.0,0.0,,0.0,0.0,0.0,0.0,0.0
8801,CC(C)(C)NC[C@H](O)COc1nsnc1N1CCOCC1.O=C(O)/C=C\C(=O)O,0.0,0.0,0.0,0.0,0.0,0.0,,0.0,0.0,0.0,0.0,0.0
8802,OC[C@H]1O[C@@H](O[C@H]2[C@H](O)[C@@H](O)[C@H](O)O[C@@H]2CO)[C@H](O)[C@@H](O)[C@H]1O,0.0,0.0,0.0,0.0,0.0,0.0,,0.0,0.0,0.0,0.0,0.0
8803,CSC(C)(C)/C=N\O,0.0,0.0,0.0,0.0,0.0,0.0,0.0,,0.0,0.0,0.0,0.0
8805,O=[N+]([O-])C([N+](=O)[O-])([N+](=O)[O-])[N+](=O)[O-],0.0,0.0,1.0,0.0,0.0,0.0,0.0,0.0,0.0,0.0,0.0,0.0
8807,O=C(O)c1cccc([N+](=O)[O-])c1,0.0,0.0,0.0,0.0,0.0,0.0,0.0,0.0,0.0,0.0,0.0,0.0
8808,CC(=O)c1cccc([N+](=O)[O-])c1,0.0,0.0,0.0,0.0,0.0,,0.0,0.0,0.0,0.0,0.0,0.0
8809,O=[N+]([O-])c1cc(C(F)(F)F)ccc1Cl,0.0,0.0,0.0,0.0,0.0,0.0,0.0,0.0,0.0,0.0,0.0,0.0
8810,O=C(O)c1ccc([N+](=O)[O-])cc1,0.0,0.0,0.0,0.0,0.0,0.0,0.0,0.0,0.0,0.0,0.0,0.0
8811,O=[N+]([O-])c1ccc(Cl)cc1Cl,0.0,0.0,,0.0,0.0,0.0,0.0,0.0,0.0,0.0,0.0,0.0
8812,O=[N+]([O-])c1cccc([N+](=O)[O-])c1,0.0,0.0,1.0,0.0,0.0,0.0,0.0,,0.0,0.0,0.0,0.0
8813,CC(=O)c1ccccc1[N+](=O)[O-],0.0,0.0,0.0,0.0,0.0,,0.0,0.0,0.0,0.0,0.0,0.0
8814,O=[N+]([O-])c1ccccc1C(F)(F)F,0.0,0.0,0.0,0.0,0.0,0.0,0.0,0.0,0.0,0.0,0.0,0.0
8815,O=[N+]([O-])c1ccccc1CCO,0.0,0.0,0.0,0.0,0.0,,0.0,0.0,0.0,0.0,0.0,0.0
8819,O=[N+]([O-])c1ccccc1-c1ccccc1,0.0,0.0,0.0,0.0,0.0,0.0,0.0,,0.0,0.0,0.0,0.0
8820,CCCCC(CC)CO[N+](=O)[O-],0.0,0.0,0.0,0.0,0.0,,0.0,0.0,0.0,0.0,0.0,0.0
8821,CCCCCCC#CC(=O)OC,0.0,0.0,,0.0,0.0,0.0,0.0,0.0,0.0,0.0,0.0,0.0
8822,O=C(C(=O)c1ccco1)c1ccco1,0.0,0.0,1.0,0.0,0.0,0.0,,0.0,0.0,0.0,0.0,0.0
8823,CC(C)C(=O)c1ccccc1,0.0,0.0,0.0,0.0,0.0,,0.0,0.0,0.0,0.0,0.0,0.0
8824,CCOC(=O)C(Cl)C(C)=O,0.0,0.0,0.0,0.0,0.0,0.0,0.0,0.0,0.0,0.0,0.0,0.0
8826,CC(=O)Nc1cccc(N)c1,0.0,0.0,0.0,0.0,0.0,,0.0,0.0,0.0,0.0,0.0,0.0
8827,CCOC(=O)CC(CC(=O)OCC)(OC(C)=O)C(=O)OCC,0.0,0.0,0.0,0.0,0.0,0.0,,0.0,0.0,0.0,0.0,0.0
8828,CC(=O)OC1CC(C)OC(C)O1,0.0,0.0,0.0,0.0,0.0,0.0,0.0,0.0,0.0,0.0,0.0,0.0
8829,CC(=O)OC1CCC(C(C)(C)C)CC1,0.0,0.0,0.0,0.0,0.0,0.0,,0.0,0.0,0.0,0.0,0.0
8833,CCC(CC)C(C)CCOC(C)=O,0.0,0.0,,0.0,0.0,0.0,0.0,0.0,0.0,0.0,0.0,0.0
8834,O=C(C(=O)c1ccc(Br)cc1)c1ccc(Br)cc1,0.0,0.0,0.0,0.0,0.0,0.0,,0.0,0.0,0.0,0.0,0.0
8835,O=C(c1ccccc1)C1(O)CCCCC1,0.0,0.0,0.0,0.0,0.0,0.0,0.0,0.0,0.0,0.0,0.0,0.0
8837,O=C(c1ccccc1)c1ccccc1O,0.0,0.0,0.0,1.0,0.0,0.0,0.0,0.0,0.0,0.0,0.0,0.0
8838,CS(=O)(=O)c1cc(C(F)(F)F)ccc1C(=O)c1cnoc1C1CC1,0.0,0.0,0.0,0.0,0.0,0.0,0.0,0.0,,0.0,0.0,0.0
8839,CC(=O)CC(=O)c1ccccc1,0.0,0.0,0.0,0.0,0.0,0.0,0.0,1.0,,0.0,0.0,0.0
8840,CCC(=O)c1cccc(Cl)c1,0.0,0.0,0.0,0.0,0.0,0.0,,0.0,0.0,0.0,0.0,0.0
8841,CCCCCOC(=O)CCC,0.0,0.0,0.0,0.0,0.0,0.0,,0.0,0.0,0.0,0.0,0.0
8842,COC(=O)CCCCC(=O)O,0.0,0.0,0.0,0.0,0.0,0.0,,0.0,0.0,0.0,0.0,0.0
8843,COC(=O)CCCCC(=O)OC,0.0,0.0,0.0,0.0,0.0,0.0,0.0,0.0,0.0,0.0,0.0,0.0
8845,CCCCCCOC(=O)CCCCC(=O)OCCCCCC,0.0,0.0,,0.0,0.0,0.0,0.0,0.0,0.0,0.0,0.0,0.0
8846,CCCCCOC(=O)CCCCC,0.0,0.0,,0.0,0.0,0.0,0.0,0.0,0.0,0.0,0.0,0.0
8847,C=CCOC(=O)CCCCCC,0.0,0.0,0.0,0.0,0.0,0.0,,0.0,0.0,0.0,0.0,0.0
8849,COC(=O)CCCCCCCC(=O)OC,0.0,0.0,,0.0,0.0,0.0,0.0,0.0,0.0,0.0,0.0,0.0
8850,CCCCCCOC(=O)CCCCCCCC(=O)OCCCCCC,0.0,0.0,0.0,0.0,0.0,,0.0,0.0,0.0,0.0,0.0,0.0
8851,COC(=O)CCCCCCCCC(=O)OC,0.0,0.0,0.0,0.0,0.0,0.0,,0.0,0.0,0.0,0.0,0.0
8852,CCCCC(CC)COC(=O)CCCCCCCCC(=O)OCC(CC)CCCC,0.0,0.0,0.0,0.0,0.0,0.0,0.0,,0.0,0.0,0.0,0.0
8853,CCOC(=O)CCCCCCCCC(=O)OCC,0.0,0.0,0.0,0.0,0.0,0.0,0.0,,0.0,0.0,0.0,0.0
8854,CCCCCCCCCC(=O)OCC,0.0,0.0,0.0,0.0,0.0,0.0,0.0,,0.0,0.0,0.0,0.0
8855,O=C(Cl)c1ccc(C(=O)Cl)cc1,0.0,0.0,0.0,0.0,0.0,0.0,0.0,0.0,0.0,0.0,0.0,0.0
8856,O=C(Cl)c1cccc(C(=O)Cl)c1,0.0,0.0,0.0,0.0,0.0,0.0,0.0,0.0,0.0,0.0,0.0,0.0
8858,COCCOC[C@H](CC1(C(=O)N[C@H]2CC[C@@H](C(=O)O)CC2)CCCC1)C(=O)Oc1ccc2c(c1)CCC2,0.0,0.0,,0.0,0.0,0.0,0.0,0.0,0.0,0.0,0.0,0.0
8859,C=CC(=O)NC(C)(C)CS(=O)(=O)O,1.0,0.0,0.0,0.0,0.0,0.0,0.0,0.0,0.0,0.0,0.0,0.0
8861,CN(C)NC(=O)CCC(=O)O,0.0,0.0,0.0,0.0,0.0,0.0,0.0,1.0,0.0,0.0,0.0,0.0
8862,NNC(=O)c1cccnc1,0.0,0.0,0.0,0.0,0.0,1.0,0.0,,0.0,0.0,0.0,0.0
8863,O=C(O)/C=C/C(=O)O,0.0,0.0,1.0,0.0,1.0,,0.0,1.0,0.0,0.0,0.0,0.0
8865,CN(C)CCc1c[nH]c2ccccc12.O=C(O)/C=C/C(=O)O,,0.0,0.0,0.0,0.0,0.0,0.0,0.0,0.0,0.0,0.0,0.0
8866,C[C@H]1[C@@H]2Cc3ccc(O)cc3[C@@]1(C)CCN2C.C[C@H]1[C@@H]2Cc3ccc(O)cc3[C@@]1(C)CCN2C.O=C(O)/C=C/C(=O)O,0.0,0.0,0.0,0.0,0.0,,0.0,0.0,0.0,0.0,0.0,0.0
8869,N[C@@H](Cc1c[nH]c2ccccc12)C(=O)O,0.0,0.0,0.0,0.0,0.0,1.0,0.0,0.0,0.0,0.0,0.0,0.0
8870,C=C1C[C@]23C[C@@]1(O)CC[C@H]2[C@@]12C=C[C@H](O)[C@@](C)(C(=O)O1)[C@H]2[C@@H]3C(=O)O,0.0,0.0,0.0,0.0,0.0,0.0,0.0,0.0,0.0,0.0,0.0,0.0
8872,O=C(O)CC(=O)C(=O)O,0.0,0.0,,0.0,0.0,0.0,0.0,0.0,0.0,0.0,0.0,0.0
8874,NC(Cc1c[nH]c2ccccc12)C(=O)O,0.0,0.0,0.0,0.0,0.0,1.0,0.0,0.0,0.0,0.0,0.0,
8875,O=C(O)CC(O)C(=O)O,0.0,0.0,0.0,0.0,0.0,0.0,0.0,0.0,0.0,0.0,0.0,0.0
8876,Cc1cnc2c(C(=O)O)c(Cl)ccc2c1,0.0,0.0,0.0,0.0,0.0,0.0,,0.0,0.0,0.0,0.0,0.0
8877,O=C(O)c1c(Cl)ccc2cc(Cl)cnc12,0.0,0.0,0.0,0.0,0.0,,0.0,0.0,0.0,0.0,0.0,0.0
8878,CCCCOC(=O)c1ccccc1C(=O)O,0.0,0.0,0.0,0.0,0.0,0.0,,0.0,0.0,0.0,0.0,0.0
8879,CCCCCCOc1ccccc1C(=O)O,0.0,0.0,0.0,0.0,0.0,0.0,0.0,,0.0,0.0,0.0,0.0
8883,O=C(O)CCCc1c[nH]c2ccccc12,0.0,0.0,0.0,0.0,0.0,0.0,0.0,0.0,0.0,0.0,0.0,
8884,O=C(O)CCCCCC(=O)O,0.0,0.0,,0.0,0.0,0.0,0.0,0.0,0.0,0.0,0.0,0.0
8885,O=C(O)CCCCCCC(=O)O,0.0,0.0,0.0,0.0,0.0,0.0,0.0,0.0,0.0,0.0,0.0,
8886,COc1ccc2c(C(=S)N(C)CC(=O)O)cccc2c1C(F)(F)F,0.0,0.0,0.0,0.0,0.0,0.0,0.0,0.0,,0.0,0.0,0.0
8887,O=C(O)CO,0.0,0.0,0.0,0.0,0.0,0.0,,0.0,0.0,0.0,0.0,0.0
8888,O=C(O)CS,0.0,0.0,0.0,0.0,0.0,0.0,0.0,0.0,0.0,0.0,0.0,0.0
8889,CNC(=O)ON=C(CSC)C(C)(C)C,0.0,0.0,0.0,0.0,0.0,0.0,,0.0,0.0,0.0,0.0,0.0
8890,C=C(C)C(=O)OCCC(C)OC(=O)C(=C)C,0.0,0.0,0.0,0.0,0.0,0.0,,0.0,0.0,0.0,0.0,0.0
8891,C=C(C)C(=O)OC1CC(C)CC(C)(C)C1,0.0,0.0,0.0,0.0,0.0,0.0,,0.0,0.0,0.0,0.0,0.0
8892,CNC(=O)Oc1cccc(C(C)C)c1,0.0,0.0,0.0,0.0,0.0,0.0,,0.0,0.0,0.0,0.0,0.0
8894,CCOC(=O)C(Br)c1ccccc1,0.0,0.0,,0.0,0.0,0.0,0.0,0.0,0.0,0.0,0.0,0.0
8895,CCOC(=O)C1CC(=O)C(=C(O)C2CC2)C(=O)C1,0.0,0.0,0.0,0.0,0.0,0.0,,0.0,0.0,0.0,0.0,0.0
8896,CCOC(=O)c1ccccc1,0.0,0.0,0.0,0.0,0.0,0.0,0.0,,0.0,0.0,0.0,0.0
8897,CCOC(=O)Cc1ccccc1,0.0,0.0,,0.0,0.0,0.0,0.0,0.0,0.0,0.0,0.0,0.0
8898,C=CCOC(=O)c1ccc(C(=O)OCC=C)c(C(=O)OCC=C)c1,0.0,0.0,0.0,0.0,0.0,0.0,0.0,0.0,,0.0,0.0,0.0
8899,C=CCOC(=O)c1ccccc1C(=O)OCC=C,0.0,0.0,0.0,1.0,0.0,0.0,0.0,0.0,0.0,0.0,0.0,0.0
8901,CCCCOC(=O)c1ccccc1C(=O)OCc1ccccc1,0.0,0.0,0.0,0.0,1.0,0.0,0.0,1.0,0.0,0.0,0.0,0.0
8902,CCCOC(=O)c1ccccc1C(=O)OCCC,0.0,0.0,0.0,0.0,0.0,0.0,0.0,0.0,0.0,0.0,0.0,0.0
8903,CCCCOC(=O)c1ccccc1C(=O)OCCCC,0.0,0.0,0.0,0.0,0.0,0.0,0.0,1.0,0.0,0.0,0.0,0.0
8904,CCCCCCCCCOC(=O)CCCCC(=O)OCCCCCCC,0.0,0.0,,0.0,0.0,0.0,0.0,0.0,0.0,0.0,0.0,0.0
8905,CCCCCCCCCCCCCOC(=O)CCSCCC(=O)OCCCCCCCCCCCCC,0.0,0.0,0.0,0.0,0.0,0.0,,0.0,0.0,0.0,0.0,0.0
8907,O=C=NCCCCCCN=C=O,0.0,0.0,0.0,0.0,0.0,0.0,0.0,0.0,0.0,0.0,0.0,0.0
8908,CC1(C)CC(N=C=O)CC(C)(CN=C=O)C1,0.0,0.0,0.0,0.0,0.0,0.0,0.0,0.0,0.0,0.0,0.0,0.0
8909,CC1=CC(=O)CC(C)(C)C1,0.0,0.0,0.0,0.0,0.0,0.0,0.0,0.0,0.0,0.0,0.0,0.0
8910,Cc1cc(=O)nc(C(C)C)[nH]1,0.0,0.0,0.0,0.0,0.0,0.0,0.0,0.0,0.0,0.0,0.0,0.0
8912,O=c1ccc(=O)[nH][nH]1,0.0,0.0,0.0,0.0,0.0,0.0,0.0,0.0,0.0,0.0,0.0,0.0
8914,O=C1Nc2ccccc2C1=O,0.0,0.0,1.0,0.0,0.0,1.0,,0.0,0.0,0.0,0.0,0.0
8915,O=C1CC(=O)NC(=O)N1,0.0,0.0,0.0,0.0,0.0,0.0,,0.0,0.0,0.0,0.0,0.0
8916,CC1CC(=O)O1,0.0,0.0,0.0,0.0,0.0,0.0,0.0,0.0,0.0,0.0,0.0,0.0
8917,O=C1CCCC(=O)C1,0.0,0.0,0.0,0.0,0.0,0.0,0.0,,0.0,0.0,0.0,0.0
8918,O=C1CCCC(=O)O1,0.0,0.0,,0.0,0.0,0.0,0.0,0.0,0.0,0.0,0.0,0.0
8920,CCCCCCCC1CCCC1=O,0.0,0.0,0.0,0.0,0.0,0.0,,0.0,0.0,0.0,0.0,0.0
8921,O=C1CCCCC1,0.0,0.0,0.0,0.0,0.0,0.0,0.0,0.0,0.0,0.0,0.0,0.0
8924,CC1(C)C(=O)N(Cl)C(=O)N1Br,0.0,0.0,,0.0,0.0,0.0,0.0,0.0,0.0,0.0,0.0,0.0
8925,CC1(C)NC(=O)NC1=O,0.0,0.0,0.0,0.0,0.0,0.0,0.0,0.0,0.0,0.0,0.0,0.0
8926,O=C1NC(=O)c2ccccc21,0.0,0.0,0.0,0.0,0.0,0.0,0.0,0.0,0.0,0.0,0.0,0.0
8928,O=c1[nH]c(=O)c2c[nH]nc2[nH]1,0.0,0.0,0.0,0.0,0.0,0.0,,0.0,0.0,0.0,0.0,0.0
8930,O=C1NC2NC(=O)NC2N1,0.0,0.0,0.0,0.0,0.0,,0.0,0.0,0.0,0.0,0.0,0.0
8931,O=C1NCCN1,0.0,0.0,0.0,0.0,0.0,0.0,,0.0,0.0,0.0,0.0,0.0
8932,NCCN1CCNC1=O,0.0,0.0,0.0,0.0,0.0,0.0,,0.0,0.0,0.0,0.0,0.0
8934,CC1=C(O)C(=O)OC1C,0.0,0.0,,0.0,0.0,0.0,0.0,0.0,0.0,0.0,0.0,0.0
8936,Nc1cnn(-c2ccccc2)c(=O)c1Cl,0.0,0.0,0.0,0.0,0.0,,0.0,0.0,0.0,0.0,0.0,0.0
8938,Nc1c(Br)cc(Br)c2c1C(=O)c1ccccc1C2=O,0.0,0.0,,0.0,0.0,1.0,1.0,0.0,0.0,0.0,0.0,0.0
8939,CN1C(=O)c2ccccc2C1=O,0.0,0.0,0.0,0.0,0.0,0.0,0.0,,0.0,0.0,0.0,0.0
8943,CO[C@]1(NC(=O)CSC(F)F)C(=O)N2C(C(=O)O)=C(CSc3nnnn3CCO)CO[C@H]21,0.0,0.0,,0.0,0.0,0.0,0.0,0.0,0.0,0.0,0.0,0.0
8944,O=c1[nH]cnc2ccccc12,0.0,0.0,0.0,0.0,0.0,0.0,0.0,0.0,,0.0,0.0,0.0
8945,C[C@]12C(=O)OC(=O)[C@H]1[C@H]1C=C[C@@H]2C1,0.0,0.0,0.0,0.0,0.0,0.0,0.0,,0.0,0.0,0.0,0.0
8947,O=C1c2ccccc2-c2ccccc21,0.0,0.0,0.0,0.0,0.0,0.0,,0.0,0.0,0.0,0.0,0.0
8951,O=Cc1c(Cl)cccc1Cl,0.0,0.0,0.0,0.0,0.0,,0.0,0.0,0.0,0.0,0.0,0.0
8952,O=Cc1ccccc1Cl,0.0,0.0,,0.0,0.0,0.0,0.0,0.0,0.0,0.0,0.0,0.0
8954,O=CCCc1ccccc1,0.0,0.0,0.0,0.0,0.0,0.0,,1.0,0.0,0.0,0.0,0.0
8955,Cc1ccc(NC=O)c(C)c1,0.0,0.0,0.0,0.0,0.0,0.0,,0.0,0.0,0.0,0.0,0.0
8957,O=NN(c1ccccc1)c1ccccc1,0.0,0.0,0.0,0.0,1.0,0.0,0.0,1.0,0.0,0.0,0.0,0.0
8959,O=NN1CCN(N=O)CC1,0.0,0.0,0.0,0.0,0.0,,0.0,0.0,0.0,0.0,0.0,0.0
8960,O=NN1CCNCC1,,0.0,0.0,0.0,0.0,0.0,0.0,0.0,0.0,0.0,0.0,0.0
8961,CCOC(=O)CP(=O)(OCC)OCC,0.0,0.0,0.0,0.0,0.0,0.0,0.0,,0.0,0.0,0.0,0.0
8962,CCCCCCCCP(=O)(O)O,0.0,0.0,0.0,0.0,0.0,,0.0,0.0,0.0,0.0,0.0,0.0
8963,O=P(O)(O)O,0.0,0.0,0.0,0.0,0.0,0.0,0.0,0.0,0.0,0.0,0.0,0.0
8965,COP(=O)(OC)OC,0.0,0.0,0.0,0.0,0.0,0.0,0.0,0.0,0.0,0.0,0.0,0.0
8966,COP(=O)(OC)O/C(C)=C/C(=O)N(C)C,0.0,0.0,0.0,0.0,0.0,0.0,,0.0,0.0,0.0,0.0,0.0
8968,O=[PH]1Oc2ccccc2-c2ccccc21,0.0,0.0,0.0,0.0,0.0,,0.0,0.0,0.0,0.0,0.0,0.0
8973,NNS(=O)(=O)c1ccc(Oc2ccc(S(=O)(=O)NN)cc2)cc1,0.0,0.0,0.0,0.0,0.0,,0.0,0.0,0.0,0.0,0.0,0.0
8975,O=S(=O)(O)c1ccc2ccccc2c1,0.0,0.0,0.0,0.0,0.0,0.0,,0.0,0.0,0.0,0.0,0.0
8976,CC1=NN(c2cccc(S(=O)(=O)O)c2)C(=O)C1,0.0,0.0,,0.0,0.0,0.0,0.0,0.0,0.0,0.0,0.0,0.0
8977,O=C1C[C@@H]2OCC=C3CN4CC[C@]56c7ccccc7N1[C@H]5[C@H]2[C@H]3C[C@H]46.O=C1C[C@@H]2OCC=C3CN4CC[C@]56c7ccccc7N1[C@H]5[C@H]2[C@H]3C[C@H]46.O=S(=O)(O)O,0.0,0.0,0.0,0.0,0.0,,0.0,0.0,0.0,0.0,0.0,0.0
8979,CC(=O)Nc1ccc(S(=O)(=O)Cl)cc1,0.0,0.0,0.0,0.0,0.0,0.0,,0.0,0.0,0.0,0.0,0.0
8981,O=S(=O)(O)c1ccccc1,0.0,0.0,0.0,0.0,0.0,0.0,0.0,0.0,0.0,0.0,0.0,0.0
8982,O=S1(=O)OCCO1,0.0,0.0,0.0,0.0,0.0,0.0,,0.0,0.0,0.0,0.0,0.0
8983,O=C(O)c1ccc(C(=O)O)c(C(=O)O)c1,0.0,0.0,0.0,0.0,0.0,0.0,0.0,0.0,0.0,0.0,0.0,0.0
8986,O=C(O)c1ccc(O)cc1,0.0,0.0,0.0,0.0,0.0,0.0,0.0,0.0,0.0,0.0,0.0,0.0
8987,O=C(O)c1cccc(C(=O)O)n1,0.0,0.0,,0.0,0.0,0.0,0.0,0.0,0.0,0.0,0.0,0.0
8988,O=C(O)c1ccccc1Cl,0.0,0.0,0.0,0.0,0.0,0.0,,0.0,0.0,0.0,0.0,0.0
8991,O=C(O)CC(C(=O)O)S(=O)(=O)O,,0.0,0.0,0.0,0.0,0.0,0.0,0.0,0.0,0.0,0.0,0.0
8993,O=C(O)CN(CC(=O)O)CC(=O)O,0.0,0.0,1.0,0.0,0.0,0.0,0.0,0.0,0.0,0.0,0.0,0.0
8994,N#CC(O)c1ccccc1,0.0,0.0,,0.0,0.0,0.0,0.0,0.0,0.0,0.0,0.0,0.0
8996,CCCOCC(C)OCC(C)O,0.0,0.0,,0.0,0.0,0.0,0.0,0.0,0.0,0.0,0.0,0.0
8997,COc1ccc(C(O)(c2cncnc2)C2CC2)cc1,0.0,0.0,0.0,0.0,0.0,0.0,,0.0,0.0,0.0,0.0,0.0
8998,CC(C)CC(O)Cc1ccccc1,0.0,0.0,0.0,0.0,0.0,0.0,0.0,,0.0,0.0,0.0,0.0
9000,CCCCCCCCO[C@@H]1O[C@H](CO)[C@@H](O)[C@H](O)[C@H]1O,0.0,0.0,0.0,0.0,0.0,0.0,,0.0,0.0,0.0,0.0,0.0
9002,Oc1cccc(Cl)c1,0.0,0.0,0.0,0.0,0.0,0.0,,0.0,0.0,0.0,0.0,0.0
9004,O=C(O)c1ccccc1C(c1ccc(O)cc1)c1ccc(O)cc1,0.0,0.0,0.0,0.0,0.0,,0.0,0.0,0.0,0.0,0.0,0.0
9005,OC1CCC(C2CCCCC2)CC1,0.0,0.0,0.0,0.0,0.0,0.0,0.0,,0.0,0.0,0.0,0.0
9009,Oc1ccc(O)c2c(O)cccc12,0.0,0.0,,0.0,0.0,1.0,0.0,0.0,0.0,0.0,0.0,0.0
9011,OC1CCCCC1,0.0,0.0,0.0,0.0,0.0,0.0,0.0,0.0,0.0,0.0,0.0,0.0
9012,CCC(C)c1ccccc1O,0.0,0.0,0.0,0.0,0.0,0.0,1.0,0.0,0.0,0.0,0.0,0.0
9014,O=C(/C=C/c1ccc(O)c(O)c1)O[C@@H](C(=O)O)[C@@H](OC(=O)/C=C/c1ccc(O)c(O)c1)C(=O)O,0.0,0.0,,0.0,0.0,0.0,0.0,0.0,0.0,0.0,0.0,0.0
9015,CC(C/N=C/c1ccccc1O)/N=C/c1ccccc1O,0.0,0.0,,0.0,0.0,1.0,0.0,0.0,0.0,0.0,0.0,0.0
9016,OCC(CO)(CO)COCC(CO)(CO)CO,0.0,0.0,0.0,0.0,0.0,0.0,,0.0,0.0,0.0,0.0,0.0
9017,OCC1(CO)COCOC1,0.0,0.0,0.0,0.0,0.0,0.0,,0.0,0.0,0.0,0.0,0.0
9018,CC(C)c1ccc(CO)cc1,0.0,0.0,0.0,0.0,1.0,0.0,0.0,1.0,0.0,0.0,0.0,0.0
9021,OCCc1ccccn1,0.0,0.0,0.0,0.0,0.0,0.0,,0.0,0.0,0.0,0.0,0.0
9022,N#CCCN(CCO)CCO,0.0,0.0,,0.0,0.0,0.0,0.0,0.0,0.0,0.0,0.0,0.0
9023,CCCCN(CCO)CCO,0.0,0.0,0.0,0.0,0.0,,0.0,0.0,0.0,0.0,0.0,0.0
9024,COCCO,0.0,0.0,0.0,0.0,0.0,0.0,,0.0,0.0,0.0,0.0,0.0
9027,CCOCCOCCO,0.0,0.0,0.0,0.0,0.0,0.0,0.0,0.0,0.0,0.0,0.0,0.0
9028,CCOCCOCCOCCO,0.0,0.0,0.0,0.0,0.0,0.0,0.0,0.0,0.0,0.0,0.0,0.0
9029,CCCCOCCOCCOCCOCCO,0.0,0.0,0.0,0.0,0.0,0.0,0.0,,0.0,0.0,0.0,0.0
9031,O=P(O)(O)Oc1ccccc1,0.0,0.0,,0.0,0.0,0.0,0.0,0.0,0.0,0.0,0.0,0.0
9032,O=P(O)(Oc1ccccc1)Oc1ccccc1,0.0,,0.0,0.0,0.0,0.0,0.0,0.0,0.0,0.0,0.0,0.0
9033,Nc1cc(Cl)cc(S(=O)(=O)O)c1O,0.0,0.0,,0.0,0.0,0.0,0.0,0.0,0.0,0.0,0.0,0.0
9035,NC(=S)Nc1ccccc1,0.0,0.0,0.0,0.0,0.0,0.0,0.0,0.0,0.0,0.0,0.0,0.0
9037,CCCCN(CCCC)C(=S)S[Ni]SC(=S)N(CCCC)CCCC,0.0,0.0,0.0,0.0,0.0,0.0,0.0,,0.0,0.0,0.0,0.0
9040,COP(N)(=S)Oc1ccccc1C(=O)OC(C)C,0.0,0.0,0.0,0.0,0.0,1.0,0.0,,0.0,0.0,0.0,0.0
9042,SC1CCCC1,0.0,0.0,0.0,0.0,0.0,0.0,0.0,,0.0,0.0,0.0,0.0
9043,Sc1nnc(S)s1,0.0,0.0,,0.0,0.0,1.0,0.0,0.0,0.0,0.0,0.0,0.0
9044,CCOC(=S)[S-].[K+],1.0,0.0,0.0,,0.0,0.0,0.0,0.0,0.0,0.0,0.0,0.0
9045,Cc1ccc2c(c1)C(=O)c1ccccc1C2=O,0.0,1.0,1.0,,0.0,1.0,1.0,1.0,0.0,0.0,1.0,0.0
9046,COc1cc2c(cc1N)oc1ccccc12,1.0,0.0,0.0,,0.0,1.0,1.0,1.0,0.0,0.0,0.0,0.0
9050,CC(=O)Nc1ccc2c(c1)Cc1cc(NC(C)=O)ccc1-2,0.0,0.0,0.0,0.0,0.0,0.0,0.0,1.0,0.0,0.0,0.0,0.0
9051,CCN(Cc1c(F)cccc1Cl)c1c([N+](=O)[O-])cc(C(F)(F)F)cc1[N+](=O)[O-],0.0,0.0,0.0,1.0,0.0,0.0,1.0,1.0,0.0,0.0,0.0,0.0
9052,ON=C1C=CC(=NO)C=C1,0.0,0.0,1.0,,0.0,1.0,1.0,0.0,0.0,0.0,0.0,0.0
9059,C[As](C)(=O)O,1.0,0.0,0.0,0.0,0.0,0.0,0.0,0.0,0.0,0.0,0.0,0.0
9060,C=CCCCCCCC=C,1.0,0.0,0.0,,0.0,0.0,0.0,0.0,0.0,0.0,0.0,0.0
9061,CCC(C)c1cc(C(C)(C)C)c(O)c(C(C)(C)C)c1,0.0,0.0,0.0,0.0,0.0,0.0,1.0,0.0,1.0,0.0,0.0,0.0
9064,Cc1cccc(N(C)C(=S)Oc2ccc3c(c2)CCC3)c1,0.0,0.0,1.0,0.0,0.0,0.0,0.0,0.0,0.0,0.0,0.0,0.0
9067,O=C(O)C(F)(F)C(F)(F)C(F)(F)C(F)(F)C(F)(F)C(F)(F)C(F)(F)F,0.0,0.0,1.0,,0.0,0.0,0.0,0.0,0.0,0.0,0.0,0.0
9069,NCCN1CCNCC1,0.0,0.0,0.0,0.0,0.0,0.0,0.0,0.0,0.0,0.0,0.0,0.0
9070,CCCCC(CC)COC(=O)c1ccccc1C(=O)O,0.0,0.0,0.0,0.0,0.0,0.0,0.0,0.0,1.0,0.0,0.0,0.0
9072,CCOC(=O)Cn1c(=O)sc2cccc(Cl)c21,0.0,0.0,0.0,,0.0,1.0,0.0,0.0,0.0,0.0,0.0,0.0
9073,O=C(OCC1CO1)C1CCCCC1C(=O)OCC1CO1,0.0,0.0,1.0,,0.0,0.0,0.0,0.0,0.0,1.0,1.0,0.0
9077,O=[N+]([O-])c1cc(N(CCO)CCO)ccc1NCCO,1.0,0.0,0.0,,0.0,0.0,1.0,0.0,0.0,0.0,0.0,0.0
9078,CC(C)CP(=S)([S-])CC(C)C.[Na+],1.0,0.0,0.0,0.0,0.0,0.0,0.0,0.0,0.0,0.0,0.0,0.0
9080,COC(=O)c1ccc(CBr)cc1,0.0,0.0,0.0,,0.0,1.0,0.0,1.0,0.0,0.0,1.0,0.0
9083,c1ccc2sc(SN(C3CCCCC3)C3CCCCC3)nc2c1,0.0,0.0,1.0,,0.0,1.0,0.0,0.0,0.0,0.0,0.0,0.0
9085,CC1=C(CC=O)C(C)(C)CCC1,0.0,0.0,0.0,0.0,0.0,0.0,0.0,0.0,0.0,0.0,0.0,0.0
9086,Cc1ccc(C(C)(C)C)cc1,0.0,0.0,0.0,0.0,0.0,0.0,0.0,0.0,0.0,0.0,0.0,0.0
9087,CC=CC(=O)CC,0.0,0.0,0.0,0.0,0.0,0.0,0.0,0.0,0.0,0.0,0.0,0.0
9088,CCCCC/C=C\C/C=C\CCCCCCCC(=O)NC(C)c1ccccc1,0.0,0.0,1.0,0.0,0.0,0.0,0.0,0.0,0.0,0.0,0.0,0.0
9089,CCCCNC(=S)NCCCC,1.0,0.0,0.0,0.0,0.0,0.0,0.0,0.0,0.0,0.0,0.0,0.0
9090,CCOP(=S)(OCC)SCCl,0.0,0.0,0.0,,0.0,0.0,0.0,0.0,0.0,0.0,0.0,0.0
9091,O=C(Cl)/C=C/C(=O)Cl,0.0,0.0,1.0,0.0,0.0,0.0,0.0,0.0,0.0,0.0,0.0,0.0
9092,C#CC(C)N(C)C(=O)Nc1ccc(Cl)cc1,0.0,0.0,0.0,,0.0,1.0,0.0,0.0,0.0,0.0,0.0,0.0
9093,Clc1ccccc1-c1nnc(-c2ccccc2Cl)nn1,0.0,0.0,0.0,,0.0,1.0,0.0,1.0,0.0,0.0,1.0,0.0
9095,CCOC(=O)c1ccc(N(C)C)cc1,0.0,0.0,0.0,,0.0,1.0,0.0,1.0,0.0,0.0,0.0,0.0
9096,CN(C)c1ccc(C(c2ccccc2)c2ccc(N(C)C)cc2)cc1,0.0,0.0,0.0,,0.0,0.0,1.0,0.0,0.0,0.0,0.0,0.0
9098,c1ccc(CNc2ncnc3c2ncn3C2CCCCO2)cc1,0.0,0.0,0.0,,0.0,1.0,0.0,1.0,0.0,0.0,1.0,0.0
9099,Nc1ccc(-c2ccccc2)cc1,0.0,0.0,0.0,,0.0,1.0,0.0,1.0,0.0,0.0,0.0,0.0
9101,C=CC(=O)OCC(CC)CCCC,0.0,0.0,0.0,0.0,0.0,0.0,0.0,0.0,0.0,0.0,0.0,0.0
9102,C/C(=N\O)c1ccc(OCC(=O)N2CCCCC2)cc1,0.0,0.0,0.0,,0.0,1.0,0.0,1.0,0.0,0.0,1.0,0.0
9104,CCCCCCCCCCC(=O)O,0.0,0.0,0.0,0.0,0.0,0.0,0.0,0.0,0.0,0.0,0.0,0.0
9106,CCOC(=O)Nc1cccc(OC(=O)Nc2ccccc2)c1,0.0,0.0,0.0,,0.0,1.0,1.0,1.0,0.0,0.0,0.0,0.0
9107,C=C(C)C(=O)OCCCCCC,0.0,0.0,0.0,0.0,0.0,0.0,0.0,0.0,0.0,0.0,0.0,0.0
9108,CCCCCCOC(=O)C(C)C,0.0,1.0,0.0,,0.0,0.0,0.0,0.0,0.0,0.0,0.0,0.0
9110,O=C1OC(=O)c2cc(-c3ccc4c(c3)C(=O)OC4=O)ccc21,1.0,0.0,0.0,,0.0,0.0,0.0,0.0,0.0,0.0,0.0,0.0
9111,O=C1c2ccccc2C(=O)c2c(O)ccc(O)c21,0.0,0.0,1.0,,0.0,1.0,1.0,0.0,0.0,0.0,0.0,0.0
9112,COC(=O)c1ccccc1O,0.0,0.0,0.0,0.0,0.0,0.0,0.0,0.0,0.0,0.0,0.0,0.0
9113,CCCCCCCC/C=C\CCCCCCCC(=O)OC(CO)CO,1.0,0.0,0.0,,0.0,0.0,0.0,0.0,0.0,0.0,0.0,0.0
9115,O=C([O-])c1ccccc1Nc1cc(Cl)ccc1C(=O)[O-].[Na+].[Na+],1.0,0.0,0.0,0.0,0.0,0.0,0.0,0.0,0.0,0.0,0.0,0.0
9116,CC(C)c1ccc2c(C(C)C)cc(C(C)C)c(S(=O)(=O)[O-])c2c1.[Na+],0.0,0.0,1.0,0.0,0.0,0.0,0.0,0.0,0.0,0.0,0.0,0.0
9117,O=C([O-])c1cc(Oc2ccc(C(F)(F)F)cc2Cl)ccc1[N+](=O)[O-].[Na+],0.0,0.0,0.0,0.0,0.0,0.0,0.0,1.0,0.0,0.0,0.0,0.0
9118,O=C([O-])C(F)(F)C(F)(F)C(F)(F)C(F)(F)C(F)(F)C(F)(F)C(F)(F)F.[NH4+],0.0,0.0,1.0,,0.0,0.0,0.0,0.0,0.0,0.0,0.0,0.0
9119,CC(=O)[O-].CC(=O)[O-].O.O.O.[PbH2+2],0.0,0.0,1.0,0.0,0.0,0.0,0.0,0.0,0.0,0.0,0.0,0.0
9120,CCC(C)(CCC(C)C)C(=O)[O-].CCC(C)(CCC(C)C)C(=O)[O-].[Zn+2],0.0,0.0,0.0,0.0,0.0,0.0,0.0,0.0,0.0,0.0,0.0,0.0
9121,ClC(Br)Br,0.0,0.0,0.0,0.0,0.0,0.0,0.0,0.0,0.0,0.0,0.0,0.0
9122,CCCCC(CC)COC(=O)c1c(Br)c(Br)c(Br)c(Br)c1C(=O)OCC(CC)CCCC,0.0,1.0,0.0,,0.0,0.0,0.0,0.0,0.0,0.0,0.0,0.0
9124,C[C@@]12CCC[C@H]1[C@@H]1CC[C@H]3C[C@@H](O)CC[C@]3(C)[C@H]1CC2,0.0,1.0,0.0,0.0,1.0,0.0,0.0,1.0,0.0,0.0,0.0,0.0
9125,C[C@H](CN1CCCC1)C(=O)c1ccc(C(F)(F)F)cc1,0.0,0.0,1.0,,0.0,0.0,0.0,0.0,0.0,0.0,0.0,0.0
9127,C=C(C)C(=O)OCCOc1ccccc1,1.0,0.0,0.0,,0.0,0.0,0.0,1.0,0.0,0.0,0.0,0.0
9128,C=CC(C)=CCC=C(C)C,0.0,0.0,1.0,,0.0,0.0,0.0,0.0,0.0,0.0,0.0,0.0
9129,C=CCCCCCCCCC=O,0.0,0.0,0.0,0.0,0.0,0.0,0.0,0.0,0.0,0.0,0.0,0.0
9130,c1ccc2cnncc2c1,0.0,0.0,0.0,0.0,0.0,0.0,0.0,0.0,0.0,0.0,0.0,0.0
9131,C1CCOC1,0.0,0.0,0.0,,0.0,0.0,0.0,0.0,0.0,0.0,0.0,0.0
9133,CCCCCC(C)=O,1.0,0.0,0.0,0.0,0.0,0.0,0.0,0.0,0.0,0.0,0.0,0.0
9134,CC(=O)OC/C=C(\C)CC/C=C(\C)CCC=C(C)C,0.0,0.0,1.0,0.0,0.0,0.0,0.0,0.0,0.0,0.0,0.0,0.0
9135,CCCCCCCC/C=C/CCCOC(C)=O,1.0,0.0,0.0,0.0,0.0,0.0,0.0,0.0,0.0,0.0,0.0,0.0
9136,CC(C)(C)C(O)C(Oc1ccc(Cl)cc1)n1cncn1,0.0,0.0,0.0,1.0,0.0,1.0,0.0,0.0,0.0,0.0,0.0,0.0
9137,COc1cc(C(C)(C)C)c(O)c(C(C)(C)C)c1,0.0,0.0,0.0,,0.0,0.0,1.0,0.0,0.0,0.0,0.0,0.0
9138,CCOP(=S)(Oc1cnc(C(C)(C)C)nc1)OC(C)C,0.0,0.0,0.0,,0.0,1.0,0.0,0.0,0.0,0.0,0.0,0.0
9139,CC(C)(C)c1ccc(OCC2CO2)cc1,0.0,0.0,0.0,,0.0,0.0,0.0,1.0,0.0,0.0,0.0,0.0
9140,CC(C)c1cc(C(C)C)cc(C(C)C)c1,0.0,0.0,0.0,0.0,0.0,0.0,0.0,0.0,0.0,0.0,0.0,0.0
9141,C=CC(C)(O)CCCC(C)CCCC(C)CCCC(C)C,0.0,0.0,0.0,0.0,0.0,0.0,0.0,0.0,0.0,0.0,0.0,0.0
9142,CC(C)OC(=O)Nc1ccccc1,0.0,0.0,0.0,,0.0,0.0,0.0,1.0,0.0,0.0,0.0,0.0
9143,Cc1c(C(=O)O)cccc1[N+](=O)[O-],1.0,0.0,0.0,0.0,0.0,0.0,0.0,0.0,0.0,0.0,0.0,0.0
9144,CCC(=O)C(=O)CC,0.0,0.0,0.0,0.0,0.0,0.0,0.0,0.0,0.0,0.0,0.0,0.0
9145,CCCCC/C(=C/c1ccccc1)CO,0.0,0.0,0.0,,0.0,0.0,1.0,0.0,0.0,0.0,0.0,0.0
9146,CCCCCC/C=C/C=O,0.0,0.0,0.0,0.0,0.0,0.0,0.0,0.0,0.0,0.0,0.0,0.0
9149,Cc1ccc(N)cc1.Cl,0.0,0.0,0.0,,0.0,1.0,0.0,1.0,0.0,0.0,0.0,0.0
9150,Cl[In](Cl)Cl,0.0,0.0,1.0,0.0,0.0,0.0,0.0,0.0,0.0,0.0,0.0,0.0
9151,Cl[Sn](Cl)(Cl)Cl,0.0,0.0,0.0,0.0,0.0,0.0,0.0,0.0,0.0,0.0,0.0,0.0
9153,C#CC(C)(C)NC(=O)c1cc(Cl)cc(Cl)c1,0.0,0.0,0.0,0.0,0.0,0.0,0.0,0.0,0.0,0.0,0.0,0.0
9158,CNC(=O)Oc1cccc2c1OC(C)(C)O2,0.0,0.0,1.0,0.0,0.0,0.0,0.0,0.0,0.0,0.0,0.0,0.0
9160,COC(C=C(C)CCC=C(C)C)OC,0.0,0.0,0.0,0.0,0.0,0.0,0.0,0.0,0.0,0.0,0.0,0.0
9161,COC(OC)(C(=O)c1ccccc1)c1ccccc1,0.0,0.0,0.0,,1.0,0.0,0.0,1.0,0.0,0.0,0.0,0.0
9163,COc1cc(OC)c(OC)cc1C=O,0.0,0.0,0.0,,0.0,0.0,0.0,0.0,0.0,0.0,0.0,0.0
9164,CCNc1nc(NC(C)CC)nc(OC)n1,1.0,0.0,0.0,0.0,0.0,1.0,0.0,0.0,0.0,0.0,0.0,0.0
9165,COc1ccc(-n2nc(C(F)F)cc2-c2ccc(S(C)=O)cc2)cc1,0.0,0.0,0.0,0.0,0.0,0.0,0.0,0.0,0.0,0.0,0.0,0.0
9166,O=C(NC(=O)c1cc(F)c(F)cc1Cl)Nc1cc(F)ccc1N1CCC(C(=O)O)CC1,0.0,0.0,0.0,0.0,0.0,0.0,0.0,0.0,0.0,0.0,0.0,0.0
9167,N=C(N)c1ccc(OCCCOc2ccc(C(=N)N)cc2)cc1,0.0,0.0,1.0,,0.0,0.0,0.0,0.0,0.0,0.0,0.0,0.0
9168,CCCCCCCC/C=C\CCCCCCCC(N)=O,0.0,0.0,0.0,0.0,0.0,0.0,1.0,0.0,0.0,0.0,0.0,0.0
9169,CCCCNC(N)=O,1.0,0.0,0.0,0.0,0.0,0.0,0.0,0.0,0.0,0.0,0.0,0.0
9175,Cc1c([N+](=O)[O-])c(C)c([N+](=O)[O-])c(C(C)(C)C)c1[N+](=O)[O-],0.0,0.0,0.0,,0.0,0.0,1.0,0.0,0.0,0.0,0.0,0.0
9176,CCOC(=O)/C=C(/C)O[Al](OC(C)CC)OC(C)CC,0.0,0.0,0.0,0.0,0.0,0.0,0.0,0.0,0.0,0.0,0.0,0.0
9178,CCCCCCC(CCCCCCCCCCC(=O)OCC(COC(C)=O)OC(C)=O)OC(C)=O,0.0,0.0,0.0,0.0,0.0,0.0,0.0,0.0,0.0,0.0,0.0,0.0
9180,O=C(CC(=O)c1ccccc1)c1ccccc1,0.0,0.0,1.0,,0.0,1.0,1.0,1.0,0.0,0.0,1.0,0.0
9182,CC1(C(=O)Nc2ccc(O)c(Cl)c2Cl)CCCCC1,0.0,0.0,1.0,0.0,1.0,0.0,1.0,1.0,0.0,0.0,0.0,0.0
9183,C[C@H](CN1CCOCC1)C(C(=O)N1CCCC1)(c1ccccc1)c1ccccc1.O=C(O)[C@H](O)[C@@H](O)C(=O)O,0.0,0.0,0.0,0.0,0.0,1.0,0.0,0.0,0.0,0.0,0.0,0.0
9184,O=C(O)C(=O)Cc1c[nH]c2ccccc12,0.0,0.0,1.0,0.0,0.0,1.0,1.0,0.0,0.0,0.0,0.0,0.0
9185,CC(C)=CCN1CC[C@@]2(C)c3cc(O)ccc3C[C@@H]1[C@@H]2C.O=C(O)CCC(=O)O,0.0,0.0,0.0,0.0,0.0,0.0,0.0,0.0,0.0,0.0,0.0,0.0
9189,O=C(OCCc1ccccc1)c1ccccc1,0.0,0.0,0.0,,0.0,0.0,0.0,1.0,0.0,0.0,1.0,0.0
9190,CCCCOC(=O)[C@@H](C)Oc1ccc(Oc2ccc(C#N)cc2F)cc1,0.0,0.0,0.0,0.0,0.0,0.0,0.0,0.0,0.0,0.0,0.0,0.0
9191,CCCCCCOC(=O)CC(CC(=O)OCCCCCC)(OC(=O)CCC)C(=O)OCCCCCC,0.0,0.0,0.0,0.0,0.0,0.0,0.0,0.0,0.0,0.0,0.0,0.0
9192,O=C(OCCCCCCOC(=O)c1ccccc1)c1ccccc1,1.0,0.0,0.0,0.0,0.0,0.0,0.0,1.0,0.0,0.0,0.0,0.0
9193,CCCCC(CC)C(=O)OCCOCCOCCOCCOC(=O)C(CC)CCCC,0.0,0.0,0.0,1.0,0.0,0.0,0.0,0.0,0.0,0.0,0.0,0.0
9194,CC(C)(C)C1CCC(=O)CC1,1.0,0.0,0.0,,0.0,0.0,0.0,0.0,0.0,0.0,0.0,0.0
9197,C[C@]12CC[C@H]3[C@@H](CCC4=CC(=O)CC[C@@]43C)[C@@H]1CC[C@@H]2O,0.0,1.0,1.0,0.0,1.0,0.0,0.0,1.0,0.0,0.0,0.0,1.0
9198,O=Cc1ccc(F)cc1,0.0,0.0,0.0,0.0,0.0,0.0,0.0,0.0,0.0,0.0,0.0,0.0
9199,Nc1ccc2ccccc2c1S(=O)(=O)O,0.0,0.0,1.0,0.0,0.0,1.0,0.0,1.0,0.0,0.0,0.0,0.0
9201,CC(C)C(O)(c1ccc(OC(F)(F)F)cc1)c1cncnc1,0.0,0.0,0.0,0.0,0.0,0.0,0.0,0.0,0.0,0.0,0.0,0.0
9202,CCC(C)c1cccc(C(C)CC)c1O,0.0,0.0,0.0,,0.0,0.0,1.0,0.0,0.0,0.0,0.0,0.0
9204,CC1(C)Cc2cccc(O)c2O1,0.0,0.0,0.0,0.0,0.0,0.0,0.0,0.0,0.0,0.0,0.0,0.0
9207,CCCCCCCCCCCC(=O)OC[C@@H](O)[C@H]1OC[C@H](OCCO)[C@H]1OCCO,0.0,0.0,1.0,1.0,0.0,0.0,0.0,0.0,0.0,0.0,0.0,0.0
9208,CCCC[n+]1ccc(C)cc1.[Br-],0.0,0.0,1.0,0.0,0.0,1.0,1.0,0.0,0.0,0.0,0.0,0.0
9209,CCC(C)(CCC(C)C)C(=O)[O-].CCC(C)(CCC(C)C)C(=O)[O-].[Ca+2],0.0,0.0,0.0,0.0,0.0,0.0,0.0,0.0,0.0,0.0,0.0,0.0
9210,CC(=O)[O-].CC(=O)[O-].[Co+2],0.0,0.0,1.0,0.0,0.0,0.0,0.0,0.0,0.0,0.0,0.0,0.0
9212,S=C([S-])NCCNC(=S)[S-].[Mn+2],0.0,0.0,1.0,0.0,0.0,0.0,0.0,0.0,0.0,0.0,0.0,0.0
9214,C=C(C)C(=O)[O-].[Na+],0.0,0.0,0.0,0.0,0.0,0.0,0.0,0.0,0.0,0.0,0.0,0.0
9216,O=[N+]([O-])c1ccc([O-])cc1.[Na+],0.0,0.0,0.0,,0.0,0.0,1.0,0.0,0.0,0.0,0.0,0.0
9217,O=C1[N-]C(=O)C(c2ccccc2)(c2ccccc2)N1.[Na+],0.0,0.0,0.0,0.0,0.0,0.0,0.0,0.0,0.0,0.0,0.0,0.0
9218,[Ni+2].c1cc[cH-]c1.c1cc[cH-]c1,0.0,0.0,0.0,0.0,0.0,0.0,0.0,0.0,0.0,0.0,0.0,0.0
9219,O=[N+]([O-])c1cc([N+](=O)[O-])c2ccc(S(=O)(=O)O)cc2c1O,0.0,0.0,0.0,0.0,0.0,0.0,0.0,0.0,0.0,0.0,0.0,0.0
9220,C=C(C)CN(CC)c1c([N+](=O)[O-])cc(C(F)(F)F)cc1[N+](=O)[O-],0.0,0.0,0.0,0.0,0.0,0.0,1.0,0.0,0.0,0.0,0.0,0.0
9222,O=C(NCc1cccnc1)Nc1ccc([N+](=O)[O-])cc1,0.0,0.0,0.0,0.0,0.0,1.0,1.0,0.0,0.0,0.0,0.0,0.0
9223,Cc1ccc2ccccc2c1[N+](=O)[O-],0.0,0.0,0.0,,0.0,0.0,0.0,0.0,0.0,0.0,0.0,0.0
9226,ClCCBr,0.0,0.0,0.0,0.0,0.0,0.0,0.0,0.0,0.0,0.0,0.0,0.0
9228,CC(=N\O)/C(C)=N/O,0.0,0.0,0.0,0.0,0.0,0.0,0.0,0.0,0.0,0.0,0.0,0.0
9229,C=CC(C)(CCC=C(C)C)OC(=O)c1ccccc1,0.0,0.0,0.0,0.0,1.0,0.0,1.0,1.0,0.0,0.0,0.0,0.0
9230,C=CC(C)(O)CCC=C(C)CCC=C(C)C,0.0,0.0,0.0,,0.0,0.0,1.0,0.0,0.0,0.0,0.0,0.0
9231,C[C@@H]1CC2(OC3C[C@@]4(C)C5=CC[C@H]6C(C)(C)C(O[C@@H]7OC[C@@H](O)[C@H](O)[C@H]7O)CC[C@@]67C[C@@]57CC[C@]4(C)C31)OC(O)C1(C)OC21,0.0,0.0,0.0,0.0,0.0,0.0,1.0,0.0,0.0,0.0,0.0,0.0
9232,CCC[N+]1(C)CCCC1.O=S(=O)([O-])C(F)(F)F,0.0,0.0,0.0,0.0,0.0,0.0,0.0,0.0,0.0,0.0,0.0,0.0
9233,CCO[Si](C)(CCCOCC1CO1)OCC,0.0,0.0,0.0,0.0,0.0,0.0,0.0,0.0,0.0,0.0,0.0,0.0
9234,C[Si]1(C)O[Si](C)(C)O[Si](C)(C)O[Si](C)(C)O1,0.0,0.0,0.0,0.0,0.0,0.0,0.0,0.0,0.0,0.0,0.0,0.0
9235,C=C[Si]1(C)O[Si](C)(C=C)O[Si](C)(C=C)O[Si](C)(C=C)O1,1.0,0.0,0.0,0.0,0.0,0.0,0.0,0.0,0.0,0.0,0.0,0.0
9236,C[SiH](C)O[Si](C)(C)O[Si](C)(C)O[SiH](C)C,0.0,0.0,0.0,,0.0,0.0,0.0,0.0,0.0,0.0,0.0,0.0
9237,C=C(C)C(=O)O[C@@H]1C[C@H]2CC[C@]1(C)C2(C)C,0.0,0.0,0.0,0.0,0.0,0.0,0.0,0.0,0.0,0.0,0.0,0.0
9238,C=C(C)C(=O)OCCCCCCOC(=O)C(=C)C,0.0,0.0,0.0,1.0,0.0,0.0,0.0,0.0,0.0,0.0,0.0,0.0
9239,C=C(C)CCl,0.0,0.0,0.0,0.0,0.0,0.0,0.0,0.0,0.0,0.0,0.0,0.0
9241,C=C(Cl)CCl,0.0,0.0,0.0,0.0,0.0,0.0,0.0,0.0,0.0,0.0,0.0,0.0
9242,C=CC=O,0.0,0.0,1.0,0.0,0.0,0.0,0.0,0.0,0.0,0.0,0.0,0.0
9243,C=CN1CCCCCC1=O,0.0,0.0,0.0,0.0,0.0,0.0,0.0,0.0,0.0,0.0,0.0,0.0
9244,C=COC(=O)C(C)(CC)CCC(C)C,0.0,0.0,0.0,0.0,0.0,0.0,0.0,0.0,0.0,0.0,0.0,0.0
9245,C1=C/CC/C=C/CC/C=C/CC/1,0.0,0.0,0.0,0.0,0.0,0.0,0.0,0.0,0.0,0.0,0.0,0.0
9246,c1cc2c3c(cccc3c1)CC2,0.0,0.0,0.0,0.0,0.0,0.0,0.0,0.0,0.0,0.0,0.0,0.0
9253,CC(C)(C)c1cc(Cc2cc(C(C)(C)C)c(O)c(C(C)(C)C)c2)cc(C(C)(C)C)c1O,0.0,0.0,0.0,0.0,0.0,0.0,0.0,0.0,0.0,0.0,0.0,0.0
9254,CC(C)(C)c1ccc(CCC=O)cc1,0.0,0.0,0.0,,0.0,0.0,0.0,0.0,0.0,0.0,0.0,0.0
9255,CC(C)(C)C1CCCCC1O,0.0,0.0,0.0,0.0,0.0,0.0,0.0,0.0,0.0,0.0,0.0,0.0
9256,CC(CCO)CC(C)(C)C,0.0,0.0,0.0,0.0,0.0,0.0,0.0,0.0,0.0,0.0,0.0,0.0
9257,CC(C)(C)OOC(=O)c1ccccc1,0.0,0.0,0.0,0.0,0.0,0.0,0.0,0.0,0.0,0.0,0.0,0.0
9259,CC(C)CCCC(C)(C)O,0.0,0.0,0.0,0.0,0.0,0.0,0.0,0.0,0.0,0.0,0.0,0.0
9260,C=CC(C)CCCC(C)(C)O,0.0,0.0,0.0,0.0,0.0,0.0,0.0,0.0,0.0,0.0,0.0,0.0
9261,CC(C)C#N,0.0,0.0,1.0,0.0,0.0,0.0,0.0,0.0,0.0,0.0,0.0,0.0
9262,CC(C)c1ccc2cc(C(C)C)ccc2c1,0.0,0.0,0.0,,0.0,0.0,0.0,0.0,0.0,0.0,0.0,0.0
9264,CC(C)CC=C(C=O)c1ccccc1,0.0,0.0,0.0,0.0,0.0,0.0,1.0,1.0,0.0,0.0,0.0,0.0
9265,COC(=O)c1c(C(F)F)nc(C(F)(F)F)c(C2=NCCS2)c1CC(C)C,0.0,0.0,0.0,0.0,0.0,0.0,0.0,0.0,0.0,0.0,0.0,0.0
9266,CC(C)CCCCCCOC(=O)c1ccc(C(=O)OCCCCCCC(C)C)c(C(=O)OCCCCCCC(C)C)c1,0.0,0.0,0.0,0.0,0.0,0.0,0.0,0.0,0.0,0.0,0.0,0.0
9269,CC(C)CCCCOC(=O)c1ccccc1C(=O)OCCCCC(C)C,0.0,0.0,0.0,0.0,0.0,0.0,0.0,0.0,0.0,0.0,0.0,0.0
9272,CNC(=O)Oc1ccccc1OC(C)C,0.0,0.0,0.0,0.0,0.0,0.0,0.0,0.0,0.0,0.0,0.0,0.0
9276,CCCCNC1CC(C)(C)NC(C)(C)C1,0.0,0.0,0.0,,0.0,0.0,0.0,0.0,0.0,0.0,0.0,0.0
9277,C=C(C)C1CC=C(C)C(=O)C1,0.0,0.0,0.0,0.0,0.0,0.0,0.0,0.0,0.0,0.0,0.0,0.0
9279,Cc1cc(C(=O)O)ccc1[N+](=O)[O-],0.0,0.0,0.0,0.0,0.0,0.0,0.0,0.0,0.0,0.0,0.0,0.0
9280,COc1ccc(Br)c(C)c1,0.0,0.0,0.0,0.0,0.0,0.0,0.0,0.0,0.0,0.0,0.0,0.0
9281,CC1CCC(CO)CC1,0.0,0.0,0.0,0.0,0.0,0.0,0.0,0.0,0.0,0.0,0.0,0.0
9283,Cc1cccc(O)c1C,0.0,0.0,0.0,0.0,0.0,0.0,0.0,0.0,0.0,0.0,0.0,0.0
9284,CC1(C)C2=CCCC(C)(C)[C@]23CC[C@H]1C3,0.0,0.0,0.0,1.0,0.0,0.0,0.0,0.0,0.0,0.0,0.0,0.0
9286,Cc1cccc(Oc2ccccc2)c1,0.0,0.0,0.0,,0.0,0.0,0.0,0.0,0.0,0.0,0.0,0.0
9287,Cc1ccc2ccc3cccc4ccc1c2c34,0.0,0.0,0.0,0.0,0.0,0.0,1.0,0.0,0.0,0.0,0.0,0.0
9288,CCCCC(CC)COC(=O)c1ccc(C(=O)OCC(CC)CCCC)c(C(=O)OCC(CC)CCCC)c1,0.0,0.0,0.0,0.0,0.0,0.0,0.0,1.0,0.0,0.0,0.0,0.0
9290,CCCCC(CC)COC(=O)c1ccc(C(=O)OCC(CC)CCCC)cc1,0.0,0.0,0.0,0.0,0.0,0.0,0.0,0.0,0.0,0.0,0.0,0.0
9291,CCCC(=NOCC)C1=C(O)CC(CC(C)SCC)CC1=O,0.0,0.0,0.0,0.0,0.0,0.0,0.0,0.0,0.0,0.0,0.0,0.0
9292,CCCC(=O)OC(=O)CCC,0.0,0.0,0.0,0.0,0.0,0.0,0.0,0.0,0.0,0.0,0.0,0.0
9294,CCCC/C=C/C=C\C=O,0.0,0.0,1.0,0.0,0.0,0.0,0.0,0.0,0.0,0.0,0.0,0.0
9296,CCCCCCCC/C=C\CCCCCCCCO,0.0,0.0,0.0,0.0,0.0,0.0,0.0,0.0,0.0,0.0,0.0,0.0
9301,CCCN(CC1CC1)c1c([N+](=O)[O-])cc(C(F)(F)F)cc1[N+](=O)[O-],0.0,0.0,0.0,0.0,0.0,0.0,1.0,0.0,0.0,0.0,0.0,0.0
9302,CCN1CCN(c2cc(-c3ccc(F)cc3)c3c(n2)CCCCCC3)CC1,0.0,0.0,0.0,0.0,0.0,0.0,0.0,0.0,0.0,0.0,0.0,0.0
9303,CCNC(=O)NCCCOc1cccc(CN2CCCCC2)c1,0.0,0.0,0.0,0.0,0.0,0.0,0.0,0.0,0.0,0.0,0.0,0.0
9304,CCO[Si](CCC1CCC2OC2C1)(OCC)OCC,0.0,0.0,0.0,0.0,0.0,0.0,0.0,0.0,0.0,0.0,0.0,0.0
9305,CCO[Si](CCCCl)(OCC)OCC,0.0,0.0,0.0,0.0,0.0,0.0,1.0,0.0,0.0,0.0,0.0,0.0
9307,Cl.Cl.Nc1ccc(-c2ccc(N)cc2)cc1,0.0,0.0,0.0,1.0,0.0,0.0,0.0,0.0,0.0,0.0,0.0,0.0
9308,COc1ccc2c3c1O[C@H]1[C@@H](O)C=C[C@H]4[C@@H](C2)N(C)CC[C@@]341.Cl,1.0,0.0,1.0,0.0,0.0,0.0,0.0,0.0,0.0,0.0,0.0,0.0
9310,Cl[Si](Cl)(c1ccccc1)c1ccccc1,0.0,0.0,0.0,0.0,0.0,0.0,1.0,0.0,0.0,0.0,0.0,0.0
9311,Cl[Yb](Cl)Cl,0.0,0.0,0.0,0.0,0.0,0.0,0.0,0.0,0.0,0.0,0.0,0.0
9312,Cl[Zr](Cl)(C1=CC=CC1)C1C=CC=C1,0.0,0.0,0.0,0.0,0.0,0.0,0.0,0.0,0.0,0.0,0.0,0.0
9314,Clc1ccc(C(Cl)(Cl)Cl)cn1,0.0,0.0,0.0,,0.0,1.0,0.0,0.0,0.0,0.0,0.0,0.0
9316,CC(C)OC(=O)COc1ccc(Cl)cc1Cl,0.0,0.0,0.0,0.0,0.0,0.0,0.0,0.0,0.0,0.0,0.0,0.0
9318,Oc1cc(Cl)ccc1Cl,0.0,0.0,0.0,0.0,0.0,0.0,1.0,0.0,0.0,0.0,0.0,0.0
9319,CON(C)C(=O)Nc1ccc(Cl)cc1,0.0,0.0,0.0,,0.0,1.0,0.0,0.0,0.0,0.0,0.0,0.0
9322,O=C(O)CCCl,0.0,0.0,0.0,0.0,0.0,0.0,0.0,0.0,0.0,0.0,0.0,0.0
9323,ClCCOCCOCCCl,0.0,0.0,0.0,0.0,0.0,0.0,0.0,0.0,0.0,0.0,0.0,0.0
9329,CCC(=O)C=Cc1ccc(OC)cc1,0.0,0.0,0.0,0.0,0.0,0.0,0.0,0.0,0.0,0.0,0.0,0.0
9330,COc1ccc([N+](=O)[O-])cc1[N+](=O)[O-],0.0,0.0,0.0,0.0,0.0,0.0,0.0,0.0,0.0,0.0,0.0,0.0
9331,COc1ccc2ccccc2c1,0.0,0.0,0.0,0.0,0.0,0.0,0.0,0.0,0.0,0.0,0.0,0.0
9333,COP(C)(=O)OC,0.0,0.0,0.0,0.0,0.0,0.0,0.0,0.0,0.0,0.0,0.0,0.0
9334,CSc1nc(N=[N+]=[N-])nc(NC(C)C)n1,0.0,0.0,1.0,0.0,0.0,0.0,0.0,0.0,0.0,0.0,0.0,0.0
9335,CCNc1nc(NCC)nc(SC)n1,0.0,0.0,0.0,0.0,0.0,0.0,0.0,0.0,0.0,0.0,0.0,0.0
9336,CC[C@@H]1C[C@H](N(Cc2cc(C(F)(F)F)cc(C(F)(F)F)c2)C(C)=O)c2cc(C(F)(F)F)ccc2N1C(=O)OC(C)C,0.0,0.0,0.0,0.0,0.0,0.0,1.0,0.0,0.0,0.0,0.0,0.0
9337,O=C(O)c1cccc(C(F)(F)F)c1,0.0,0.0,0.0,0.0,0.0,0.0,0.0,0.0,0.0,0.0,0.0,0.0
9339,[Na]I,0.0,0.0,0.0,0.0,0.0,0.0,0.0,0.0,0.0,0.0,0.0,0.0
9340,N#C/C(N)=C(/N)C#N,0.0,0.0,0.0,0.0,0.0,1.0,0.0,0.0,0.0,0.0,0.0,0.0
9341,N#Cc1ccccc1O,0.0,0.0,0.0,0.0,0.0,1.0,0.0,0.0,0.0,0.0,0.0,0.0
9342,CN(C)CCC#N,0.0,0.0,0.0,0.0,0.0,0.0,0.0,0.0,0.0,0.0,0.0,0.0
9344,N[C@H]1CN(c2c(F)cc3c(=O)c(C(=O)O)cn(C4C[C@H]4F)c3c2Cl)CC12CC2,0.0,0.0,0.0,,0.0,0.0,0.0,0.0,0.0,0.0,0.0,0.0
9345,N=c1ccn2c(n1)O[C@H]1[C@H](O)[C@@H](CO)O[C@H]12,0.0,0.0,0.0,0.0,0.0,0.0,0.0,0.0,0.0,1.0,0.0,0.0
9346,CN(N=O)C(N)=O,1.0,0.0,0.0,0.0,0.0,0.0,0.0,0.0,0.0,0.0,0.0,0.0
9351,Cc1c(N)cccc1N,0.0,0.0,0.0,0.0,0.0,1.0,1.0,0.0,0.0,0.0,0.0,0.0
9352,Nc1cccnc1,0.0,0.0,0.0,0.0,0.0,0.0,0.0,0.0,0.0,0.0,0.0,0.0
9353,CC(C)Nc1nc(N)nc(Cl)n1,0.0,0.0,0.0,0.0,0.0,0.0,0.0,0.0,0.0,0.0,0.0,0.0
9354,Nc1nc2ccccc2s1,0.0,0.0,0.0,,0.0,1.0,0.0,0.0,0.0,0.0,0.0,0.0
9355,NC1CCC(CC2CCC(N)CC2)CC1,0.0,0.0,0.0,0.0,0.0,0.0,0.0,0.0,0.0,0.0,0.0,0.0
9356,CC1(C)CC(N)CC(C)(CN)C1,0.0,0.0,0.0,0.0,0.0,0.0,0.0,0.0,0.0,0.0,0.0,0.0
9357,NCCCN1CCN(CCCN)CC1,0.0,0.0,0.0,0.0,0.0,0.0,0.0,0.0,0.0,0.0,0.0,0.0
9358,NNC(=O)OCc1ccccc1,0.0,0.0,0.0,,0.0,1.0,0.0,0.0,0.0,0.0,0.0,0.0
9360,O.O.O.O.O.O.O.O=S(=O)([O-])[O-].[Co+2],0.0,0.0,1.0,0.0,0.0,0.0,0.0,0.0,0.0,0.0,0.0,0.0
9361,O=[Mo](=O)=O,0.0,0.0,0.0,0.0,0.0,0.0,0.0,0.0,0.0,0.0,0.0,0.0
9362,NC(=O)c1cccc([N+](=O)[O-])c1,0.0,0.0,0.0,,0.0,0.0,0.0,0.0,0.0,0.0,0.0,0.0
9365,CCOC(=O)/C=C/C(=O)OCC,0.0,0.0,1.0,0.0,0.0,0.0,0.0,0.0,0.0,0.0,0.0,0.0
9366,N#C[C@@H]1C[C@@H]2C[C@@H]2N1C(=O)[C@@H](N)C12CC3CC(CC(O)(C3)C1)C2,0.0,0.0,0.0,0.0,0.0,0.0,0.0,0.0,0.0,0.0,0.0,0.0
9368,O=C(C=Cc1ccccc1)OCCCc1ccccc1,0.0,0.0,0.0,,0.0,0.0,0.0,1.0,0.0,0.0,0.0,0.0
9369,CC(C)(O)C(=O)c1ccccc1,0.0,0.0,0.0,0.0,0.0,0.0,0.0,0.0,0.0,0.0,0.0,0.0
9370,COCCOC(=O)CC#N,0.0,0.0,0.0,0.0,0.0,0.0,0.0,0.0,0.0,0.0,0.0,0.0
9371,C=CC(C)(CCC=C(C)C)OC(=O)CC(C)C,0.0,0.0,0.0,0.0,0.0,0.0,0.0,0.0,0.0,0.0,0.0,0.0
9372,CCOC(=O)COc1ccc(C)cc1,1.0,0.0,0.0,0.0,0.0,0.0,0.0,0.0,0.0,0.0,0.0,0.0
9373,CC(C)N(C(=O)COc1nnc(C(F)(F)F)s1)c1ccc(F)cc1,0.0,0.0,1.0,0.0,0.0,0.0,0.0,0.0,0.0,0.0,0.0,0.0
9374,NC(=O)Nc1ccccc1,0.0,0.0,0.0,0.0,0.0,0.0,0.0,0.0,0.0,0.0,0.0,0.0
9375,O=C(NC(=O)c1ccccc1Cl)Nc1ccc(OC(F)(F)F)cc1,0.0,0.0,0.0,,0.0,1.0,0.0,0.0,0.0,0.0,0.0,0.0
9376,CN(C)C(=O)Nc1ccccc1,0.0,0.0,0.0,0.0,0.0,0.0,0.0,0.0,0.0,0.0,0.0,0.0
9377,COc1ccc(CN(CCN(C)C)c2ccccn2)cc1.O=C(O)/C=C\C(=O)O,0.0,0.0,0.0,0.0,0.0,0.0,0.0,0.0,0.0,0.0,0.0,0.0
9380,Cc1ccc(C(=O)O)o1,0.0,0.0,0.0,0.0,0.0,0.0,0.0,0.0,0.0,0.0,0.0,0.0
9381,O=C(O)c1cccc(Oc2ccccc2)c1,0.0,0.0,0.0,0.0,0.0,1.0,0.0,0.0,0.0,0.0,0.0,0.0
9382,CC(C)=CCCC(C)CC(=O)O,0.0,0.0,0.0,,0.0,0.0,0.0,0.0,0.0,0.0,0.0,0.0
9383,O=C(O)CC(Cl)C(=O)O,0.0,0.0,1.0,0.0,0.0,0.0,1.0,0.0,0.0,0.0,0.0,0.0
9385,CCCCCCCCCCCCCCCCC(=O)O,0.0,0.0,0.0,0.0,0.0,0.0,0.0,0.0,0.0,0.0,0.0,0.0
9386,O=C(O)CCCCCCNC1c2ccccc2CCc2ccccc21,0.0,0.0,0.0,1.0,0.0,1.0,0.0,0.0,0.0,0.0,0.0,0.0
9387,O=C(O)CN(CCN(CC(=O)O)CC(=O)O)CC(=O)O,0.0,0.0,0.0,0.0,0.0,0.0,0.0,0.0,0.0,0.0,0.0,0.0
9388,C[C@H](CCC(=O)NCC(=O)O)[C@H]1CC[C@H]2[C@@H]3[C@H](O)C[C@@H]4C[C@H](O)CC[C@]4(C)[C@H]3C[C@H](O)[C@]12C,0.0,0.0,0.0,,0.0,0.0,0.0,1.0,0.0,0.0,0.0,0.0
9389,CN(C)C(=O)Nc1cccc(OC(=O)NC(C)(C)C)c1,0.0,0.0,1.0,0.0,0.0,0.0,0.0,0.0,0.0,0.0,0.0,0.0
9391,CCCCCCCCOC(=O)c1ccc(C(=O)OCCCCCCCC)c(C(=O)OCCCCCCCC)c1,0.0,0.0,0.0,0.0,0.0,0.0,0.0,0.0,0.0,0.0,0.0,0.0
9392,CCCCCCCCCCOC(=O)c1ccccc1C(=O)OCCCCCCCC,0.0,0.0,0.0,0.0,0.0,0.0,0.0,0.0,0.0,0.0,0.0,0.0
9393,C=C(C)C(=O)OCCN(CC)CC,0.0,0.0,0.0,0.0,0.0,0.0,0.0,0.0,0.0,0.0,0.0,0.0
9394,C=C(C)C(=O)OCCOCCOC(=O)C(=C)C,0.0,0.0,0.0,,0.0,0.0,0.0,0.0,0.0,0.0,0.0,0.0
9396,CC1(C)CC(=O)CC(C)(C)N1,0.0,0.0,0.0,0.0,0.0,0.0,0.0,0.0,0.0,0.0,0.0,0.0
9397,O=C1CCCCCCCCCCCCCC1,0.0,0.0,0.0,,0.0,0.0,1.0,0.0,0.0,0.0,0.0,0.0
9402,O=C1c2ccccc2C(=O)C1c1nc2ccccc2c(Br)c1O,0.0,0.0,1.0,0.0,0.0,1.0,1.0,0.0,0.0,0.0,1.0,0.0
9403,O=c1c2ccccc2c(=O)c2c1cc(Cl)c1[nH]c3c([nH]c12)c(Cl)cc1c(=O)c2ccccc2c(=O)c13,0.0,0.0,0.0,0.0,0.0,1.0,0.0,0.0,0.0,0.0,0.0,0.0
9404,O=P(O)(OCc1ccccc1)OCc1ccccc1,0.0,0.0,0.0,0.0,0.0,0.0,0.0,0.0,0.0,0.0,0.0,0.0
9405,CCOP(=S)(OCC)Oc1ccc(S(C)=O)cc1,0.0,0.0,0.0,0.0,0.0,1.0,0.0,0.0,0.0,0.0,0.0,0.0
9408,CC(Cc1ccc(OCC(=O)O)cc1)NCC(O)c1csc(C(F)(F)F)n1,0.0,0.0,0.0,0.0,0.0,0.0,0.0,0.0,0.0,0.0,0.0,0.0
9410,CC1=CC(=O)CC(C)(C)C1(O)/C=C/C(C)=C\C(=O)O,0.0,0.0,0.0,0.0,0.0,0.0,0.0,0.0,0.0,0.0,0.0,0.0
9412,COc1cc(CCC(C)=O)ccc1O,0.0,0.0,0.0,0.0,0.0,0.0,0.0,0.0,0.0,0.0,0.0,0.0
9413,O=C1OC[C@H](Cc2cccc(O)c2)[C@H]1Cc1cccc(O)c1,0.0,0.0,0.0,0.0,0.0,0.0,1.0,1.0,0.0,0.0,0.0,0.0
9416,Oc1cccc2ccccc12,0.0,0.0,1.0,0.0,0.0,1.0,1.0,0.0,0.0,0.0,0.0,0.0
9419,CCCCCCC(O)CO,0.0,0.0,0.0,,0.0,0.0,0.0,0.0,0.0,0.0,0.0,0.0
9420,OCCCCC(O)CO,0.0,0.0,0.0,,0.0,0.0,0.0,0.0,0.0,0.0,0.0,0.0
9421,CC(COC(C)(C)C)OCCCO,0.0,0.0,0.0,0.0,0.0,0.0,0.0,0.0,0.0,0.0,0.0,0.0
9422,NCCCN(CCO)CCO,0.0,0.0,0.0,0.0,0.0,0.0,0.0,0.0,0.0,0.0,0.0,0.0
9423,CCCCCCCCCCCCOS(=O)(=O)O.OCCN(CCO)CCO,0.0,0.0,0.0,0.0,0.0,0.0,0.0,0.0,0.0,0.0,0.0,0.0
9424,OCCOCCO,0.0,0.0,0.0,0.0,0.0,0.0,0.0,0.0,0.0,0.0,0.0,0.0
9425,CCCCOCCOCCOCCO,1.0,0.0,0.0,0.0,0.0,0.0,0.0,0.0,0.0,0.0,0.0,0.0
9426,CCCCC(CC)C(=O)[O-].CCCCC(CC)C(=O)[O-].[Ba+2],0.0,0.0,0.0,0.0,0.0,0.0,1.0,0.0,0.0,0.0,0.0,0.0
9427,CCCCCCCCCCCCn1cc[n+](C)c1.[Br-],0.0,0.0,0.0,0.0,0.0,0.0,0.0,0.0,0.0,0.0,0.0,0.0
9428,CCCC[n+]1ccccc1.[Br-],0.0,0.0,0.0,0.0,0.0,0.0,0.0,0.0,0.0,0.0,0.0,0.0
9429,O=[Cd],0.0,0.0,0.0,,0.0,0.0,0.0,0.0,0.0,0.0,0.0,0.0
9430,C[N+](C)(C)CCO.[Cl-],0.0,0.0,0.0,0.0,0.0,0.0,0.0,0.0,0.0,0.0,0.0,0.0
9431,C=CC(=O)OCC[N+](C)(C)C.[Cl-],0.0,0.0,1.0,0.0,0.0,0.0,0.0,0.0,0.0,0.0,0.0,0.0
9432,C[N+]1(C)CCCCC1.[Cl-],0.0,0.0,0.0,0.0,0.0,0.0,0.0,0.0,0.0,0.0,0.0,0.0
9433,CCCC[n+]1cccc(C)c1.[Cl-],0.0,0.0,0.0,0.0,0.0,0.0,0.0,0.0,0.0,0.0,0.0,0.0
9435,[C-]#N.[Cu+],0.0,0.0,0.0,0.0,0.0,0.0,0.0,1.0,0.0,0.0,0.0,0.0
9436,CC[N+]1(C)CCCC1.[I-],0.0,0.0,0.0,0.0,0.0,0.0,0.0,0.0,0.0,0.0,0.0,0.0
9437,O=S(=O)([O-])[O-].[Li+].[Li+],0.0,0.0,0.0,0.0,0.0,0.0,0.0,0.0,0.0,0.0,0.0,0.0
9439,CCCCc1ccc2c(n1)[C@@H](c1ccc(OC)cc1C[C@H](C)C(=O)[O-])[C@H](C(=O)[O-])[C@H]2c1ccc2c(c1)OCO2.[Na+].[Na+],0.0,0.0,0.0,0.0,0.0,0.0,0.0,0.0,0.0,0.0,0.0,0.0
9441,CCCC(CCC)C(=O)[O-].[Na+],0.0,0.0,0.0,,0.0,0.0,0.0,0.0,0.0,0.0,0.0,0.0
9443,O=S(=O)([O-])c1ccc2cc(O)ccc2c1.[Na+],0.0,0.0,0.0,0.0,0.0,0.0,0.0,0.0,0.0,0.0,0.0,0.0
9444,Nc1cc(S(=O)(=O)[O-])cc2cc(S(=O)(=O)O)cc(O)c12.[Na+],0.0,0.0,0.0,0.0,0.0,0.0,0.0,0.0,0.0,0.0,0.0,0.0
9445,O=S(=O)([O-])c1cccc2ccccc12.[Na+],0.0,0.0,0.0,0.0,0.0,0.0,0.0,0.0,0.0,0.0,0.0,0.0
9446,CNCCS(=O)(=O)[O-].[Na+],0.0,0.0,0.0,0.0,0.0,0.0,0.0,0.0,0.0,0.0,0.0,0.0
9447,CCCCCCCCCOS(=O)(=O)[O-].[Na+],0.0,0.0,0.0,0.0,0.0,0.0,0.0,1.0,0.0,0.0,0.0,0.0
9448,CCCCN(CCCC)C(=S)[S-].[Na+],1.0,0.0,0.0,0.0,0.0,0.0,0.0,0.0,0.0,0.0,0.0,0.0
9449,CNC(=S)[S-].[Na+],0.0,0.0,0.0,0.0,0.0,0.0,0.0,0.0,0.0,0.0,0.0,0.0
9451,CCC1(c2ccccc2)C(=O)N=C([O-])NC1=O.[Na+],0.0,0.0,0.0,0.0,0.0,0.0,0.0,0.0,0.0,0.0,0.0,0.0
9452,Cc1cc(Cl)ccc1OCC(=O)[O-].[Na+],0.0,0.0,0.0,0.0,0.0,0.0,0.0,0.0,0.0,0.0,0.0,0.0
9454,O.O.O=c1nc([O-])n(Cl)c(=O)n1Cl.[Na+],0.0,0.0,0.0,0.0,0.0,0.0,0.0,0.0,0.0,0.0,0.0,0.0
9455,O=C([O-])[C@H](O)[C@H](O)[C@@H](O)[C@H](O)[C@H](O)CO.[Na+],0.0,0.0,0.0,0.0,0.0,0.0,0.0,0.0,0.0,0.0,0.0,0.0
9456,Nc1ccc([As](=O)([O-])O)cc1.[Na+],0.0,0.0,0.0,0.0,0.0,0.0,0.0,0.0,0.0,0.0,0.0,0.0
9457,O=C(CC(C(=O)OC1CCCCC1)S(=O)(=O)[O-])OC1CCCCC1.[Na+],0.0,0.0,0.0,0.0,0.0,0.0,0.0,0.0,0.0,0.0,0.0,0.0
9458,O=C1[N-]S(=O)(=O)c2ccccc21.[Na+],0.0,0.0,0.0,0.0,0.0,0.0,0.0,1.0,0.0,0.0,0.0,0.0
9459,COC(=O)c1cc(C(=O)OC)cc(S(=O)(=O)[O-])c1.[Na+],0.0,0.0,0.0,0.0,0.0,0.0,0.0,0.0,0.0,0.0,0.0,0.0
9460,O=Cc1ccccc1S(=O)(=O)[O-].[Na+],0.0,0.0,0.0,0.0,0.0,0.0,0.0,0.0,0.0,0.0,0.0,0.0
9461,CCCCCCCCS(=O)(=O)[O-].[Na+],0.0,0.0,0.0,0.0,0.0,0.0,0.0,0.0,0.0,0.0,0.0,0.0
9462,O=C1O[C@H]([C@@H](O)CO)C([O-])=C1O.[Na+],0.0,0.0,0.0,0.0,0.0,0.0,0.0,0.0,0.0,0.0,0.0,0.0
9463,O=S(=O)([O-])[S-].[NH4+].[NH4+],0.0,0.0,0.0,0.0,0.0,0.0,0.0,0.0,0.0,0.0,0.0,0.0
9464,CC1(C)[C@@H](O[C@H]2O[C@H](C(=O)O)[C@@H](O)[C@H](O)[C@H]2O[C@@H]2O[C@H](C(=O)[O-])[C@@H](O)[C@H](O)[C@H]2O)CC[C@]2(C)[C@H]3C(=O)C=C4[C@@H]5C[C@@](C)(C(=O)O)CC[C@]5(C)CC[C@@]4(C)[C@]3(C)CC[C@@H]12.O.O.O.[NH4+],0.0,0.0,0.0,0.0,0.0,0.0,0.0,0.0,0.0,0.0,0.0,0.0
9465,CN/C(=N/[N+](=O)[O-])NCC1CCOC1,0.0,0.0,0.0,,0.0,0.0,0.0,0.0,0.0,0.0,0.0,0.0
9467,O=[N+]([O-])c1ccc(NCCO)c(OCCO)c1,0.0,0.0,0.0,,0.0,0.0,0.0,0.0,0.0,0.0,0.0,0.0
9468,O=[N+]([O-])c1ccc2[nH]cnc2c1,0.0,0.0,0.0,0.0,0.0,0.0,1.0,0.0,0.0,0.0,0.0,0.0
9469,C[N+]1([O-])CCOCC1,0.0,0.0,0.0,0.0,0.0,0.0,0.0,0.0,0.0,0.0,0.0,0.0
9470,CC1(C)CC(=O)CC(C)(C)N1[O],0.0,0.0,0.0,,0.0,0.0,0.0,0.0,0.0,0.0,0.0,0.0
9471,CCCCCCCCCCCC[N+](C)(C)CCCS(=O)(=O)[O-],0.0,0.0,0.0,0.0,0.0,0.0,0.0,0.0,0.0,0.0,0.0,0.0
9473,ClC(Cl)(Br)Br,0.0,0.0,0.0,0.0,0.0,0.0,0.0,0.0,0.0,0.0,0.0,0.0
9474,O=C(O)c1cc(Br)c(O)c(Br)c1,0.0,0.0,0.0,,0.0,0.0,0.0,0.0,0.0,0.0,0.0,0.0
9476,Brc1ccc(Oc2ccc(Br)cc2)cc1,0.0,0.0,0.0,0.0,0.0,0.0,1.0,0.0,0.0,0.0,0.0,0.0
9477,Brc1ccccc1-c1ccccc1,0.0,0.0,0.0,0.0,0.0,0.0,0.0,0.0,0.0,0.0,0.0,0.0
9478,C=CCBr,0.0,0.0,0.0,,0.0,0.0,0.0,0.0,0.0,0.0,0.0,0.0
9480,CCCCCCCCCCCCCCCBr,0.0,0.0,0.0,0.0,0.0,0.0,0.0,0.0,0.0,0.0,0.0,0.0
9481,OCCBr,0.0,0.0,1.0,0.0,0.0,0.0,0.0,0.0,0.0,0.0,0.0,0.0
9482,CC1=CCC(=C(C)C)CC1,0.0,0.0,0.0,0.0,0.0,0.0,0.0,1.0,0.0,0.0,0.0,0.0
9483,CC(C)[C@]12CC(=O)[C@H](C)[C@H]1C2,0.0,0.0,0.0,0.0,0.0,0.0,0.0,0.0,0.0,0.0,0.0,0.0
9484,CC[N+]1(C)CCCC1.O=S(=O)([O-])C(F)(F)F,0.0,0.0,0.0,0.0,0.0,0.0,0.0,0.0,0.0,0.0,0.0,0.0
9485,CCn1cc[n+](C)c1.CS(=O)(=O)[O-],0.0,0.0,0.0,0.0,0.0,0.0,0.0,0.0,0.0,0.0,0.0,0.0
9486,CCn1cc[n+](C)c1.O=S(=O)([O-])C(F)(F)F,0.0,0.0,0.0,0.0,0.0,0.0,0.0,0.0,0.0,0.0,0.0,0.0
9487,C[n+]1ccn(CCO)c1.F[B-](F)(F)F,0.0,0.0,0.0,0.0,0.0,0.0,0.0,0.0,0.0,0.0,0.0,0.0
9488,C[Si](C)(C)C,0.0,0.0,0.0,0.0,0.0,0.0,0.0,0.0,0.0,0.0,0.0,0.0
9489,C[Si](NC1CCCCC1)(NC1CCCCC1)NC1CCCCC1,0.0,0.0,0.0,0.0,0.0,0.0,0.0,0.0,0.0,0.0,0.0,0.0
9491,CC(C)=CC(C)(C)C,0.0,0.0,0.0,0.0,0.0,0.0,0.0,0.0,0.0,0.0,0.0,0.0
9492,CC(=O)C=C(C)C,0.0,0.0,0.0,0.0,0.0,0.0,0.0,0.0,0.0,0.0,0.0,0.0
9496,C/C=C(/C)C#N,0.0,0.0,0.0,0.0,0.0,0.0,0.0,0.0,0.0,0.0,0.0,0.0
9497,C/C=C/C=C/C=O,0.0,0.0,1.0,0.0,0.0,0.0,0.0,0.0,0.0,0.0,0.0,0.0
9498,C=C(C)[C@@H]1CCC2=CC(=O)C[C@@H](C)[C@]2(C)C1,0.0,0.0,0.0,1.0,0.0,0.0,0.0,0.0,0.0,0.0,0.0,0.0
9500,C=C(C)C(=O)OCCCCCCCCCCCC,0.0,0.0,0.0,0.0,0.0,0.0,0.0,0.0,0.0,0.0,0.0,0.0
9501,C=C(C)C(=O)OCCOC1CC2CC1C1C=CCC21,0.0,0.0,0.0,0.0,0.0,0.0,0.0,0.0,0.0,0.0,0.0,0.0
9502,C=CC(=O)OCC,0.0,0.0,0.0,0.0,0.0,0.0,0.0,0.0,0.0,0.0,0.0,0.0
9503,C=CC(=O)OCC(C)C,0.0,0.0,0.0,0.0,0.0,0.0,0.0,0.0,0.0,0.0,0.0,0.0
9505,C=CC(=O)OCCCCCCCCCC,0.0,0.0,0.0,0.0,0.0,0.0,0.0,0.0,0.0,0.0,0.0,0.0
9506,C=CC(C)=O,0.0,0.0,0.0,0.0,0.0,0.0,0.0,0.0,0.0,0.0,0.0,0.0
9507,C=CC(N)=O,0.0,0.0,0.0,0.0,0.0,0.0,0.0,0.0,0.0,0.0,0.0,0.0
9508,C=CC1CO1,0.0,0.0,0.0,0.0,0.0,0.0,0.0,0.0,0.0,0.0,0.0,0.0
9509,C=CCc1cc(OC)c2c(c1)OCO2,0.0,0.0,0.0,0.0,0.0,0.0,0.0,0.0,0.0,0.0,0.0,0.0
9510,C=CCCCCCCCCO,0.0,0.0,0.0,0.0,0.0,0.0,0.0,0.0,0.0,0.0,0.0,0.0
9511,C=CCOCC(CO)(COCC=C)COCC=C,0.0,0.0,0.0,0.0,0.0,0.0,0.0,0.0,0.0,0.0,0.0,0.0
9512,C=CCOCC1CO1,0.0,0.0,0.0,0.0,0.0,0.0,0.0,0.0,0.0,0.0,0.0,0.0
9513,C=CCSSCC=C,0.0,0.0,0.0,,0.0,0.0,0.0,0.0,0.0,1.0,0.0,0.0
9514,C=COCCOCCOCCOC=C,0.0,0.0,0.0,0.0,0.0,0.0,0.0,0.0,0.0,0.0,0.0,0.0
9515,c1ccc(-c2nnn[nH]2)cc1,0.0,0.0,0.0,0.0,0.0,0.0,0.0,0.0,0.0,0.0,0.0,0.0
9519,c1ccc2scnc2c1,0.0,0.0,0.0,0.0,0.0,1.0,0.0,0.0,0.0,0.0,0.0,0.0
9520,C1CCCCC1,0.0,0.0,0.0,0.0,0.0,0.0,0.0,0.0,0.0,0.0,0.0,0.0
9523,c1ccc(Oc2ccccc2)cc1,0.0,0.0,0.0,0.0,0.0,0.0,0.0,0.0,0.0,0.0,0.0,0.0
9525,c1ccc(Sc2ccccc2)cc1,1.0,0.0,0.0,0.0,0.0,0.0,0.0,0.0,0.0,0.0,0.0,0.0
9526,C1CCN(CN2CCCCC2)CC1,0.0,0.0,0.0,0.0,0.0,0.0,0.0,0.0,0.0,0.0,0.0,0.0
9534,CC(=O)c1ccc2ccccc2c1,0.0,0.0,0.0,0.0,0.0,0.0,0.0,0.0,0.0,0.0,0.0,0.0
9535,CC(=O)c1ccc[nH]1,0.0,0.0,0.0,,0.0,0.0,0.0,0.0,0.0,0.0,0.0,0.0
9536,CC(=O)c1cccnc1,0.0,0.0,0.0,0.0,0.0,0.0,0.0,0.0,0.0,0.0,0.0,0.0
9538,CC(=O)CC(=O)Nc1ccc2[nH]c(=O)[nH]c2c1,0.0,0.0,0.0,,0.0,0.0,0.0,0.0,0.0,0.0,0.0,0.0
9539,CCOC(=O)CC(C)=O,0.0,0.0,0.0,0.0,0.0,0.0,0.0,0.0,0.0,0.0,0.0,0.0
9540,CCCC(C)=O,0.0,0.0,0.0,0.0,0.0,0.0,0.0,0.0,0.0,0.0,0.0,0.0
9542,CC(=O)NCCO,0.0,0.0,0.0,0.0,0.0,0.0,0.0,1.0,0.0,0.0,0.0,0.0
9543,CC(=O)O.O=C(NCC1CCCCN1)c1cc(OCC(F)(F)F)ccc1OCC(F)(F)F,0.0,0.0,0.0,0.0,0.0,0.0,0.0,0.0,0.0,0.0,0.0,0.0
9544,CC(=O)O[C@@H]1C[C@H]2CC[C@]1(C)C2(C)C,0.0,0.0,0.0,0.0,0.0,0.0,0.0,0.0,0.0,0.0,0.0,0.0
9546,CC(=O)OC(C)(C)Cc1ccccc1,0.0,0.0,0.0,0.0,0.0,0.0,0.0,0.0,0.0,0.0,0.0,0.0
9547,CC(=O)OCc1ccccc1,0.0,0.0,0.0,0.0,0.0,0.0,0.0,0.0,0.0,0.0,0.0,0.0
9549,CC(C)(C#N)C(C)(C)C#N,0.0,0.0,0.0,0.0,0.0,0.0,0.0,0.0,0.0,0.0,0.0,0.0
9550,CC(C)(C)C(=O)Cl,0.0,0.0,0.0,0.0,0.0,0.0,0.0,0.0,0.0,0.0,0.0,0.0
9551,CC(C)(C)c1ccc(C(=O)O)cc1,0.0,0.0,0.0,0.0,0.0,0.0,0.0,0.0,0.0,0.0,0.0,0.0
9554,CC(CC=O)CC(C)(C)C,0.0,0.0,0.0,,0.0,0.0,0.0,0.0,0.0,0.0,0.0,0.0
9555,CC(C)(C)N(CCO)CCO,0.0,0.0,0.0,,0.0,0.0,0.0,0.0,0.0,0.0,0.0,0.0
9556,C=CC(=O)NC(C)(C)C,0.0,0.0,0.0,0.0,0.0,0.0,0.0,0.0,0.0,0.0,0.0,0.0
9558,C=CC(C)(C)CC(=O)OC,0.0,0.0,0.0,0.0,0.0,0.0,0.0,0.0,0.0,0.0,0.0,0.0
9559,COC(C)(C)CCO,0.0,0.0,0.0,0.0,0.0,0.0,0.0,0.0,0.0,0.0,0.0,0.0
9560,CC(C)(Cl)Cl,0.0,0.0,0.0,0.0,0.0,0.0,0.0,0.0,0.0,0.0,0.0,0.0
9561,CC(C)C(O)C(C)(C)CO,0.0,0.0,0.0,0.0,0.0,0.0,0.0,0.0,0.0,0.0,0.0,0.0
9563,CC(C)C(=O)OCC(C)(C)C(O)C(C)C,0.0,0.0,0.0,0.0,0.0,0.0,0.0,0.0,0.0,0.0,0.0,0.0
9564,CC(C)(COC(=O)c1ccccc1)COC(=O)c1ccccc1,0.0,0.0,0.0,0.0,0.0,0.0,0.0,1.0,0.0,0.0,0.0,0.0
9565,CC(C)(O)CCc1ccccc1,0.0,0.0,0.0,0.0,0.0,0.0,0.0,0.0,0.0,0.0,0.0,0.0
9567,CC(C)C=O,0.0,0.0,0.0,0.0,0.0,0.0,0.0,0.0,0.0,0.0,0.0,0.0
9568,CC(C)c1ccc(C#N)cc1,0.0,0.0,0.0,0.0,0.0,0.0,0.0,0.0,0.0,0.0,0.0,0.0
9569,CC(C=O)Cc1ccc(C(C)C)cc1,0.0,0.0,0.0,0.0,0.0,0.0,0.0,0.0,0.0,0.0,0.0,0.0
9571,CC(C)CC#N,0.0,0.0,0.0,0.0,0.0,0.0,0.0,0.0,0.0,0.0,0.0,0.0
9572,CC(=O)CC(C)C,0.0,0.0,0.0,0.0,0.0,0.0,0.0,0.0,0.0,0.0,0.0,0.0
9574,CC(C)CCCC(=O)O,0.0,0.0,0.0,0.0,0.0,0.0,0.0,0.0,0.0,0.0,0.0,0.0
9575,CC(C)CCCCCCc1ccc(OCCOCCO)cc1,0.0,0.0,0.0,0.0,0.0,0.0,0.0,0.0,0.0,0.0,0.0,0.0
9576,CC(C)CCCCCCCOC(=O)c1ccccc1C(=O)OCCCCCCCC(C)C,0.0,0.0,0.0,0.0,0.0,0.0,0.0,0.0,0.0,0.0,0.0,0.0
9577,CC(C)CCCCCOC(=O)c1ccccc1C(=O)OCCCCCC(C)C,0.0,0.0,0.0,0.0,0.0,0.0,0.0,0.0,0.0,0.0,0.0,0.0
9578,CC(C)CCCCCOC(=O)CCS,0.0,0.0,0.0,0.0,0.0,0.0,0.0,0.0,0.0,0.0,0.0,0.0
9579,CC(C)CCCO,0.0,0.0,0.0,,0.0,0.0,0.0,0.0,0.0,0.0,0.0,0.0
9580,CC(C)CCOC(=O)c1ccccc1,0.0,0.0,0.0,0.0,0.0,0.0,0.0,0.0,0.0,0.0,0.0,0.0
9582,CC(C)COC(=O)C=Cc1ccccc1,0.0,0.0,0.0,,0.0,0.0,0.0,0.0,0.0,0.0,0.0,0.0
9586,CC(C)OCCO,0.0,0.0,0.0,0.0,0.0,0.0,0.0,0.0,0.0,0.0,0.0,0.0
9587,CC(C)SCc1ccco1,0.0,0.0,0.0,0.0,0.0,0.0,0.0,0.0,0.0,0.0,0.0,0.0
9588,CC(CC(=O)Cl)CC(C)(C)C,0.0,0.0,0.0,,0.0,0.0,0.0,0.0,0.0,0.0,0.0,0.0
9590,CCC(C)C(C)=O,0.0,0.0,0.0,0.0,0.0,0.0,0.0,1.0,0.0,0.0,0.0,0.0
9592,CCOP(=O)(SC(C)CC)N1CCSC1=O,0.0,0.0,0.0,0.0,0.0,0.0,0.0,0.0,0.0,0.0,0.0,0.0
9594,CC(CO)CO,0.0,0.0,0.0,0.0,0.0,0.0,0.0,0.0,0.0,0.0,0.0,0.0
9595,CCCCCCCCC(=O)OCC(C)OC(=O)CCCCCCCC,0.0,0.0,0.0,0.0,0.0,0.0,0.0,0.0,0.0,0.0,0.0,0.0
9596,CC(N)CN,0.0,0.0,0.0,,0.0,0.0,0.0,0.0,0.0,0.0,0.0,0.0
9598,CC(C)(O)CCC(C)(C)O,0.0,0.0,0.0,0.0,0.0,0.0,0.0,0.0,0.0,0.0,0.0,0.0
9599,C=CC(C)(O)CC/C=C(\C)CC,0.0,0.0,0.0,0.0,0.0,0.0,0.0,0.0,0.0,0.0,0.0,0.0
9600,CC(O)C(C)O,0.0,0.0,0.0,0.0,0.0,0.0,0.0,0.0,0.0,0.0,0.0,0.0
9601,CC(O)c1ccccc1,0.0,0.0,0.0,0.0,0.0,0.0,0.0,0.0,0.0,0.0,0.0,0.0
9602,CC(O)CCl,0.0,0.0,0.0,0.0,0.0,0.0,0.0,0.0,0.0,0.0,0.0,0.0
9605,CC/C(=N\OC/C=C/Cl)C1=C(O)CC(C2CCOCC2)CC1=O,0.0,0.0,0.0,0.0,0.0,0.0,0.0,0.0,0.0,0.0,0.0,0.0
9606,CC[Ge](Cl)(CC)CC,0.0,0.0,0.0,0.0,0.0,0.0,0.0,1.0,0.0,0.0,0.0,0.0
9607,CC/C=C/CCO,0.0,0.0,0.0,0.0,0.0,0.0,0.0,0.0,0.0,0.0,0.0,0.0
9609,CC=CC(=O)CCCC,0.0,0.0,0.0,0.0,0.0,0.0,0.0,0.0,0.0,0.0,0.0,0.0
9610,CC1(C)C(O)C(C)(C)C1O,0.0,0.0,0.0,0.0,0.0,0.0,0.0,0.0,0.0,0.0,0.0,0.0
9611,CC1=Nc2ccccc2C1(C)C,0.0,0.0,0.0,,0.0,0.0,0.0,0.0,0.0,0.0,0.0,0.0
9612,CC1(N)CCC(C(C)(C)N)CC1,0.0,0.0,0.0,0.0,0.0,0.0,0.0,1.0,0.0,0.0,0.0,0.0
9613,CCc1cnc(C2=NC(C)(C(C)C)C(=O)N2)c(C(=O)O)c1,0.0,0.0,0.0,0.0,0.0,0.0,0.0,0.0,0.0,0.0,0.0,0.0
9614,CC12CCC(C1)C(C)(C)C2O,0.0,0.0,0.0,0.0,0.0,0.0,0.0,0.0,0.0,0.0,0.0,0.0
9615,Cc1cc(C)c(C)cc1C,0.0,0.0,0.0,0.0,0.0,0.0,0.0,0.0,0.0,0.0,0.0,0.0
9617,Cc1cc(C)c(N)cc1C,0.0,0.0,0.0,0.0,0.0,0.0,0.0,0.0,0.0,0.0,0.0,0.0
9618,Cc1cc(C)c(C)c(O)c1,0.0,0.0,0.0,0.0,0.0,0.0,1.0,0.0,0.0,0.0,0.0,0.0
9619,Cc1cc(C)n(CO)n1,0.0,0.0,0.0,0.0,0.0,0.0,0.0,0.0,0.0,0.0,0.0,0.0
9620,Cc1cc(Cl)ccc1O,0.0,0.0,0.0,0.0,0.0,0.0,1.0,0.0,0.0,0.0,0.0,0.0
9621,Cc1cccc(N)c1,0.0,0.0,0.0,0.0,0.0,0.0,0.0,0.0,0.0,0.0,0.0,0.0
9624,CC(=O)/C=C/C1C(C)=CCC(C)C1(C)C,0.0,0.0,0.0,0.0,0.0,0.0,0.0,0.0,0.0,0.0,0.0,0.0
9625,Cc1ccc(C)cc1,0.0,0.0,0.0,0.0,0.0,0.0,0.0,0.0,0.0,0.0,0.0,0.0
9626,Cc1ccc(C)c(S(=O)(=O)O)c1,0.0,0.0,0.0,0.0,0.0,0.0,0.0,0.0,0.0,0.0,0.0,0.0
9628,Cc1ccc(C(C)C)cc1,0.0,0.0,0.0,0.0,0.0,0.0,0.0,0.0,0.0,0.0,0.0,0.0
9629,Cc1ccc(C(C)(C)O)cc1,0.0,0.0,0.0,0.0,0.0,0.0,0.0,0.0,0.0,0.0,0.0,0.0
9630,Cc1ccc(C(=O)O)cc1,0.0,0.0,0.0,0.0,0.0,0.0,0.0,0.0,0.0,0.0,0.0,0.0
9632,Cc1ccc(C(C)c2ccc(C)c(C)c2)cc1C,0.0,0.0,0.0,,0.0,0.0,0.0,0.0,0.0,0.0,0.0,0.0
9634,Cc1ccc2c(c1)CCCN2,0.0,0.0,0.0,0.0,0.0,1.0,0.0,0.0,0.0,0.0,0.0,0.0
9636,Cc1cccc2cccnc12,0.0,0.0,0.0,0.0,0.0,0.0,0.0,0.0,0.0,0.0,0.0,0.0
9637,Cc1ccccc1O,0.0,0.0,0.0,0.0,0.0,0.0,0.0,0.0,0.0,0.0,0.0,0.0
9638,Cc1nc(C)c(C)nc1C,0.0,0.0,0.0,0.0,0.0,0.0,0.0,0.0,0.0,0.0,0.0,0.0
9639,Cc1ncc[nH]1,0.0,0.0,0.0,0.0,0.0,1.0,0.0,0.0,0.0,0.0,0.0,0.0
9640,CCCC[C@H]1CN(CC2CCOCC2)C(=O)OC12CCN(C1(C)CCN(C(=O)c3c(C)ncnc3C)CC1)CC2,0.0,0.0,0.0,0.0,0.0,0.0,0.0,0.0,0.0,0.0,0.0,0.0
9642,CC1(C)COP(Oc2ccccc2)OC1,0.0,0.0,0.0,,0.0,0.0,0.0,0.0,0.0,0.0,0.0,0.0
9643,CN(CC1(C)CCCO1)S(=O)(=O)c1ccc(Cl)c(S(N)(=O)=O)c1,0.0,0.0,0.0,0.0,0.0,0.0,0.0,0.0,0.0,0.0,0.0,0.0
9644,CC1(C)C2CCC3(C2)[C@H]1C(=O)CCC3(C)C,0.0,0.0,0.0,,0.0,0.0,0.0,0.0,0.0,0.0,0.0,0.0
9645,CCC(=O)CC,0.0,0.0,0.0,0.0,0.0,0.0,0.0,0.0,0.0,0.0,0.0,0.0
9646,CCCC(=O)CC,0.0,0.0,0.0,0.0,0.0,0.0,0.0,1.0,0.0,0.0,0.0,0.0
9647,CCCCCC(=O)CC,0.0,0.0,0.0,0.0,0.0,0.0,0.0,0.0,0.0,0.0,0.0,0.0
9648,CCC(=O)OC,0.0,0.0,0.0,0.0,0.0,0.0,0.0,0.0,0.0,0.0,0.0,0.0
9649,CCC(=O)OC(C)c1ccccc1,0.0,0.0,0.0,0.0,0.0,0.0,0.0,0.0,0.0,0.0,0.0,0.0
9650,CCC(=O)OCCOc1ccccc1,0.0,0.0,0.0,0.0,0.0,0.0,0.0,0.0,0.0,0.0,0.0,0.0
9652,CCC(CC)C(=O)O,0.0,0.0,0.0,0.0,0.0,0.0,0.0,0.0,0.0,0.0,0.0,0.0
9653,CCC(C=O)CC,0.0,0.0,0.0,0.0,0.0,0.0,0.0,0.0,0.0,0.0,0.0,0.0
9656,CCC(Cl)CCl,0.0,0.0,0.0,0.0,0.0,0.0,0.0,0.0,0.0,0.0,0.0,0.0
9657,CCC(CO)CO,0.0,0.0,0.0,0.0,0.0,0.0,0.0,0.0,0.0,0.0,0.0,0.0
9658,CCC/C=C/CO,0.0,0.0,0.0,0.0,0.0,0.0,0.0,0.0,0.0,0.0,0.0,0.0
9659,CCC=O,0.0,0.0,0.0,0.0,0.0,0.0,0.0,0.0,0.0,0.0,0.0,0.0
9660,CCc1ccccc1,0.0,0.0,0.0,0.0,0.0,0.0,0.0,0.0,0.0,0.0,0.0,0.0
9661,CCOc1cc(OP(=S)(OC)OC)nc(CC)n1,0.0,0.0,0.0,0.0,0.0,0.0,0.0,0.0,0.0,0.0,0.0,0.0
9662,CCCC1CCC(=O)CC1,0.0,0.0,0.0,0.0,0.0,0.0,0.0,0.0,0.0,0.0,0.0,0.0
9663,CCCC1CCCC(=O)O1,0.0,0.0,0.0,,0.0,0.0,0.0,0.0,1.0,0.0,0.0,0.0
9664,CCCCCC,0.0,0.0,0.0,0.0,0.0,0.0,0.0,0.0,0.0,0.0,0.0,0.0
9665,CCCCCC(=O)O,0.0,0.0,0.0,0.0,0.0,0.0,0.0,0.0,0.0,0.0,0.0,0.0
9666,CCCCCCC(=O)O,0.0,0.0,0.0,0.0,0.0,0.0,0.0,0.0,0.0,0.0,0.0,0.0
9668,CCCCCCCCC=O,0.0,0.0,0.0,0.0,0.0,0.0,0.0,0.0,0.0,0.0,0.0,0.0
9669,CCCCCCCCCCC=O,0.0,0.0,0.0,0.0,0.0,0.0,0.0,1.0,0.0,0.0,0.0,0.0
9670,CCCCCCCCCCCCCCCCC,0.0,0.0,0.0,0.0,0.0,0.0,0.0,1.0,0.0,0.0,0.0,0.0
9671,CCCCCCCCCCCCCCCl,0.0,0.0,0.0,0.0,0.0,0.0,0.0,0.0,0.0,0.0,0.0,0.0
9673,CCCCCCCCCCCl,0.0,0.0,0.0,0.0,0.0,0.0,0.0,0.0,0.0,0.0,0.0,0.0
9675,CCCCCCCCCCO,0.0,0.0,0.0,1.0,0.0,0.0,0.0,0.0,0.0,0.0,0.0,0.0
9677,CCCCCCCCSCC,0.0,0.0,0.0,0.0,0.0,0.0,0.0,0.0,0.0,0.0,0.0,0.0
9678,CCCCCCCO,0.0,0.0,0.0,0.0,0.0,0.0,0.0,0.0,0.0,0.0,0.0,0.0
9679,CCCCCON=O,0.0,0.0,0.0,0.0,0.0,0.0,0.0,0.0,0.0,0.0,0.0,0.0
9680,CCCCCSCCCCC,0.0,0.0,0.0,0.0,0.0,0.0,0.0,0.0,0.0,0.0,0.0,0.0
9681,CCCCN(CCCC)CCCC,0.0,0.0,0.0,0.0,0.0,0.0,0.0,0.0,0.0,0.0,0.0,0.0
9682,CCCCNC(=O)NCCCC,0.0,0.0,0.0,0.0,0.0,0.0,0.0,0.0,0.0,0.0,0.0,0.0
9683,CCCCNc1ccccc1,0.0,0.0,0.0,0.0,0.0,0.0,0.0,0.0,0.0,0.0,0.0,0.0
9684,CCCCS(=O)(=O)Cl,0.0,0.0,0.0,0.0,0.0,0.0,0.0,0.0,0.0,0.0,0.0,0.0
9687,CCCOCCOCCO,0.0,0.0,0.0,0.0,0.0,0.0,0.0,0.0,0.0,0.0,0.0,0.0
9688,CCN(CCO)c1cccc(C)c1,0.0,0.0,0.0,0.0,0.0,0.0,0.0,0.0,0.0,0.0,0.0,0.0
9689,CCN1CN(CC)CN(CC)C1,0.0,0.0,0.0,0.0,0.0,0.0,0.0,0.0,0.0,0.0,0.0,0.0
9690,CCNC(=O)C(C)OC(=O)Nc1ccccc1,0.0,0.0,0.0,0.0,0.0,0.0,0.0,0.0,0.0,0.0,0.0,0.0
9693,CCNCCO,0.0,0.0,0.0,0.0,0.0,0.0,0.0,1.0,0.0,0.0,0.0,0.0
9694,CCO[Si](OCC)(OCC)c1ccccc1,0.0,0.0,0.0,0.0,0.0,0.0,0.0,0.0,0.0,0.0,0.0,0.0
9695,CCO[Si](CCC#N)(OCC)OCC,0.0,0.0,0.0,0.0,0.0,0.0,0.0,0.0,0.0,0.0,0.0,0.0
9698,CCOc1ccccc1OCC,0.0,0.0,0.0,0.0,0.0,0.0,0.0,0.0,0.0,0.0,0.0,0.0
9699,CCOCCO,0.0,0.0,0.0,0.0,0.0,0.0,0.0,0.0,0.0,0.0,0.0,0.0
9702,CCOP(=S)(OCC)SCSCC,0.0,0.0,0.0,,0.0,0.0,0.0,1.0,0.0,0.0,0.0,0.0
9703,CC(Cc1ccccc1)NCCn1cnc2c1c(=O)n(C)c(=O)n2C.Cl,0.0,0.0,0.0,0.0,0.0,0.0,0.0,0.0,0.0,0.0,0.0,0.0
9704,COc1cc(CC(C)N)cc2c1OCO2.Cl,0.0,0.0,0.0,0.0,0.0,0.0,0.0,0.0,0.0,0.0,0.0,0.0
9705,CNC(C)Cc1ccc2c(c1)OCO2.Cl,1.0,0.0,0.0,0.0,0.0,0.0,0.0,0.0,0.0,0.0,0.0,0.0
9706,CO/N=C(/C(=O)N[C@@H]1C(=O)N2C(C(=O)OCOC(=O)C(C)(C)C)=C(C)CS[C@H]12)c1csc(N)n1.Cl,0.0,0.0,0.0,0.0,0.0,0.0,0.0,0.0,0.0,0.0,0.0,0.0
9707,Cc1cc(Cl)ccc1N.Cl,1.0,0.0,0.0,0.0,0.0,1.0,0.0,0.0,0.0,0.0,0.0,0.0
9709,Cc1cccc(N)c1.Cl,0.0,0.0,0.0,,0.0,1.0,0.0,0.0,0.0,0.0,0.0,0.0
9710,Cc1ccc(N)c(C)c1.Cl,0.0,0.0,0.0,0.0,0.0,1.0,0.0,0.0,0.0,0.0,0.0,0.0
9711,CCC(=O)N(c1ccccc1)C1(COC)CCN(CCn2nnn(CC)c2=O)CC1.Cl,0.0,0.0,0.0,,0.0,0.0,0.0,0.0,0.0,0.0,0.0,0.0
9712,CCCN[C@H]1CCc2nc(N)sc2C1.Cl.Cl.O,0.0,0.0,0.0,0.0,0.0,0.0,0.0,0.0,0.0,0.0,0.0,0.0
9713,Cc1cc(Cl)ccc1/N=C/N(C)C.Cl,0.0,0.0,0.0,0.0,0.0,0.0,0.0,0.0,0.0,0.0,0.0,0.0
9714,CN(C)C.Cl,0.0,0.0,0.0,0.0,0.0,0.0,0.0,0.0,0.0,0.0,0.0,0.0
9715,COc1cc(CCN)cc(OC)c1OC.Cl,0.0,0.0,0.0,1.0,0.0,0.0,0.0,0.0,0.0,0.0,0.0,0.0
9716,CCN[C@H](C)Cc1cccc(C(F)(F)F)c1.Cl,0.0,0.0,0.0,0.0,0.0,0.0,0.0,0.0,0.0,0.0,0.0,0.0
9718,CCOC(=O)OCC/C(SC(=O)OCC)=C(\C)N(C=O)Cc1cnc(C)nc1N.Cl,0.0,0.0,0.0,0.0,0.0,0.0,0.0,0.0,0.0,0.0,0.0,0.0
9719,Cl.N[C@@H](CCC(=O)O)C(=O)O,0.0,0.0,0.0,0.0,0.0,0.0,0.0,0.0,0.0,0.0,0.0,0.0
9720,COc1ccc(C(CN(C)C)C2(O)CCCCC2)cc1.Cl,0.0,0.0,0.0,0.0,0.0,0.0,0.0,0.0,0.0,0.0,0.0,0.0
9721,Cl.NC(CO)(CO)CO,0.0,0.0,0.0,,0.0,0.0,0.0,0.0,0.0,0.0,0.0,0.0
9722,Cl[Ba]Cl,0.0,0.0,0.0,0.0,0.0,0.0,1.0,0.0,0.0,0.0,0.0,0.0
9723,Cl[Zn]Cl,0.0,0.0,0.0,0.0,0.0,0.0,0.0,0.0,0.0,0.0,0.0,0.0
9724,CCCSC(=O)Cl,0.0,0.0,0.0,0.0,0.0,0.0,0.0,0.0,0.0,0.0,0.0,0.0
9725,CC(Cl)COP(=O)(OCC(C)Cl)OCC(C)Cl,0.0,0.0,0.0,0.0,0.0,0.0,0.0,0.0,0.0,0.0,0.0,0.0
9726,O=C(O)C(Cl)(Cl)Cl,0.0,0.0,0.0,0.0,0.0,0.0,0.0,0.0,0.0,0.0,0.0,0.0
9727,ClC(Cl)(Cl)Cl,0.0,0.0,0.0,0.0,0.0,0.0,0.0,0.0,0.0,0.0,0.0,0.0
9728,FC(Cl)(Cl)C(F)(Cl)Cl,0.0,0.0,0.0,0.0,0.0,0.0,0.0,0.0,0.0,0.0,0.0,0.0
9729,C=CCN(CC=C)C(=O)C(Cl)Cl,0.0,0.0,0.0,0.0,0.0,0.0,0.0,0.0,0.0,0.0,0.0,0.0
9731,O=C(C(Cl)Cl)N1CCOC12CCCCC2,0.0,0.0,1.0,0.0,0.0,0.0,0.0,0.0,0.0,0.0,0.0,0.0
9733,CC(=O)C(Cl)Cl,0.0,0.0,0.0,0.0,0.0,0.0,0.0,0.0,0.0,0.0,0.0,0.0
9734,ClC(Cl)C(Cl)Cl,0.0,0.0,0.0,0.0,0.0,0.0,0.0,0.0,0.0,0.0,0.0,0.0
9735,ClC1=C(Cl)C1(Cl)Cl,0.0,0.0,0.0,0.0,0.0,0.0,0.0,0.0,0.0,0.0,0.0,0.0
9736,O=C(O)c1c(Cl)ccc(Cl)c1Cl,0.0,0.0,0.0,0.0,0.0,1.0,0.0,0.0,0.0,0.0,0.0,0.0
9738,O=[N+]([O-])c1cccc(Cl)c1Cl,0.0,0.0,0.0,0.0,0.0,0.0,0.0,0.0,0.0,0.0,0.0,0.0
9740,O=[N+]([O-])c1cc(Cl)c(Cl)cc1Cl,0.0,0.0,1.0,0.0,0.0,0.0,0.0,0.0,0.0,0.0,0.0,0.0
9741,CCCCC(CC)COC(=O)COc1ccc(Cl)cc1C,0.0,0.0,0.0,0.0,0.0,0.0,0.0,0.0,0.0,0.0,0.0,0.0
9747,CC(Oc1cccc(Cl)c1)C(=O)O,0.0,0.0,0.0,0.0,0.0,0.0,0.0,0.0,0.0,0.0,0.0,0.0
9748,CCCCOCCOC(=O)COc1cc(Cl)c(Cl)cc1Cl,0.0,0.0,0.0,0.0,0.0,0.0,0.0,0.0,0.0,0.0,0.0,0.0
9749,O=[N+]([O-])c1ccc(Cl)c(Cl)c1,0.0,0.0,0.0,0.0,0.0,1.0,0.0,0.0,0.0,0.0,0.0,0.0
9750,O=C(O)c1ccc(Cl)c(Cl)c1,0.0,0.0,0.0,0.0,0.0,0.0,0.0,0.0,0.0,0.0,0.0,0.0
9751,CC(C)(C)C(=O)CCc1ccc(Cl)cc1,0.0,0.0,0.0,0.0,0.0,0.0,0.0,0.0,0.0,0.0,0.0,0.0
9752,Clc1ccc(Cl)cc1,0.0,0.0,0.0,0.0,0.0,0.0,0.0,0.0,0.0,0.0,0.0,0.0
9753,NCCO.O=C(O)c1nc(Cl)ccc1Cl,0.0,0.0,0.0,0.0,0.0,0.0,0.0,0.0,0.0,0.0,0.0,0.0
9754,O=C(O)COc1ccc(Cl)cc1,0.0,0.0,0.0,0.0,0.0,0.0,0.0,0.0,0.0,0.0,0.0,0.0
9755,COC(=O)c1ccccc1Cl,0.0,0.0,0.0,0.0,0.0,0.0,0.0,0.0,0.0,0.0,0.0,0.0
9756,N#C/N=C1\SCCN1Cc1ccc(Cl)nc1,0.0,0.0,0.0,,0.0,0.0,0.0,0.0,0.0,0.0,0.0,0.0
9757,O=C(CCl)NCO,0.0,0.0,1.0,0.0,0.0,0.0,0.0,0.0,0.0,0.0,0.0,0.0
9758,CC(CCl)OP(=O)(OC(C)CCl)OC(C)CCl,0.0,0.0,0.0,0.0,0.0,0.0,0.0,0.0,0.0,0.0,0.0,0.0
9759,ClCC1CO1,0.0,0.0,0.0,0.0,0.0,0.0,0.0,0.0,0.0,0.0,0.0,0.0
9760,ClCCCl,0.0,0.0,0.0,0.0,0.0,0.0,0.0,0.0,0.0,0.0,0.0,0.0
9761,OCCCl,0.0,0.0,0.0,0.0,0.0,0.0,0.0,0.0,0.0,0.0,0.0,0.0
9762,ClCCOCOCCCl,0.0,0.0,0.0,0.0,0.0,0.0,0.0,0.0,0.0,0.0,0.0,0.0
9763,O=P(OCCCl)(OCCCl)OCCCl,0.0,0.0,0.0,0.0,0.0,0.0,0.0,0.0,0.0,0.0,0.0,0.0
9764,O=P(O)(O)CCCl,0.0,0.0,0.0,0.0,0.0,0.0,0.0,0.0,0.0,0.0,0.0,0.0
9767,CCCCCCCCS(=O)(=O)Cl,0.0,0.0,1.0,0.0,0.0,0.0,0.0,0.0,0.0,0.0,0.0,0.0
9768,CCCCC(=O)N(C)C,0.0,0.0,0.0,0.0,0.0,0.0,0.0,0.0,0.0,0.0,0.0,0.0
9769,CCCCCCCC(=O)N(C)C,0.0,0.0,0.0,0.0,0.0,0.0,0.0,0.0,0.0,0.0,0.0,0.0
9770,CCCCCCCCCC(=O)N(C)C,0.0,0.0,0.0,0.0,0.0,0.0,0.0,0.0,0.0,0.0,0.0,0.0
9771,CN(C)C=O,0.0,0.0,0.0,0.0,0.0,0.0,0.0,0.0,0.0,0.0,0.0,0.0
9773,CN(C)C1CSSSC1.O=C(O)C(=O)O,0.0,0.0,1.0,,0.0,0.0,0.0,0.0,0.0,0.0,0.0,0.0
9774,CCCCCCCCN(C)C,0.0,0.0,0.0,0.0,0.0,0.0,0.0,0.0,0.0,0.0,0.0,0.0
9775,C=C(C)C(=O)NCCCN(C)C,0.0,0.0,0.0,0.0,0.0,0.0,0.0,0.0,0.0,0.0,0.0,0.0
9779,CNC(=O)NC,0.0,0.0,0.0,0.0,0.0,0.0,0.0,0.0,0.0,0.0,0.0,0.0
9780,CNC(=O)Oc1cccc2c1OC(C)(C)C2,0.0,0.0,0.0,0.0,0.0,0.0,0.0,1.0,0.0,0.0,0.0,0.0
9782,CNC(=S)NC,0.0,0.0,0.0,0.0,0.0,0.0,0.0,0.0,0.0,0.0,0.0,0.0
9783,CCCCCCCCNC,0.0,0.0,0.0,0.0,0.0,0.0,0.0,0.0,0.0,0.0,0.0,0.0
9785,COC(=O)c1ccccc1,0.0,0.0,0.0,0.0,0.0,0.0,0.0,0.0,0.0,0.0,0.0,0.0
9786,COC(=O)CCC(=O)OC,0.0,0.0,0.0,0.0,0.0,0.0,0.0,0.0,0.0,0.0,0.0,0.0
9787,COc1c(C(C)(C)C)cc([N+](=O)[O-])c(C)c1[N+](=O)[O-],0.0,0.0,0.0,,1.0,0.0,1.0,0.0,0.0,0.0,0.0,0.0
9788,COc1cc(C(=O)OC(COCCC(C)C)CN2CCOCC2)cc(OC)c1OC,0.0,0.0,0.0,0.0,0.0,0.0,0.0,0.0,0.0,0.0,0.0,0.0
9789,COc1cc(C=O)ccc1OC(=O)C(C)C,0.0,0.0,0.0,0.0,0.0,0.0,0.0,0.0,0.0,0.0,0.0,0.0
9792,CCCCC(CC)COC(=O)/C=C/c1ccc(OC)cc1,0.0,0.0,0.0,0.0,0.0,0.0,0.0,0.0,0.0,0.0,0.0,0.0
9794,COc1ccc(C(C)=O)cc1,0.0,0.0,0.0,0.0,0.0,0.0,0.0,1.0,0.0,0.0,0.0,0.0
9795,COc1ccc(CCO)cc1,0.0,0.0,0.0,0.0,0.0,0.0,0.0,0.0,0.0,0.0,0.0,0.0
9796,COc1ccc(Cl)cc1C,0.0,0.0,0.0,0.0,0.0,0.0,0.0,0.0,0.0,0.0,0.0,0.0
9797,COc1ccc2c3c1O[C@H]1[C@@H](O)C=C[C@H]4[C@@H](C2)N(C)CC[C@@]341,0.0,1.0,1.0,0.0,0.0,0.0,0.0,0.0,0.0,0.0,0.0,0.0
9798,COc1cccc(OC)c1C(=O)O,0.0,0.0,0.0,0.0,0.0,0.0,0.0,0.0,0.0,0.0,0.0,0.0
9799,COC(=O)c1ccccc1OC,0.0,0.0,0.0,0.0,0.0,0.0,0.0,0.0,0.0,0.0,0.0,0.0
9800,COc1ccccc1NC(=O)CC(C)=O,0.0,0.0,1.0,0.0,0.0,1.0,0.0,0.0,0.0,0.0,0.0,0.0
9801,COCCCOCCCOC,0.0,0.0,0.0,0.0,0.0,0.0,0.0,0.0,0.0,0.0,0.0,0.0
9802,COCCOCCOCCOC,0.0,0.0,0.0,0.0,0.0,0.0,0.0,0.0,0.0,0.0,0.0,0.0
9804,CS(=O)(=O)O,0.0,0.0,0.0,0.0,0.0,0.0,0.0,0.0,0.0,0.0,0.0,0.0
9805,CS(C)=O,0.0,0.0,1.0,0.0,0.0,0.0,0.0,0.0,0.0,0.0,0.0,0.0
9806,CSSC,0.0,0.0,0.0,0.0,0.0,0.0,0.0,0.0,0.0,0.0,0.0,0.0
9807,CC[n+]1ccccc1.F[B-](F)(F)F,0.0,0.0,0.0,0.0,0.0,0.0,0.0,0.0,0.0,0.0,0.0,0.0
9809,FC(F)(F)C(F)(F)C(F)(F)C(F)(F)C(F)(F)C(F)(F)C(F)(F)C(F)(F)C(F)(F)C(F)(F)F,0.0,0.0,0.0,0.0,0.0,0.0,0.0,0.0,0.0,0.0,0.0,0.0
9810,OCCC(F)(F)C(F)(F)C(F)(F)C(F)(F)C(F)(F)C(F)(F)C(F)(F)C(F)(F)F,0.0,0.0,0.0,0.0,0.0,0.0,0.0,0.0,0.0,0.0,0.0,0.0
9811,C=C(C)C(=O)OCCC(F)(F)C(F)(F)C(F)(F)C(F)(F)C(F)(F)C(F)(F)F,0.0,0.0,0.0,0.0,0.0,0.0,0.0,0.0,0.0,0.0,0.0,0.0
9814,FC(F)(F)c1ccc(Cl)cc1Cl,0.0,0.0,0.0,,0.0,0.0,0.0,0.0,0.0,0.0,0.0,0.0
9815,O=C1C(Cl)C(CCl)CN1c1cccc(C(F)(F)F)c1,0.0,0.0,1.0,0.0,0.0,1.0,0.0,0.0,0.0,0.0,0.0,0.0
9816,CCCC[N+]1(C)CCCCC1.O=S(=O)([O-])C(F)(F)F,0.0,0.0,0.0,0.0,0.0,0.0,0.0,1.0,0.0,0.0,0.0,0.0
9817,CCOC(=O)CC(=O)c1cc(F)c(Cl)nc1Cl,0.0,0.0,0.0,0.0,0.0,0.0,0.0,0.0,0.0,0.0,0.0,0.0
9818,NC(Cc1ccc(F)cc1)C(=O)O,0.0,0.0,0.0,0.0,0.0,0.0,0.0,0.0,0.0,0.0,0.0,0.0
9820,O=C(Nc1ccc(F)cc1F)c1cccnc1Oc1cccc(C(F)(F)F)c1,0.0,0.0,0.0,0.0,0.0,1.0,1.0,0.0,0.0,0.0,0.0,0.0
9821,Cc1ccn2nc(S(=O)(=O)Nc3c(F)cccc3F)nc2n1,0.0,0.0,0.0,0.0,0.0,0.0,0.0,0.0,0.0,0.0,0.0,0.0
9822,NC(=O)CF,0.0,0.0,0.0,0.0,0.0,0.0,0.0,0.0,0.0,0.0,0.0,0.0
9825,N#CC1(N)CCCCC1,0.0,0.0,0.0,0.0,0.0,0.0,0.0,0.0,0.0,0.0,0.0,0.0
9828,N#Cc1ccccc1C#N,0.0,0.0,0.0,,0.0,0.0,0.0,0.0,0.0,0.0,0.0,0.0
9829,N#Cc1cccnc1,0.0,0.0,0.0,0.0,0.0,1.0,0.0,0.0,0.0,0.0,0.0,0.0
9830,N#CCc1ccccc1,0.0,0.0,0.0,0.0,0.0,0.0,0.0,0.0,0.0,0.0,0.0,0.0
9832,N#CCNCC#N,0.0,0.0,0.0,0.0,0.0,0.0,0.0,0.0,0.0,0.0,0.0,0.0
9834,CN(C)C(=N)NC(=N)N,0.0,0.0,0.0,,0.0,0.0,0.0,0.0,0.0,0.0,0.0,0.0
9836,NC(=S)NC(N)=S,1.0,0.0,0.0,0.0,0.0,0.0,0.0,0.0,0.0,0.0,0.0,0.0
9837,NC(=S)Nc1cccc2ccccc12,0.0,0.0,0.0,0.0,0.0,0.0,0.0,0.0,0.0,0.0,0.0,0.0
9838,NC(N)=[Se],0.0,0.0,0.0,,0.0,0.0,0.0,0.0,0.0,0.0,0.0,0.0
9839,NC(N)=O.OO,0.0,0.0,0.0,0.0,0.0,0.0,0.0,0.0,0.0,0.0,0.0,0.0
9840,Nc1cc[nH]c(=O)n1,0.0,0.0,0.0,0.0,0.0,0.0,0.0,0.0,0.0,0.0,0.0,0.0
9841,C[C@H]1N=C(N)O[C@H]1c1ccccc1,0.0,0.0,0.0,,0.0,0.0,0.0,0.0,0.0,0.0,0.0,0.0
9842,Nc1cc(C(=O)O)ccc1Cl,0.0,0.0,0.0,0.0,0.0,0.0,0.0,0.0,0.0,0.0,0.0,0.0
9846,COc1cc([N+](=O)[O-])ccc1N,0.0,0.0,0.0,,0.0,0.0,0.0,0.0,0.0,0.0,0.0,0.0
9847,CCCc1ccc(N)cc1,0.0,0.0,0.0,0.0,0.0,0.0,0.0,0.0,0.0,0.0,0.0,0.0
9849,CCOC(=O)c1ccccc1N,0.0,0.0,0.0,0.0,0.0,0.0,0.0,0.0,0.0,0.0,0.0,0.0
9850,Nc1ccccc1Cl,0.0,0.0,0.0,0.0,0.0,0.0,0.0,0.0,0.0,0.0,0.0,0.0
9851,NC1CCCCC1N,0.0,0.0,0.0,0.0,0.0,0.0,0.0,0.0,0.0,0.0,0.0,0.0
9852,Nc1nc(N)nc(N)n1,0.0,0.0,0.0,0.0,0.0,0.0,0.0,0.0,0.0,0.0,0.0,0.0
9853,CCNc1nc(N)nc(Cl)n1,0.0,0.0,0.0,0.0,0.0,0.0,0.0,0.0,0.0,0.0,0.0,0.0
9854,Nc1nc2ccccc2[nH]1,0.0,0.0,0.0,0.0,0.0,1.0,0.0,0.0,0.0,0.0,0.0,0.0
9858,CN(C)CCCN,0.0,0.0,0.0,0.0,0.0,0.0,0.0,0.0,0.0,0.0,0.0,0.0
9863,c1ccc(OP(Oc2ccccc2)Oc2ccccc2)cc1,0.0,0.0,0.0,0.0,0.0,0.0,0.0,0.0,0.0,0.0,0.0,0.0
9866,OC1OC[C@@H](O)[C@H](O)[C@H]1O,0.0,0.0,0.0,0.0,0.0,0.0,0.0,0.0,0.0,0.0,0.0,0.0
9868,ON=C1CCCC1,0.0,0.0,0.0,0.0,0.0,0.0,0.0,0.0,0.0,0.0,0.0,0.0
9870,O=[Cr]O[Cr]=O,0.0,0.0,0.0,0.0,0.0,0.0,0.0,0.0,0.0,0.0,0.0,0.0
9871,Cc1ccc(O)c([N+](=O)[O-])c1,0.0,0.0,0.0,0.0,0.0,0.0,0.0,0.0,0.0,0.0,0.0,0.0
9872,O=C(O)c1cc(C(=O)O)cc([N+](=O)[O-])c1,0.0,0.0,0.0,0.0,0.0,0.0,0.0,0.0,0.0,0.0,0.0,0.0
9873,O=C(Cl)c1cccc([N+](=O)[O-])c1,0.0,0.0,0.0,0.0,0.0,0.0,0.0,0.0,0.0,0.0,0.0,0.0
9875,O=[N+]([O-])c1cccc(Cl)c1,0.0,0.0,0.0,0.0,0.0,0.0,0.0,0.0,0.0,0.0,0.0,0.0
9876,O=C(O)CNC(=O)c1ccc([N+](=O)[O-])cc1,0.0,0.0,0.0,0.0,0.0,0.0,0.0,1.0,0.0,0.0,0.0,0.0
9877,CC(=O)c1ccc([N+](=O)[O-])cc1,0.0,0.0,0.0,0.0,0.0,0.0,0.0,0.0,0.0,0.0,0.0,0.0
9878,COC(=O)c1cc(Cl)ccc1[N+](=O)[O-],0.0,0.0,0.0,0.0,0.0,0.0,0.0,0.0,0.0,0.0,0.0,0.0
9879,O=[N+]([O-])c1cccc(O)c1,0.0,0.0,1.0,0.0,0.0,0.0,1.0,1.0,0.0,0.0,0.0,0.0
9880,O=C(O)c1ccccc1[N+](=O)[O-],0.0,0.0,0.0,0.0,0.0,0.0,0.0,0.0,0.0,0.0,0.0,0.0
9881,O=[N+]([O-])c1ccccc1CCl,0.0,0.0,1.0,0.0,0.0,0.0,0.0,0.0,1.0,0.0,0.0,0.0
9882,O=C1CC[C@H](C(=O)N2CCCCC2)N1,0.0,0.0,0.0,0.0,0.0,0.0,0.0,0.0,0.0,0.0,0.0,0.0
9884,CC(=O)c1ccccc1O,0.0,0.0,0.0,,0.0,0.0,0.0,0.0,0.0,0.0,0.0,0.0
9885,CC(=O)CN(CC(C)=O)N=O,0.0,0.0,0.0,0.0,0.0,0.0,0.0,0.0,0.0,0.0,0.0,0.0
9886,CC(=O)Nc1ccc(N)cc1,0.0,0.0,0.0,0.0,0.0,0.0,0.0,0.0,0.0,0.0,0.0,0.0
9887,CC(=O)Nc1ccccc1C,0.0,0.0,0.0,0.0,0.0,0.0,0.0,0.0,0.0,0.0,0.0,0.0
9888,C=CC(C)(CCC=C(C)C)OC(C)=O,0.0,0.0,0.0,0.0,0.0,0.0,0.0,0.0,0.0,0.0,0.0,0.0
9891,C=C(C)C1CC=C(C)C(OC(C)=O)C1,0.0,0.0,0.0,0.0,0.0,0.0,0.0,0.0,0.0,0.0,0.0,0.0
9892,C=Cc1ccc(OC(C)=O)cc1,0.0,0.0,1.0,0.0,0.0,0.0,0.0,0.0,0.0,0.0,0.0,0.0
9893,CC(=O)OCCC(C)CC(C)(C)C,0.0,0.0,0.0,0.0,0.0,0.0,0.0,0.0,0.0,0.0,0.0,0.0
9894,CCCCCCOC(C)=O,0.0,0.0,0.0,0.0,0.0,0.0,0.0,0.0,0.0,0.0,0.0,0.0
9896,CC(=O)OCCOCCOCCOC(C)=O,0.0,0.0,0.0,0.0,0.0,0.0,0.0,0.0,0.0,0.0,0.0,0.0
9897,COC(=O)C=C(C)CCC=C(C)C,0.0,0.0,0.0,0.0,0.0,0.0,0.0,0.0,0.0,0.0,0.0,0.0
9898,C=CC(=O)N1CCOCC1,0.0,0.0,0.0,0.0,0.0,0.0,0.0,0.0,0.0,0.0,0.0,0.0
9900,CCCCCC=CCC(=O)OC,0.0,0.0,0.0,0.0,0.0,0.0,0.0,0.0,0.0,0.0,0.0,0.0
9901,CN(C(=O)Cc1cccc2occc12)[C@H]1CC[C@@]2(CCCO2)C[C@@H]1N1CCCC1,0.0,0.0,0.0,0.0,0.0,0.0,0.0,0.0,0.0,0.0,0.0,0.0
9902,CCOC(=O)CCC(=O)OCC,0.0,0.0,0.0,0.0,0.0,0.0,0.0,0.0,0.0,0.0,0.0,0.0
9903,CCCCOC(=O)C(C)OC(=O)CCC,0.0,0.0,0.0,0.0,0.0,0.0,0.0,0.0,0.0,0.0,0.0,0.0
9904,CCCCCCOC(=O)CCC,0.0,0.0,0.0,0.0,0.0,0.0,0.0,0.0,0.0,0.0,0.0,0.0
9905,C=CCOC(=O)CCC1CCCCC1,0.0,0.0,0.0,0.0,0.0,0.0,0.0,0.0,0.0,0.0,0.0,0.0
9906,CCCCCOC(=O)CCCC,0.0,0.0,0.0,,0.0,0.0,0.0,0.0,0.0,0.0,0.0,0.0
9907,CCCCCCCC(=O)OCCCCCC,0.0,0.0,0.0,0.0,0.0,0.0,0.0,0.0,0.0,0.0,0.0,0.0
9908,CCCCN(CCC(=O)OCC)C(C)=O,0.0,0.0,0.0,0.0,0.0,0.0,0.0,0.0,0.0,0.0,0.0,0.0
9909,O=C(Cl)OCCOCCOC(=O)Cl,0.0,0.0,0.0,0.0,0.0,0.0,0.0,0.0,0.0,0.0,0.0,0.0
9910,COC(=O)C(C)N(C(=O)c1ccco1)c1c(C)cccc1C,0.0,0.0,0.0,0.0,0.0,0.0,0.0,0.0,0.0,0.0,0.0,0.0
9911,Cc1cc(OC(=O)N(C)C)nn1C(=O)N(C)C,0.0,0.0,0.0,0.0,0.0,0.0,0.0,0.0,0.0,0.0,0.0,0.0
9914,CNC(=O)c1ccccc1,0.0,0.0,1.0,0.0,0.0,0.0,0.0,0.0,0.0,0.0,0.0,0.0
9915,CNC(=O)N(c1ccccc1)c1ccccc1,0.0,0.0,0.0,0.0,0.0,0.0,0.0,0.0,0.0,0.0,0.0,0.0
9916,Nc1ccc(NC(=O)c2ccc(N)cc2)cc1,0.0,0.0,0.0,0.0,0.0,0.0,1.0,0.0,0.0,0.0,0.0,0.0
9919,CCCOC(=O)NCCCN(C)C,0.0,0.0,0.0,0.0,0.0,0.0,0.0,0.0,0.0,0.0,0.0,0.0
9920,O=C(O)CONC(=O)c1ccccc1,0.0,0.0,0.0,0.0,0.0,0.0,0.0,0.0,0.0,0.0,0.0,0.0
9921,CCN(CC)CCc1c[nH]c2ccccc12.CCN(CC)CCc1c[nH]c2ccccc12.O=C(O)/C=C/C(=O)O,1.0,0.0,0.0,0.0,0.0,0.0,0.0,0.0,0.0,0.0,0.0,0.0
9922,CN(C)CCN(Cc1cccs1)c1ccccn1.CN(C)CCN(Cc1cccs1)c1ccccn1.O=C(O)/C=C/C(=O)O.O=C(O)/C=C/C(=O)O.O=C(O)/C=C/C(=O)O,0.0,0.0,0.0,0.0,0.0,0.0,0.0,0.0,0.0,0.0,0.0,0.0
9923,COc1ccc2cc([C@H](C)C(=O)O)ccc2c1,0.0,0.0,0.0,0.0,0.0,0.0,0.0,0.0,0.0,0.0,0.0,0.0
9924,C[C@@H](O)C(=O)O,0.0,0.0,0.0,0.0,0.0,0.0,0.0,1.0,0.0,0.0,0.0,0.0
9925,CC1(C)OC[C@@H]2O[C@@]3(C(=O)O)OC(C)(C)O[C@H]3[C@@H]2O1,0.0,0.0,0.0,0.0,0.0,0.0,0.0,0.0,0.0,0.0,0.0,0.0
9928,CC(CO)(CO)C(=O)O,0.0,0.0,0.0,0.0,0.0,0.0,0.0,0.0,0.0,0.0,0.0,0.0
9929,O=C(O)c1ccc2cc(C(=O)O)ccc2c1,0.0,0.0,0.0,0.0,0.0,0.0,0.0,0.0,0.0,0.0,0.0,0.0
9930,CC(C)(C)OC(=O)c1ccccc1C(=O)O,0.0,0.0,0.0,,0.0,0.0,0.0,0.0,0.0,0.0,0.0,0.0
9932,O=C(O)c1ccncc1,0.0,0.0,0.0,0.0,0.0,0.0,0.0,0.0,0.0,0.0,0.0,0.0
9933,O=C(O)Cc1cccc(-c2cc(CCCCCCc3ccc(O[C@H]4O[C@H](CO)[C@@H](O)[C@H](O)[C@@H]4O)c(-c4cccc(CC(=O)O)c4)c3)ccc2O[C@H]2O[C@H](CO)[C@@H](O)[C@H](O)[C@@H]2O)c1,0.0,0.0,0.0,0.0,0.0,0.0,0.0,0.0,0.0,0.0,0.0,0.0
9940,COCC(=O)O,0.0,0.0,0.0,0.0,0.0,0.0,0.0,0.0,0.0,0.0,0.0,0.0
9942,O=C(OC(=O)c1ccccc1)c1ccccc1,0.0,0.0,0.0,0.0,0.0,0.0,0.0,0.0,0.0,0.0,0.0,0.0
9944,COC(=O)C1(O)c2ccccc2-c2ccccc21,0.0,0.0,0.0,0.0,0.0,0.0,0.0,0.0,0.0,0.0,0.0,0.0
9945,COC(=O)CC(=O)OC,0.0,0.0,0.0,0.0,0.0,0.0,0.0,0.0,0.0,0.0,0.0,0.0
9946,Cc1ccc(OC(=O)CC(C)C)cc1,0.0,0.0,0.0,,0.0,0.0,0.0,0.0,0.0,0.0,0.0,0.0
9947,O=C(Oc1ccccc1)c1ccccc1,0.0,0.0,0.0,0.0,0.0,0.0,0.0,0.0,0.0,0.0,0.0,0.0
9948,O=C(Oc1ccccc1)Oc1ccccc1,0.0,0.0,0.0,0.0,0.0,0.0,0.0,0.0,0.0,0.0,0.0,0.0
9949,C#CCOC(=O)[C@@H](C)Oc1ccc(Oc2ncc(Cl)cc2F)cc1,0.0,0.0,0.0,0.0,0.0,0.0,0.0,0.0,0.0,0.0,0.0,0.0
9950,CCOC(=O)c1ccccc1C,0.0,0.0,0.0,,0.0,0.0,0.0,0.0,0.0,0.0,0.0,0.0
9951,CC/C=C\CCOC(=O)c1ccccc1,0.0,0.0,0.0,0.0,0.0,0.0,0.0,0.0,0.0,0.0,0.0,0.0
9953,CCCOC(=O)c1ccc(C(=O)OCCC)nc1,0.0,0.0,0.0,,0.0,0.0,0.0,0.0,0.0,0.0,0.0,0.0
9954,O=C(Cc1ccccc1)OCCc1ccccc1,0.0,0.0,0.0,0.0,0.0,0.0,0.0,0.0,0.0,0.0,0.0,0.0
9955,CCCCOC(=O)C(C)Oc1ccc(Oc2ccc(C(F)(F)F)cn2)cc1,0.0,0.0,0.0,1.0,0.0,0.0,0.0,0.0,0.0,0.0,0.0,0.0
9956,CCCCOC(=O)COC(=O)c1ccccc1C(=O)OCCCC,0.0,0.0,0.0,0.0,0.0,0.0,0.0,0.0,0.0,0.0,0.0,0.0
9957,CCCCCCOC(=O)c1ccccc1,0.0,0.0,0.0,0.0,0.0,0.0,0.0,0.0,0.0,0.0,0.0,0.0
9958,C=C(C)C(=O)OCCCCOC(=O)C(=C)C,0.0,0.0,0.0,,0.0,0.0,0.0,0.0,0.0,0.0,0.0,0.0
9960,CCSC(=O)N1CCCCCC1,0.0,0.0,0.0,0.0,0.0,0.0,0.0,0.0,0.0,0.0,0.0,0.0
9961,CCCSC(=O)N(CCC)CCC,0.0,0.0,0.0,0.0,0.0,0.0,0.0,0.0,0.0,0.0,0.0,0.0
9962,CCCCN(CC)C(=O)SCCC,0.0,0.0,0.0,0.0,0.0,0.0,0.0,0.0,0.0,0.0,0.0,0.0
9965,O=C=NC1CCC(CC2CCC(N=C=O)CC2)CC1,0.0,0.0,0.0,0.0,0.0,0.0,0.0,0.0,0.0,0.0,0.0,0.0
9967,CC1CCC(=O)C1=O,0.0,0.0,0.0,0.0,0.0,0.0,0.0,0.0,0.0,0.0,0.0,0.0
9968,CC1CCCC(=O)C1=O,0.0,0.0,0.0,0.0,0.0,0.0,0.0,0.0,0.0,0.0,0.0,0.0
9972,Cc1occc(=O)c1OC(=O)C(C)C,0.0,0.0,0.0,0.0,0.0,0.0,0.0,0.0,0.0,0.0,0.0,0.0
9973,CCCC1CCC(=O)O1,0.0,0.0,0.0,,0.0,0.0,0.0,0.0,0.0,0.0,0.0,0.0
9974,CCCCCCCC1CCC(=O)O1,0.0,0.0,0.0,0.0,0.0,0.0,0.0,0.0,0.0,0.0,0.0,0.0
9975,CCCCCC1=CCCC1=O,0.0,0.0,0.0,0.0,0.0,0.0,0.0,0.0,0.0,0.0,0.0,0.0
9977,O=C1CCc2ccccc2O1,0.0,0.0,0.0,0.0,0.0,0.0,0.0,0.0,0.0,0.0,0.0,0.0
9979,CC(=O)C1CCCCC1=O,0.0,0.0,0.0,0.0,0.0,0.0,0.0,0.0,0.0,0.0,0.0,0.0
9980,O=C1CCCCCCCCCCOCCCCO1,0.0,0.0,0.0,1.0,0.0,0.0,0.0,0.0,0.0,0.0,0.0,0.0
9981,O=C1CCCCCN1,0.0,0.0,0.0,0.0,0.0,0.0,0.0,0.0,0.0,0.0,0.0,0.0
9982,O=C1CCCCCO1,0.0,0.0,0.0,0.0,0.0,0.0,0.0,0.0,0.0,0.0,0.0,0.0
9983,C=CN1CCCC1=O,0.0,0.0,0.0,0.0,0.0,0.0,0.0,0.0,0.0,0.0,0.0,0.0
9984,O=C1CCCO1,0.0,0.0,0.0,0.0,0.0,0.0,0.0,0.0,0.0,0.0,0.0,0.0
9985,COC(=O)c1ccc(C)cc1C1=NC(=O)C(C)(C(C)C)N1,0.0,0.0,0.0,0.0,0.0,0.0,0.0,0.0,0.0,0.0,0.0,0.0
9986,O=C1NC(=O)[C@@H]2CC=CC[C@H]12,0.0,0.0,0.0,0.0,0.0,0.0,0.0,0.0,0.0,0.0,0.0,0.0
9989,CC1COC(=O)O1,0.0,0.0,0.0,0.0,0.0,0.0,0.0,0.0,0.0,0.0,0.0,0.0
9991,CCCCCCC1CCOC1=O,0.0,0.0,0.0,0.0,0.0,0.0,0.0,0.0,0.0,0.0,0.0,0.0
9992,O=C1OCCO1,0.0,0.0,0.0,0.0,0.0,0.0,0.0,0.0,0.0,0.0,0.0,0.0
9993,COC1=CC(=O)OC(CCc2ccccc2)C1,0.0,0.0,0.0,0.0,0.0,0.0,0.0,0.0,0.0,0.0,0.0,0.0
9995,O=C1CCCc2ccccc21,0.0,0.0,0.0,0.0,0.0,1.0,0.0,0.0,0.0,0.0,0.0,0.0
9997,O=CC1CC=CCC1,0.0,0.0,0.0,0.0,0.0,0.0,0.0,0.0,0.0,0.0,0.0,0.0
9999,O=CNc1ccccc1,0.0,0.0,0.0,0.0,0.0,0.0,0.0,0.0,0.0,0.0,0.0,0.0
10000,O=NN1CCCCCC1,0.0,0.0,0.0,0.0,0.0,0.0,0.0,0.0,0.0,0.0,0.0,0.0
10001,O=P(c1ccccc1)(c1ccccc1)c1ccccc1,0.0,0.0,0.0,0.0,0.0,0.0,0.0,0.0,0.0,0.0,0.0,0.0
10002,CO[PH](=O)OC,0.0,0.0,0.0,0.0,0.0,0.0,0.0,0.0,0.0,0.0,0.0,0.0
10003,CCS(=O)(=O)CCSP(=O)(OC)OC,0.0,0.0,1.0,0.0,0.0,0.0,0.0,0.0,0.0,0.0,0.0,0.0
10007,Nc1ccc2cc(S(=O)(=O)O)ccc2c1,0.0,0.0,0.0,0.0,0.0,0.0,0.0,0.0,0.0,0.0,0.0,0.0
10008,CCCCCCCCCCCCCCCS(=O)(=O)Oc1ccccc1,0.0,0.0,0.0,0.0,0.0,0.0,0.0,0.0,0.0,0.0,0.0,0.0
10009,O=S(=O)(Cl)c1c(Cl)cccc1Cl,0.0,0.0,0.0,0.0,0.0,0.0,0.0,0.0,0.0,0.0,0.0,0.0
10010,O=S1(=O)CCCO1,0.0,0.0,0.0,0.0,0.0,0.0,0.0,0.0,0.0,0.0,0.0,0.0
10011,O=S1OCCO1,0.0,0.0,0.0,0.0,0.0,0.0,0.0,0.0,0.0,0.0,0.0,0.0
10012,C1CC2OC2CC1C1CO1,0.0,0.0,0.0,0.0,0.0,0.0,0.0,0.0,0.0,0.0,0.0,0.0
10014,CCOC(=O)C=CC(=O)O,0.0,0.0,1.0,0.0,0.0,0.0,0.0,0.0,0.0,0.0,0.0,0.0
10015,O=C(O)c1cccc(O)c1,0.0,0.0,0.0,0.0,0.0,0.0,0.0,0.0,0.0,0.0,0.0,0.0
10016,O=C(O)c1ccc(CO)o1,0.0,0.0,0.0,0.0,0.0,0.0,0.0,0.0,0.0,0.0,0.0,0.0
10018,O=C(O)c1ccc(O)cc1O,0.0,0.0,0.0,0.0,0.0,0.0,0.0,0.0,0.0,0.0,0.0,0.0
10019,O=C(O)c1cccnc1C(=O)O,0.0,0.0,0.0,0.0,0.0,0.0,0.0,0.0,0.0,0.0,0.0,0.0
10022,O=C(O)CCSCCC(=O)O,0.0,0.0,0.0,0.0,0.0,0.0,0.0,0.0,0.0,0.0,0.0,0.0
10023,CC(C)(O)c1ccc(C(C)(C)O)cc1,0.0,0.0,0.0,0.0,0.0,0.0,0.0,0.0,0.0,0.0,0.0,0.0
10024,CC(C)(O)Cc1ccccc1,0.0,0.0,0.0,0.0,0.0,0.0,0.0,0.0,0.0,0.0,0.0,0.0
10025,OC[C@@H](O)[C@@H](O)[C@H](O)[C@H](O)CO[C@H]1O[C@H](CO)[C@@H](O)[C@H](O)[C@H]1O,0.0,0.0,0.0,0.0,0.0,0.0,0.0,0.0,0.0,0.0,0.0,0.0
10027,CC1(C)CC(O)CC(C)(C)N1,0.0,0.0,0.0,0.0,0.0,0.0,0.0,0.0,0.0,0.0,0.0,0.0
10029,O=C(O)c1ccc(O)c(O)c1,0.0,0.0,0.0,0.0,0.0,0.0,0.0,0.0,0.0,0.0,0.0,0.0
10033,Oc1cccc(Cl)c1Cl,0.0,0.0,0.0,0.0,0.0,0.0,1.0,0.0,0.0,0.0,0.0,0.0
10036,CC(=O)Nc1ccccc1O,0.0,0.0,1.0,0.0,0.0,1.0,0.0,0.0,0.0,0.0,0.0,0.0
10039,OC1OCCOC1O,0.0,0.0,0.0,0.0,0.0,0.0,0.0,0.0,0.0,0.0,0.0,0.0
10040,Cc1ccc(OC(=O)c2ccccc2O)cc1,0.0,0.0,0.0,,0.0,0.0,0.0,0.0,0.0,0.0,0.0,0.0
10041,OC1CCCCC1c1ccccc1,0.0,0.0,0.0,0.0,0.0,0.0,0.0,0.0,0.0,0.0,0.0,0.0
10042,Nc1cccc2c(O)nnc(O)c12,0.0,0.0,0.0,0.0,0.0,0.0,0.0,0.0,0.0,0.0,0.0,0.0
10044,OCC(CO)(CO)CO,0.0,0.0,0.0,0.0,0.0,0.0,0.0,0.0,0.0,0.0,0.0,0.0
10047,C=COCC1CCC(CO)CC1,0.0,0.0,0.0,0.0,0.0,0.0,0.0,0.0,0.0,0.0,0.0,0.0
10049,Cc1ncsc1CCO,0.0,0.0,0.0,0.0,0.0,0.0,0.0,0.0,0.0,0.0,0.0,0.0
10050,OCCCCCCO,0.0,0.0,0.0,,0.0,0.0,0.0,0.0,0.0,0.0,0.0,0.0
10051,CCCCCCOCCOCCO,0.0,0.0,0.0,0.0,0.0,0.0,0.0,0.0,0.0,0.0,0.0,0.0
10053,ON(Cc1ccccc1)Cc1ccccc1,0.0,0.0,0.0,,0.0,0.0,0.0,0.0,0.0,0.0,0.0,0.0
10054,On1nnc2ccccc21,0.0,0.0,0.0,0.0,0.0,0.0,0.0,0.0,0.0,0.0,0.0,0.0
10055,CCN(Cc1cccc(S(=O)(=O)O)c1)c1ccccc1,0.0,0.0,0.0,0.0,0.0,0.0,0.0,0.0,0.0,0.0,0.0,0.0
10056,c1ccc(SSc2ccccc2)cc1,1.0,0.0,0.0,0.0,0.0,0.0,0.0,0.0,0.0,0.0,0.0,0.0
10058,Nc1nc(=S)[nH][nH]1,0.0,0.0,0.0,0.0,0.0,0.0,0.0,0.0,0.0,0.0,0.0,0.0
10060,SCCSCCS,0.0,0.0,0.0,0.0,0.0,0.0,0.0,0.0,0.0,0.0,0.0,0.0
10061,O.O.[Ba+2].[Cl-].[Cl-],0.0,0.0,0.0,0.0,0.0,0.0,1.0,0.0,0.0,0.0,0.0,0.0
10062,CCn1cc[n+](C)c1.[Br-],0.0,0.0,0.0,0.0,0.0,0.0,0.0,0.0,0.0,0.0,0.0,0.0
10063,CC[N+](CC)(CC)CCOC(=O)C(C1CCCC1)C1CCCC1.[Br-],0.0,0.0,0.0,0.0,0.0,0.0,0.0,0.0,0.0,0.0,0.0,0.0
10064,CC[N+]1(CC)CCC(=C(c2ccccc2)c2ccccc2)C1C.[Br-],0.0,0.0,0.0,0.0,0.0,0.0,0.0,0.0,0.0,0.0,0.0,0.0
10065,CCC[N+](CCC)(CCC)CCC.[Br-],0.0,0.0,0.0,0.0,0.0,0.0,0.0,0.0,0.0,0.0,0.0,0.0
10066,CCC[N+]1(C)CCCCC1.[Br-],0.0,0.0,0.0,0.0,0.0,0.0,0.0,0.0,0.0,0.0,0.0,0.0
10067,CCCC[N+](CCCC)(CCCC)CCCC.[Br-],0.0,0.0,0.0,0.0,0.0,0.0,0.0,0.0,0.0,0.0,0.0,0.0
10068,CCCC[N+]1(C)CCCC1.[Br-],0.0,0.0,0.0,0.0,0.0,0.0,0.0,0.0,0.0,0.0,0.0,0.0
10069,[Ca+2].[Cl-].[Cl-],0.0,0.0,0.0,0.0,0.0,0.0,0.0,0.0,0.0,0.0,0.0,0.0
10070,O=[N+]([O-])[O-].O=[N+]([O-])[O-].[Ca+2],0.0,0.0,0.0,0.0,0.0,0.0,0.0,0.0,0.0,0.0,0.0,0.0
10071,O=C([O-])C(=O)[O-].[Ca+2],0.0,0.0,0.0,0.0,0.0,0.0,0.0,0.0,0.0,0.0,0.0,0.0
10073,O.O=C1[N-]S(=O)(=O)c2ccccc21.O=C1[N-]S(=O)(=O)c2ccccc21.[Ca+2],0.0,0.0,0.0,0.0,0.0,0.0,0.0,0.0,0.0,0.0,0.0,0.0
10075,C[N+](C)=CCl.[Cl-],0.0,0.0,0.0,0.0,0.0,0.0,0.0,0.0,0.0,0.0,0.0,0.0
10076,C[N+](C)(C)C.[Cl-],0.0,0.0,0.0,0.0,0.0,0.0,0.0,0.0,0.0,0.0,0.0,0.0
10078,C[N+](C)(C)CC1CO1.[Cl-],0.0,0.0,0.0,0.0,0.0,0.0,0.0,0.0,0.0,0.0,0.0,0.0
10079,C=C(C)C(=O)NCCC[N+](C)(C)C.[Cl-],0.0,0.0,0.0,0.0,0.0,0.0,0.0,0.0,0.0,0.0,0.0,0.0
10080,CCC[N+]1(C)CCCC1.[Cl-],0.0,0.0,0.0,0.0,0.0,0.0,0.0,0.0,0.0,0.0,0.0,0.0
10081,C=CCn1cc[n+](C)c1.[Cl-],0.0,0.0,0.0,0.0,0.0,0.0,0.0,0.0,0.0,0.0,0.0,0.0
10082,C=CC[N+](C)(C)CC=C.[Cl-],0.0,0.0,0.0,0.0,0.0,0.0,0.0,0.0,0.0,0.0,0.0,0.0
10084,CCCCNc1ccc(C(=O)OCC[NH+](CC)CC)cc1.[Cl-],0.0,0.0,0.0,0.0,0.0,1.0,0.0,0.0,0.0,0.0,0.0,0.0
10085,CCCC[N+](C)(CCCC)CCCC.[Cl-],0.0,0.0,0.0,0.0,0.0,0.0,0.0,0.0,0.0,0.0,0.0,0.0
10087,CCCC[n+]1ccccc1.[Cl-],0.0,0.0,0.0,0.0,0.0,0.0,0.0,0.0,0.0,0.0,0.0,0.0
10088,[Cr+2].c1cc[cH-]c1.c1cc[cH-]c1,0.0,0.0,0.0,0.0,0.0,0.0,0.0,0.0,0.0,0.0,0.0,0.0
10089,[Fe+2].c1cc[cH-]c1.c1cc[cH-]c1,0.0,0.0,0.0,0.0,0.0,0.0,0.0,0.0,0.0,0.0,0.0,0.0
10091,CCC[N+]1(C)CCCC1.[I-],0.0,0.0,0.0,0.0,0.0,0.0,0.0,0.0,0.0,0.0,0.0,0.0
10092,CCn1cc[n+](C)c1.[I-],0.0,0.0,0.0,0.0,0.0,0.0,0.0,0.0,0.0,0.0,0.0,0.0
10093,CCCn1cc[n+](C)c1.[I-],0.0,0.0,0.0,0.0,0.0,0.0,0.0,0.0,0.0,0.0,0.0,0.0
10094,CCCC[n+]1cccc(C)c1.[I-],0.0,0.0,1.0,0.0,0.0,0.0,0.0,0.0,0.0,0.0,0.0,0.0
10095,CCCC[n+]1ccccc1C.[I-],0.0,0.0,1.0,0.0,0.0,0.0,0.0,0.0,0.0,0.0,0.0,0.0
10096,CCCC[n+]1ccccc1.[I-],0.0,0.0,0.0,0.0,0.0,0.0,0.0,0.0,0.0,0.0,0.0,0.0
10097,[I-].[K+],0.0,0.0,0.0,0.0,0.0,0.0,0.0,0.0,0.0,0.0,0.0,0.0
10098,O=S(=O)([O-])OOS(=O)(=O)[O-].[K+].[K+],0.0,0.0,0.0,0.0,0.0,0.0,0.0,0.0,0.0,0.0,0.0,0.0
10100,C/C=C/C=C/C(=O)[O-].[K+],0.0,0.0,0.0,0.0,0.0,0.0,0.0,0.0,0.0,0.0,0.0,0.0
10101,CCCCC(CC)C(=O)[O-].[K+],0.0,0.0,0.0,0.0,0.0,0.0,0.0,0.0,0.0,0.0,0.0,0.0
10102,O=C([O-])c1ccccc1.[K+],0.0,0.0,0.0,0.0,0.0,0.0,0.0,0.0,0.0,0.0,0.0,0.0
10103,O=C([O-])Cc1cccc2ccccc12.[K+],0.0,0.0,0.0,0.0,0.0,0.0,0.0,0.0,1.0,0.0,0.0,0.0
10104,CC(=O)[O-].[K+],0.0,0.0,0.0,0.0,0.0,0.0,0.0,0.0,0.0,0.0,0.0,0.0
10105,O=C[O-].[K+],0.0,0.0,0.0,0.0,0.0,0.0,0.0,0.0,0.0,0.0,0.0,0.0
10106,[K+].[O-][Cl+2]([O-])[O-],0.0,0.0,0.0,0.0,0.0,0.0,0.0,0.0,0.0,0.0,0.0,0.0
10107,O=N[O-].[K+],0.0,0.0,0.0,0.0,0.0,0.0,0.0,0.0,0.0,0.0,0.0,0.0
10108,O=S(=O)([O-])c1ccc2cc(O)ccc2c1.[K+],0.0,0.0,0.0,0.0,0.0,0.0,0.0,0.0,0.0,0.0,0.0,0.0
10110,N#C[S-].[K+],0.0,0.0,0.0,0.0,0.0,0.0,0.0,0.0,0.0,0.0,0.0,0.0
10111,O=c1nc([O-])n(Cl)c(=O)n1Cl.[K+],0.0,0.0,0.0,0.0,0.0,0.0,0.0,0.0,0.0,0.0,0.0,0.0
10112,O=C([O-])[C@H](O)[C@@H](O)[C@H](O)[C@H](O)CO.[K+],0.0,0.0,0.0,0.0,0.0,0.0,0.0,0.0,0.0,0.0,0.0,0.0
10113,O=C1[N-]C(=O)c2ccccc21.[K+],0.0,0.0,0.0,0.0,0.0,0.0,0.0,0.0,0.0,0.0,0.0,0.0
10114,O=C([O-])c1ccccc1C(=O)O.[K+],0.0,0.0,0.0,0.0,0.0,0.0,0.0,0.0,0.0,0.0,0.0,0.0
10115,[Br-].[Na+],0.0,0.0,0.0,0.0,0.0,0.0,0.0,0.0,0.0,0.0,0.0,0.0
10116,O=P([O-])(O)OP(=O)([O-])O.[Na+].[Na+],0.0,0.0,0.0,0.0,0.0,0.0,0.0,0.0,0.0,0.0,0.0,0.0
10118,O=S(=O)([O-])c1ccc2cc(O)c(S(=O)(=O)[O-])cc2c1.[Na+].[Na+],0.0,0.0,0.0,0.0,0.0,0.0,0.0,0.0,0.0,0.0,0.0,0.0
10119,CC1=NN(c2cc(Cl)c(S(=O)(=O)[O-])cc2Cl)C(=O)C1/N=N/c1ccc(S(=O)(=O)[O-])cc1.[Na+].[Na+],0.0,0.0,0.0,0.0,0.0,0.0,0.0,0.0,0.0,0.0,0.0,0.0
10120,Cc1cc(C(=C2C=CC(=Nc3ccc(S(=O)(=O)[O-])cc3S(=O)(=O)O)C=C2)c2ccc(Nc3ccc(S(=O)(=O)[O-])cc3)cc2)ccc1N.[Na+].[Na+],0.0,0.0,0.0,0.0,0.0,0.0,0.0,0.0,0.0,0.0,0.0,0.0
10121,Cc1cc(C)c(/N=N/c2c(O)c(S(=O)(=O)[O-])cc3cc(S(=O)(=O)[O-])ccc23)cc1C.[Na+].[Na+],0.0,0.0,0.0,0.0,0.0,0.0,0.0,0.0,0.0,0.0,0.0,0.0
10123,CC1(C)S[C@@H]2[C@H](NC(=O)[C@@H](c3ccccc3)S(=O)(=O)[O-])C(=O)N2[C@H]1C(=O)[O-].[Na+].[Na+],0.0,0.0,0.0,0.0,0.0,0.0,0.0,0.0,0.0,0.0,0.0,0.0
10124,O=[N+]([O-])c1ccc(C=Cc2ccc([N+](=O)[O-])cc2S(=O)(=O)[O-])c(S(=O)(=O)[O-])c1.[Na+].[Na+],0.0,0.0,0.0,0.0,0.0,0.0,0.0,0.0,0.0,0.0,0.0,0.0
10126,O=[N+]([O-])[O-].[Na+],0.0,0.0,0.0,0.0,0.0,0.0,0.0,0.0,0.0,0.0,0.0,0.0
10127,COc1cc(OC)nc(Sc2cccc(Cl)c2C(=O)[O-])n1.[Na+],0.0,0.0,0.0,0.0,0.0,0.0,0.0,0.0,0.0,0.0,0.0,0.0
10129,O=C([O-])CF.[Na+],0.0,0.0,0.0,0.0,0.0,0.0,0.0,0.0,0.0,0.0,0.0,0.0
10130,CC(=O)[O-].[Na+],0.0,0.0,0.0,0.0,0.0,0.0,0.0,0.0,0.0,0.0,0.0,0.0
10132,[Na+].[O-][Cl+2]([O-])[O-],0.0,0.0,0.0,0.0,0.0,0.0,0.0,0.0,0.0,0.0,0.0,0.0
10133,[Na+].[O-][Cl+][O-],0.0,0.0,0.0,0.0,0.0,0.0,0.0,0.0,0.0,0.0,0.0,0.0
10137,O=S(=O)([O-])c1ccc2ccccc2c1.[Na+],0.0,0.0,0.0,0.0,0.0,1.0,0.0,0.0,0.0,0.0,0.0,0.0
10138,CCCCc1ccc2cccc(S(=O)(=O)[O-])c2c1.[Na+],0.0,0.0,0.0,0.0,0.0,0.0,0.0,0.0,0.0,0.0,0.0,0.0
10139,C=CCS(=O)(=O)[O-].[Na+],0.0,0.0,0.0,0.0,0.0,0.0,0.0,0.0,0.0,0.0,0.0,0.0
10140,O=S(=O)([O-])CCO.[Na+],0.0,0.0,0.0,0.0,0.0,0.0,0.0,0.0,0.0,0.0,0.0,0.0
10142,O=S(=O)([O-])CO.[Na+],0.0,0.0,0.0,0.0,0.0,0.0,0.0,0.0,0.0,0.0,0.0,0.0
10143,COS(=O)(=O)[O-].[Na+],0.0,0.0,0.0,0.0,0.0,0.0,0.0,0.0,0.0,0.0,0.0,0.0
10144,CCCCCCCCOS(=O)(=O)[O-].[Na+],0.0,0.0,0.0,0.0,0.0,0.0,0.0,0.0,0.0,0.0,0.0,0.0
10146,[Na+].[S-]c1ccccc1,0.0,0.0,0.0,0.0,0.0,0.0,0.0,0.0,0.0,0.0,0.0,0.0
10148,C=C(C)CS(=O)(=O)[O-].[Na+],0.0,0.0,0.0,0.0,0.0,0.0,0.0,0.0,0.0,0.0,0.0,0.0
10149,CC(=O)C(=O)[O-].[Na+],0.0,0.0,0.0,0.0,0.0,0.0,0.0,0.0,0.0,0.0,0.0,0.0
10150,CC(=O)CC(c1ccccc1)c1c([O-])c2ccccc2oc1=O.[Na+],0.0,0.0,0.0,0.0,0.0,0.0,1.0,0.0,1.0,0.0,0.0,0.0
10151,CC(C)(CO)[C@@H](O)C(=O)NCCC(=O)[O-].[Na+],0.0,0.0,0.0,0.0,0.0,0.0,0.0,0.0,0.0,0.0,0.0,0.0
10152,CC(Cl)(Cl)C(=O)[O-].[Na+],0.0,0.0,0.0,0.0,0.0,0.0,0.0,0.0,0.0,0.0,0.0,0.0
10153,Cc1ccc(S(=O)(=O)[O-])c(C)c1.[Na+],0.0,0.0,0.0,0.0,0.0,0.0,0.0,0.0,0.0,0.0,0.0,0.0
10154,Cc1ccc(S(=O)(=O)[O-])cc1.[Na+],0.0,0.0,0.0,0.0,0.0,0.0,0.0,0.0,0.0,0.0,0.0,0.0
10155,Cc1ccccc1S(=O)(=O)[O-].[Na+],0.0,0.0,0.0,0.0,0.0,0.0,0.0,0.0,0.0,0.0,0.0,0.0
10156,CCC1(CC)C(=O)N=C([O-])NC1=O.[Na+],0.0,0.0,0.0,0.0,0.0,0.0,0.0,0.0,0.0,0.0,0.0,0.0
10157,O=C([O-])C(Cl)(Cl)Cl.[Na+],0.0,0.0,0.0,0.0,0.0,0.0,0.0,0.0,0.0,0.0,0.0,0.0
10158,O=C([O-])C(Cl)Cl.[Na+],0.0,0.0,0.0,0.0,0.0,0.0,0.0,0.0,0.0,0.0,0.0,0.0
10161,COc1cc(OC)nc(Oc2cccc(Oc3nc(OC)cc(OC)n3)c2C(=O)[O-])n1.[Na+],0.0,0.0,0.0,0.0,0.0,0.0,0.0,0.0,0.0,0.0,0.0,0.0
10162,COc1nn(C(=O)[N-]S(=O)(=O)c2ccccc2OC(F)(F)F)c(=O)n1C.[Na+],0.0,0.0,0.0,0.0,0.0,0.0,0.0,0.0,0.0,0.0,0.0,0.0
10163,F[B-](F)(F)F.[Na+],0.0,0.0,0.0,0.0,0.0,0.0,0.0,0.0,0.0,0.0,0.0,0.0
10165,N#C[N-]C#N.[Na+],0.0,0.0,0.0,0.0,0.0,0.0,0.0,0.0,0.0,0.0,0.0,0.0
10166,Nc1ccc(S(=O)(=O)[O-])cc1.[Na+],0.0,0.0,0.0,0.0,0.0,0.0,0.0,1.0,0.0,0.0,0.0,0.0
10168,Cc1ccc(S(=O)(=O)[N-]Cl)cc1.O.O.O.[Na+],0.0,0.0,0.0,0.0,0.0,0.0,0.0,0.0,0.0,0.0,0.0,0.0
10169,O.O=C1[N-]S(=O)(=O)c2ccccc21.[Na+],0.0,0.0,0.0,0.0,0.0,0.0,0.0,1.0,0.0,0.0,0.0,0.0
10170,O=C([O-])c1cccc([N+](=O)[O-])c1.[Na+],0.0,0.0,0.0,0.0,0.0,0.0,0.0,0.0,0.0,0.0,0.0,0.0
10171,O=[N+]([O-])c1ccccc1[O-].[Na+],0.0,0.0,0.0,0.0,0.0,0.0,0.0,0.0,0.0,0.0,0.0,0.0
10172,CC(=O)Nc1c(I)c(NC(C)=O)c(I)c(C(=O)[O-])c1I.[Na+],0.0,0.0,0.0,0.0,0.0,0.0,0.0,1.0,0.0,0.0,0.0,0.0
10173,CCCCCCCCCCCC(=O)N(C)CC(=O)[O-].[Na+],0.0,0.0,0.0,0.0,0.0,0.0,0.0,0.0,0.0,0.0,0.0,0.0
10175,CCOC(=O)CC([O-])C(=O)OCC.[Na+],0.0,0.0,0.0,0.0,0.0,0.0,0.0,0.0,0.0,0.0,0.0,0.0
10176,O=C(O)c1cc(C(=O)O)cc(S(=O)(=O)[O-])c1.[Na+],0.0,0.0,0.0,0.0,0.0,0.0,0.0,0.0,0.0,0.0,0.0,0.0
10177,CC(C)c1ccc(S(=O)(=O)[O-])cc1.[Na+],0.0,0.0,0.0,0.0,0.0,0.0,0.0,0.0,0.0,0.0,0.0,0.0
10179,O=C([O-])C1=NN(c2ccc(S(=O)(=O)O)cc2)C(=O)C1.[Na+],0.0,0.0,0.0,0.0,0.0,0.0,0.0,0.0,0.0,0.0,0.0,0.0
10180,O=S(=O)([O-])CCN1CCN(CCO)CC1.[Na+],0.0,0.0,0.0,0.0,0.0,0.0,0.0,0.0,0.0,0.0,0.0,0.0
10181,O=C([O-])CC(O)(CC(=O)O)C(=O)[O-].[NH4+].[NH4+],0.0,0.0,0.0,0.0,0.0,0.0,0.0,0.0,0.0,0.0,0.0,0.0
10182,O=S(=O)([O-])OOS(=O)(=O)[O-].[NH4+].[NH4+],0.0,0.0,0.0,0.0,0.0,0.0,0.0,0.0,0.0,0.0,0.0,0.0
10183,NC(=O)[O-].[NH4+],0.0,0.0,0.0,0.0,0.0,0.0,0.0,0.0,0.0,0.0,0.0,0.0
10184,[NH4+].[O-][Cl+3]([O-])([O-])[O-],0.0,0.0,0.0,0.0,0.0,0.0,0.0,0.0,0.0,0.0,0.0,0.0
10187,N#C[S-].[NH4+],0.0,0.0,0.0,0.0,0.0,0.0,0.0,0.0,0.0,0.0,0.0,0.0
10188,CC(C)(CO)[N+](=O)[O-],0.0,0.0,0.0,0.0,0.0,0.0,0.0,1.0,0.0,0.0,0.0,0.0
10189,Nc1ccc(NCCO)c([N+](=O)[O-])c1,0.0,0.0,1.0,0.0,0.0,1.0,1.0,0.0,0.0,0.0,0.0,0.0
10191,Cc1nc([N+](=O)[O-])cn1-c1ccc([N+](=O)[O-])cc1,0.0,0.0,0.0,0.0,0.0,0.0,0.0,0.0,0.0,0.0,0.0,0.0
10192,O=C1NC(=O)c2cc([N+](=O)[O-])ccc21,0.0,0.0,1.0,0.0,0.0,0.0,0.0,0.0,0.0,0.0,0.0,0.0
10193,O=C1OC(=O)c2cc([N+](=O)[O-])ccc21,0.0,0.0,0.0,0.0,0.0,0.0,0.0,0.0,0.0,0.0,0.0,0.0
10194,O=[N+]([O-])c1ccc2ncccc2c1,0.0,0.0,0.0,0.0,0.0,0.0,1.0,0.0,0.0,0.0,0.0,0.0
10195,O=[N+]([O-])c1cccc2cccnc12,0.0,0.0,1.0,0.0,0.0,1.0,0.0,0.0,0.0,0.0,0.0,0.0
10197,CCC[N+](=O)[O-],0.0,0.0,0.0,0.0,0.0,0.0,0.0,0.0,0.0,0.0,0.0,0.0
10199,CCCC[N+](=O)[O-],0.0,0.0,0.0,0.0,0.0,0.0,0.0,0.0,0.0,0.0,0.0,0.0
10200,C[N+](=O)[O-],0.0,0.0,1.0,0.0,0.0,0.0,0.0,0.0,0.0,0.0,0.0,0.0
10202,CCCC[P+](CC)(CCCC)CCCC.CCOP(=O)([O-])OCC,0.0,0.0,0.0,0.0,0.0,0.0,0.0,0.0,0.0,0.0,0.0,0.0
10203,C[N+](C)(C)C.[OH-],0.0,0.0,0.0,0.0,0.0,0.0,0.0,1.0,0.0,0.0,0.0,0.0
10204,C[N+](C)(C)Cc1ccccc1.[OH-],0.0,0.0,0.0,0.0,0.0,0.0,0.0,0.0,0.0,0.0,0.0,0.0
10205,C[N+](C)(C)CCO.[OH-],0.0,0.0,0.0,0.0,0.0,0.0,0.0,0.0,0.0,0.0,0.0,0.0
10206,[Cl-].[Cl-].[SnH2+2],0.0,0.0,0.0,0.0,0.0,0.0,0.0,0.0,0.0,0.0,0.0,0.0
10207,Br.CCCN1C=CN(C)C1,0.0,0.0,0.0,0.0,0.0,0.0,0.0,0.0,0.0,0.0,0.0,0.0
10208,Br.CCN1C=CN(C)C1C,0.0,0.0,0.0,0.0,0.0,0.0,0.0,0.0,0.0,0.0,0.0,0.0
10209,Br.CCCCN1C=CN(C)C1,0.0,0.0,0.0,0.0,0.0,0.0,0.0,0.0,0.0,0.0,0.0,0.0
10211,O=C(O)C(Br)(Br)Br,0.0,0.0,1.0,0.0,0.0,0.0,0.0,0.0,0.0,0.0,0.0,0.0
10212,BrC(Br)Br,0.0,0.0,0.0,0.0,0.0,0.0,0.0,0.0,0.0,0.0,0.0,0.0
10213,O=C(O)C(Br)Br,0.0,0.0,1.0,0.0,0.0,0.0,0.0,0.0,0.0,0.0,0.0,0.0
10215,CC(C)Br,0.0,0.0,0.0,0.0,0.0,0.0,0.0,0.0,0.0,0.0,0.0,0.0
10216,CCC(C)Br,0.0,0.0,0.0,0.0,0.0,0.0,0.0,0.0,0.0,0.0,0.0,0.0
10218,Brc1c(Br)c(Br)c(Br)c(Br)c1Br,0.0,1.0,0.0,0.0,0.0,0.0,0.0,0.0,0.0,0.0,0.0,0.0
10220,CC(C)(c1cc(Br)c(OCC(Br)CBr)c(Br)c1)c1cc(Br)c(OCC(Br)CBr)c(Br)c1,0.0,0.0,0.0,0.0,0.0,0.0,0.0,0.0,0.0,0.0,0.0,0.0
10222,Brc1ccc(-c2ccccc2)cc1,0.0,0.0,0.0,0.0,0.0,0.0,0.0,0.0,0.0,0.0,0.0,0.0
10223,Brc1ccccc1,0.0,0.0,0.0,0.0,0.0,0.0,0.0,0.0,0.0,0.0,0.0,0.0
10226,BrCBr,0.0,0.0,0.0,0.0,0.0,0.0,0.0,0.0,0.0,0.0,0.0,0.0
10227,CCBr,0.0,0.0,0.0,0.0,0.0,0.0,0.0,0.0,0.0,0.0,0.0,0.0
10228,N#CCBr,0.0,0.0,0.0,0.0,0.0,0.0,0.0,0.0,0.0,0.0,0.0,0.0
10229,CCCBr,0.0,0.0,0.0,0.0,0.0,0.0,0.0,0.0,0.0,0.0,0.0,0.0
10230,BrCCCBr,0.0,0.0,0.0,0.0,0.0,0.0,0.0,0.0,0.0,0.0,0.0,0.0
10231,BrCCCCBr,0.0,0.0,1.0,0.0,0.0,0.0,0.0,0.0,0.0,0.0,0.0,0.0
10232,CCCCCBr,0.0,0.0,0.0,0.0,0.0,0.0,0.0,0.0,0.0,0.0,0.0,0.0
10233,BrCCCCCBr,0.0,0.0,0.0,0.0,0.0,0.0,0.0,0.0,0.0,0.0,0.0,0.0
10234,CCCCCCBr,0.0,0.0,0.0,0.0,0.0,0.0,0.0,0.0,0.0,0.0,0.0,0.0
10235,CCCCCCCCBr,0.0,0.0,0.0,0.0,0.0,0.0,0.0,0.0,0.0,0.0,0.0,0.0
10236,CCCCCCCCCCCCCCCCBr,0.0,0.0,0.0,0.0,0.0,0.0,0.0,0.0,0.0,0.0,0.0,0.0
10238,OCCCBr,0.0,0.0,0.0,0.0,0.0,0.0,0.0,0.0,0.0,0.0,0.0,0.0
10239,BrCCOc1ccccc1,0.0,0.0,0.0,0.0,0.0,0.0,0.0,0.0,0.0,0.0,0.0,0.0
10240,C#CC(O)C(CC)CCCC,0.0,0.0,0.0,0.0,0.0,0.0,0.0,0.0,0.0,0.0,0.0,0.0
10241,C#CC1(O)CCCCC1,0.0,0.0,0.0,0.0,0.0,0.0,0.0,0.0,0.0,0.0,0.0,0.0
10242,C#CCO,0.0,0.0,0.0,0.0,0.0,0.0,0.0,0.0,0.0,0.0,0.0,0.0
10243,c1ccc(CCc2ccccc2)cc1,0.0,0.0,0.0,0.0,0.0,0.0,0.0,0.0,0.0,0.0,0.0,0.0
10244,c1ccc(COCc2ccccc2)cc1,0.0,0.0,0.0,0.0,0.0,0.0,0.0,0.0,0.0,0.0,0.0,0.0
10245,CC(C)=CC=O,0.0,0.0,0.0,0.0,0.0,0.0,0.0,0.0,0.0,0.0,0.0,0.0
10246,CC(=O)CCC=C(C)C,0.0,0.0,0.0,0.0,0.0,0.0,0.0,0.0,0.0,0.0,0.0,0.0
10249,CCC(C)=NO,0.0,0.0,0.0,0.0,0.0,0.0,0.0,0.0,0.0,0.0,0.0,0.0
10252,CC1(C)[C@H]2CC[C@](C)(C2)[C@H]1O,0.0,0.0,0.0,0.0,0.0,0.0,0.0,0.0,0.0,0.0,0.0,0.0
10253,C=C1[C@H]2CC[C@@H]3[C@H]2C(C)(C)CCC[C@]13C,0.0,0.0,0.0,0.0,0.0,0.0,0.0,0.0,0.0,0.0,0.0,0.0
10254,CC1(C)[C@@H]2CC[C@@]1(C)[C@H](O)C2,0.0,0.0,0.0,0.0,0.0,0.0,0.0,0.0,0.0,0.0,0.0,0.0
10255,C/C=C(\C)C=O,0.0,0.0,0.0,0.0,0.0,0.0,0.0,0.0,0.0,0.0,0.0,0.0
10257,COP(=O)([O-])OC.Cn1cc[n+](C)c1,0.0,0.0,0.0,0.0,0.0,0.0,0.0,0.0,0.0,0.0,0.0,0.0
10258,CCn1cc[n+](C)c1.Cc1ccc(S(=O)(=O)[O-])cc1,0.0,0.0,0.0,0.0,0.0,0.0,0.0,0.0,0.0,0.0,0.0,0.0
10259,CCn1cc[n+](C)c1.O=S(=O)([O-])O,0.0,0.0,0.0,0.0,0.0,0.0,0.0,0.0,0.0,0.0,0.0,0.0
10260,CCOS(=O)(=O)[O-].CCn1cc[n+](C)c1,0.0,0.0,0.0,0.0,0.0,0.0,0.0,0.0,0.0,0.0,0.0,0.0
10261,CCn1cc[n+](C)c1.N#CN=C=[N-],0.0,0.0,0.0,0.0,0.0,0.0,0.0,0.0,0.0,0.0,0.0,0.0
10262,CCn1cc[n+](C)c1C.F[P-](F)(F)(F)(F)F,0.0,0.0,0.0,0.0,0.0,0.0,0.0,0.0,0.0,0.0,0.0,0.0
10263,CCn1cc[n+](C)c1C.O=S(=O)([O-])C(F)(F)F,0.0,0.0,0.0,0.0,0.0,0.0,0.0,1.0,0.0,0.0,0.0,0.0
10264,CCCn1cc[n+](C)c1.F[P-](F)(F)(F)(F)F,0.0,0.0,0.0,0.0,0.0,0.0,0.0,1.0,0.0,0.0,0.0,0.0
10265,C[Si](C)(C)Cl,0.0,0.0,1.0,0.0,0.0,0.0,0.0,0.0,0.0,0.0,0.0,0.0
10269,C=C[Si](C)(C)O[Si](C)(C)C=C,0.0,0.0,0.0,0.0,0.0,0.0,0.0,0.0,0.0,0.0,0.0,0.0
10270,CO[Si](C)(C)OC,0.0,0.0,0.0,0.0,0.0,0.0,0.0,0.0,0.0,0.0,0.0,0.0
10271,C[Si]1(C)O[Si](C)(C)O[Si](C)(C)O[Si](C)(C)O[Si](C)(C)O1,0.0,0.0,0.0,0.0,0.0,0.0,0.0,0.0,0.0,0.0,0.0,0.0
10272,C[Si]1(C)O[Si](C)(C)O[Si](C)(C)O1,0.0,0.0,0.0,0.0,0.0,0.0,0.0,0.0,0.0,0.0,0.0,0.0
10274,CNC(=O)ON=C(C)SC,0.0,0.0,0.0,0.0,0.0,0.0,0.0,0.0,0.0,0.0,0.0,0.0
10275,CC(C)=CC(=O)C=C(C)C,0.0,0.0,0.0,0.0,0.0,0.0,0.0,0.0,0.0,0.0,0.0,0.0
10276,CC(C)=CC(=O)O,0.0,0.0,0.0,0.0,0.0,0.0,0.0,1.0,0.0,0.0,0.0,0.0
10277,CC(C)=CCC[C@H](C)CCO,0.0,0.0,0.0,0.0,0.0,0.0,0.0,0.0,0.0,0.0,0.0,0.0
10278,CC(=O)OC/C=C(/C)CCC=C(C)C,0.0,0.0,0.0,0.0,0.0,0.0,0.0,0.0,0.0,0.0,0.0,0.0
10280,C/C=C(\C)C(=O)OC/C=C(\C)CCC=C(C)C,0.0,0.0,0.0,0.0,0.0,0.0,0.0,0.0,0.0,0.0,0.0,0.0
10281,CCCC(=O)OC/C=C(\C)CCC=C(C)C,0.0,0.0,0.0,0.0,0.0,0.0,0.0,0.0,0.0,0.0,0.0,0.0
10283,CC(C)=CCC/C(C)=C/COC=O,0.0,0.0,0.0,0.0,0.0,0.0,0.0,0.0,0.0,0.0,0.0,0.0
10284,CC(C)=CCCC(C)CCO,0.0,0.0,0.0,0.0,0.0,0.0,0.0,0.0,0.0,0.0,0.0,0.0
10286,CC=C(C)C(=O)OCCC(C)CCC=C(C)C,0.0,0.0,0.0,0.0,0.0,0.0,0.0,0.0,0.0,0.0,0.0,0.0
10287,C/C=C(\C)C(C)=O,0.0,0.0,0.0,0.0,0.0,0.0,0.0,0.0,0.0,0.0,0.0,0.0
10289,C1=CC2C3C=CC(C3)C2C1,0.0,0.0,0.0,0.0,0.0,0.0,0.0,0.0,0.0,0.0,0.0,0.0
10290,C=C(C)C(=O)O,0.0,0.0,0.0,0.0,0.0,0.0,0.0,0.0,0.0,0.0,0.0,0.0
10292,C=C(C)C(=O)OC,0.0,0.0,0.0,0.0,0.0,0.0,0.0,0.0,0.0,0.0,0.0,0.0
10293,C=C(C)C(=O)OCC,0.0,0.0,0.0,0.0,0.0,0.0,0.0,0.0,0.0,0.0,0.0,0.0
10294,C=C(C)C(=O)OCc1ccccc1,0.0,0.0,0.0,0.0,0.0,0.0,0.0,0.0,0.0,0.0,0.0,0.0
10296,C=C(C)C(=O)OCCCCCCCCCCOC(=O)C(=C)C,0.0,0.0,0.0,0.0,0.0,0.0,0.0,0.0,0.0,0.0,0.0,0.0
10297,C=C(C)C(=O)OCCO,0.0,0.0,0.0,0.0,0.0,0.0,0.0,0.0,0.0,0.0,0.0,0.0
10298,C=C(C)C(N)=O,0.0,0.0,0.0,0.0,0.0,0.0,0.0,0.0,0.0,0.0,0.0,0.0
10300,C=C(C)c1ccccc1,0.0,0.0,0.0,0.0,0.0,0.0,0.0,0.0,0.0,0.0,0.0,0.0
10301,C=C(C)CC(C)(C)C,0.0,0.0,0.0,0.0,0.0,0.0,0.0,0.0,0.0,0.0,0.0,0.0
10305,C=C(Cl)Cl,0.0,0.0,0.0,0.0,0.0,0.0,0.0,0.0,0.0,0.0,0.0,0.0
10306,C=C[C@@H](C)CCC=C(C)C,0.0,0.0,0.0,0.0,0.0,0.0,0.0,0.0,0.0,0.0,0.0,0.0
10307,C=C[Si](OC)(OC)OC,0.0,0.0,0.0,0.0,0.0,0.0,0.0,0.0,0.0,0.0,0.0,0.0
10308,C=C1CC/C=C(\C)CC[C@@H]2[C@@H]1CC2(C)C,0.0,0.0,0.0,0.0,0.0,0.0,0.0,0.0,0.0,0.0,0.0,0.0
10309,C=CC#N,0.0,0.0,0.0,0.0,0.0,0.0,0.0,0.0,0.0,0.0,0.0,0.0
10311,C=CC(=C)CCCC(C)(C)OC(C)=O,0.0,0.0,0.0,0.0,0.0,0.0,0.0,0.0,0.0,0.0,0.0,0.0
10312,C=CC(=O)CCCCC,0.0,0.0,0.0,0.0,0.0,0.0,0.0,0.0,0.0,0.0,0.0,0.0
10313,C=CC(=O)NC(C)(C)CC(C)=O,0.0,0.0,0.0,0.0,0.0,0.0,0.0,0.0,0.0,0.0,0.0,0.0
10314,C=CC(=O)OC(C)(C)C,0.0,0.0,0.0,0.0,0.0,0.0,0.0,0.0,0.0,0.0,0.0,0.0
10316,C=CC(C)CCC=C(C)C,0.0,0.0,0.0,0.0,0.0,0.0,0.0,0.0,0.0,0.0,0.0,0.0
10318,C=Cc1ccc(C=C)cc1,0.0,0.0,0.0,0.0,0.0,0.0,0.0,0.0,0.0,0.0,0.0,0.0
10319,C=Cc1ccccc1C=C,0.0,0.0,0.0,0.0,0.0,0.0,0.0,0.0,0.0,0.0,0.0,0.0
10320,C=CCc1ccc2c(c1)OCO2,0.0,0.0,0.0,0.0,0.0,0.0,0.0,0.0,0.0,0.0,0.0,0.0
10322,C=CCCC#N,0.0,0.0,0.0,0.0,0.0,0.0,0.0,0.0,0.0,0.0,0.0,0.0
10323,C=CCCCCCCCCCCC,0.0,0.0,0.0,0.0,0.0,0.0,0.0,0.0,0.0,0.0,0.0,0.0
10324,C=CCn1c(=O)n(CC=C)c(=O)n(CC=C)c1=O,0.0,0.0,0.0,0.0,0.0,0.0,0.0,0.0,0.0,0.0,0.0,0.0
10325,C=CCNCC=C,0.0,0.0,0.0,0.0,0.0,0.0,0.0,0.0,0.0,0.0,0.0,0.0
10327,C=CCOc1nc(OCC=C)nc(OCC=C)n1,0.0,0.0,0.0,0.0,0.0,1.0,0.0,0.0,0.0,0.0,0.0,0.0
10328,C=CCOCC(CC)(CO)COCC=C,0.0,0.0,0.0,0.0,0.0,0.0,0.0,0.0,0.0,0.0,0.0,0.0
10329,C=COCC1CCC(COC=C)CC1,0.0,0.0,0.0,0.0,0.0,0.0,0.0,0.0,0.0,0.0,0.0,0.0
10330,C=COCCCCO,0.0,0.0,0.0,0.0,0.0,0.0,0.0,0.0,0.0,0.0,0.0,0.0
10331,C=COCCOCCOC=C,0.0,0.0,0.0,0.0,0.0,0.0,0.0,0.0,0.0,0.0,0.0,0.0
10332,C1=CCC=C1,0.0,0.0,0.0,0.0,0.0,0.0,0.0,0.0,0.0,0.0,0.0,0.0
10333,C1=C\CC/C=C\CC/1,0.0,0.0,0.0,0.0,0.0,0.0,0.0,0.0,0.0,0.0,0.0,0.0
10334,C1=CCC(c2ccccc2)CC1,0.0,0.0,0.0,0.0,0.0,0.0,0.0,0.0,0.0,0.0,0.0,0.0
10338,c1ccc2ccccc2c1,0.0,0.0,0.0,0.0,0.0,0.0,0.0,0.0,0.0,0.0,0.0,0.0
10341,c1ccc2[nH]cnc2c1,0.0,0.0,0.0,0.0,0.0,0.0,0.0,0.0,0.0,0.0,0.0,0.0
10345,c1ccc(Cc2ccccc2)cc1,0.0,0.0,0.0,0.0,0.0,0.0,0.0,0.0,0.0,0.0,0.0,0.0
10346,C1CCCNCCC1,0.0,0.0,0.0,0.0,0.0,0.0,0.0,0.0,0.0,0.0,0.0,0.0
10347,c1ccncc1,0.0,0.0,0.0,0.0,0.0,0.0,0.0,0.0,0.0,0.0,0.0,0.0
10349,C1COCCO1,0.0,0.0,0.0,0.0,0.0,0.0,0.0,0.0,0.0,0.0,0.0,0.0
10350,C1CS1,0.0,0.0,0.0,0.0,0.0,0.0,0.0,0.0,0.0,0.0,0.0,0.0
10351,c1cnc2c(n1)CCCC2,0.0,0.0,0.0,0.0,0.0,0.0,0.0,0.0,0.0,0.0,0.0,0.0
10352,C1C[C@@H]2[C@@H]3CC[C@H](C3)[C@@H]2C1,0.0,0.0,0.0,0.0,0.0,0.0,0.0,0.0,0.0,0.0,0.0,0.0
10353,c1coc(Cn2cccc2)c1,0.0,0.0,0.0,0.0,0.0,0.0,0.0,0.0,0.0,0.0,0.0,0.0
10354,C1CCC2(CCCCO2)OC1,0.0,0.0,0.0,0.0,0.0,0.0,0.0,0.0,0.0,0.0,0.0,0.0
10355,CC#N,0.0,0.0,0.0,0.0,0.0,0.0,0.0,0.0,0.0,0.0,0.0,0.0
10356,C=C(C)[C@@H]1CC[C@@H](C)C[C@@H]1O,0.0,0.0,0.0,0.0,0.0,0.0,0.0,0.0,0.0,0.0,0.0,0.0
10359,C=C(C)C1CC=C(C)C(O)C1,0.0,0.0,0.0,0.0,0.0,0.0,0.0,0.0,0.0,0.0,0.0,0.0
10360,C=C(C)CCC[C@H](C)CCO,0.0,0.0,0.0,0.0,0.0,0.0,0.0,0.0,0.0,0.0,0.0,0.0
10361,CC(=O)C(=O)CC(C)C,0.0,0.0,0.0,0.0,0.0,0.0,0.0,1.0,0.0,0.0,0.0,0.0
10362,CCCC(=O)C(C)=O,0.0,0.0,0.0,0.0,0.0,0.0,0.0,0.0,0.0,0.0,0.0,0.0
10363,CC(=O)C(C)=O,0.0,0.0,0.0,0.0,0.0,0.0,0.0,0.0,0.0,0.0,0.0,0.0
10364,CC(=O)C(C)O,0.0,0.0,0.0,0.0,0.0,0.0,0.0,0.0,0.0,0.0,0.0,0.0
10365,CC(=O)c1ccccn1,0.0,0.0,0.0,0.0,0.0,0.0,0.0,0.0,0.0,0.0,0.0,0.0
10367,CC(=O)c1cnccn1,0.0,0.0,0.0,0.0,0.0,0.0,0.0,0.0,0.0,0.0,0.0,0.0
10368,CC(=O)c1nccs1,0.0,0.0,0.0,0.0,0.0,1.0,0.0,1.0,0.0,0.0,0.0,0.0
10371,CCC(C)=O,0.0,0.0,0.0,0.0,0.0,0.0,0.0,0.0,0.0,0.0,0.0,0.0
10372,COC(=O)CC(C)=O,0.0,0.0,0.0,0.0,0.0,0.0,0.0,0.0,0.0,0.0,0.0,0.0
10373,CC(=O)CC(C)(C)C1CCCCC1,0.0,0.0,0.0,0.0,0.0,0.0,0.0,0.0,0.0,0.0,0.0,0.0
10375,COC(C)(C)CC(C)=O,0.0,0.0,0.0,0.0,0.0,0.0,0.0,0.0,0.0,0.0,0.0,0.0
10376,CC(=O)CC(C)=O,0.0,0.0,0.0,0.0,0.0,0.0,0.0,0.0,0.0,0.0,0.0,0.0
10380,CC(=O)CCC(C)=O,0.0,0.0,0.0,0.0,0.0,0.0,0.0,0.0,0.0,0.0,0.0,0.0
10381,CC(=O)CCc1ccc2c(c1)OCO2,0.0,0.0,0.0,0.0,0.0,0.0,0.0,0.0,0.0,0.0,0.0,0.0
10382,CC(=O)CCc1ccccc1,0.0,0.0,0.0,0.0,0.0,0.0,0.0,0.0,0.0,0.0,0.0,0.0
10385,CCCCCCCCCC(C)=O,0.0,0.0,0.0,0.0,0.0,0.0,0.0,0.0,0.0,0.0,0.0,0.0
10386,CC(=O)CCl,0.0,0.0,0.0,0.0,0.0,0.0,0.0,0.0,0.0,0.0,0.0,0.0
10387,CNC(C)=O,0.0,0.0,0.0,0.0,0.0,0.0,0.0,0.0,0.0,0.0,0.0,0.0
10388,CC(=O)O,0.0,0.0,0.0,0.0,0.0,0.0,0.0,0.0,0.0,0.0,0.0,0.0
10389,CC(=O)O[C@@H]1CC2CCC1(C)C2(C)C,0.0,0.0,0.0,0.0,0.0,0.0,0.0,0.0,0.0,0.0,0.0,0.0
10390,CC(=O)OC(C)(C)C,0.0,0.0,0.0,0.0,0.0,0.0,0.0,0.0,0.0,0.0,0.0,0.0
10392,CC(=O)OC(C)=O,0.0,0.0,0.0,0.0,0.0,0.0,0.0,0.0,0.0,0.0,0.0,0.0
10393,CC(=O)OC(C)OC(C)=O,0.0,0.0,0.0,0.0,0.0,0.0,0.0,0.0,0.0,0.0,0.0,0.0
10394,CC(=O)OCC=C(C)C,0.0,0.0,0.0,0.0,0.0,0.0,0.0,0.0,0.0,0.0,0.0,0.0
10395,CC(=O)OC1C2(C)CCC(C2)C1(C)C,0.0,0.0,0.0,0.0,0.0,0.0,0.0,0.0,0.0,0.0,0.0,0.0
10396,CC(=O)OCC=Cc1ccccc1,0.0,0.0,0.0,0.0,0.0,0.0,0.0,0.0,0.0,0.0,0.0,0.0
10399,CCCOC(C)=O,0.0,0.0,0.0,0.0,0.0,0.0,0.0,0.0,0.0,0.0,0.0,0.0
10400,CC(=O)OCCc1ccccc1,0.0,0.0,0.0,0.0,0.0,0.0,0.0,0.0,0.0,0.0,0.0,0.0
10401,CC(=O)OCCC1CCCCC1,0.0,0.0,0.0,0.0,0.0,0.0,0.0,0.0,0.0,0.0,0.0,0.0
10402,CCCCOC(C)=O,0.0,0.0,0.0,0.0,0.0,0.0,0.0,0.0,0.0,0.0,0.0,0.0
10403,CC(=O)OCCCc1ccccc1,0.0,0.0,0.0,0.0,0.0,0.0,0.0,0.0,0.0,0.0,0.0,0.0
10404,CCCCCCCCCOC(C)=O,0.0,0.0,0.0,0.0,0.0,0.0,0.0,0.0,0.0,0.0,0.0,0.0
10405,C=CCCCCCCCCOC(C)=O,0.0,0.0,0.0,0.0,0.0,0.0,0.0,0.0,0.0,0.0,0.0,0.0
10406,CCCCCCCCCCOC(C)=O,0.0,0.0,0.0,0.0,0.0,0.0,0.0,1.0,0.0,0.0,0.0,0.0
10407,CC/C=C\CCCCCCCCCCOC(C)=O,0.0,0.0,0.0,0.0,0.0,0.0,0.0,0.0,0.0,0.0,0.0,0.0
10408,CC/C=C/CCCCCCCCCCOC(C)=O,0.0,0.0,0.0,0.0,0.0,0.0,0.0,0.0,0.0,0.0,0.0,0.0
10410,CCOCCOC(C)=O,0.0,0.0,0.0,0.0,0.0,0.0,0.0,0.0,0.0,0.0,0.0,0.0
10414,CC(C)(C)C(=O)C(=O)O,0.0,0.0,0.0,0.0,0.0,0.0,0.0,0.0,0.0,0.0,0.0,0.0
10415,CC(C)(C)C(=O)C(Cl)Cl,0.0,0.0,0.0,0.0,0.0,0.0,0.0,0.0,0.0,0.0,0.0,0.0
10416,COC(=O)CC(=O)C(C)(C)C,0.0,0.0,0.0,0.0,0.0,0.0,0.0,0.0,0.0,0.0,0.0,0.0
10417,CC(C)(C)C(=O)CCl,0.0,0.0,0.0,0.0,0.0,0.0,0.0,0.0,0.0,0.0,0.0,0.0
10419,COC(=O)C(C)(C)C,0.0,0.0,0.0,0.0,0.0,0.0,0.0,0.0,0.0,0.0,0.0,0.0
10420,CCOC(=O)C(C)(C)C,0.0,0.0,0.0,0.0,0.0,0.0,0.0,0.0,0.0,0.0,0.0,0.0
10421,CC(=O)C(C)(C)C,0.0,0.0,0.0,0.0,0.0,0.0,0.0,0.0,0.0,0.0,0.0,0.0
10422,Cc1cc(CCC(=O)OCCOCCOCCOC(=O)CCc2cc(C)c(O)c(C(C)(C)C)c2)cc(C(C)(C)C)c1O,0.0,0.0,0.0,0.0,0.0,0.0,1.0,0.0,0.0,0.0,0.0,0.0
10425,CC(C)(C)c1cccc(O)c1,0.0,0.0,0.0,0.0,0.0,0.0,1.0,0.0,0.0,0.0,0.0,0.0
10426,CC(C)(C)c1ccc(C=O)cc1,0.0,0.0,0.0,0.0,0.0,0.0,0.0,0.0,0.0,0.0,0.0,0.0
10427,CC(C)(C)c1ccc(CCOc2ncnc3ccccc23)cc1,0.0,0.0,0.0,0.0,0.0,0.0,0.0,0.0,0.0,0.0,0.0,0.0
10429,CC(COc1ccc(C(C)(C)C)cc1)OS(=O)OCCCl,0.0,0.0,0.0,0.0,0.0,0.0,0.0,0.0,0.0,0.0,0.0,0.0
10430,CC(C)(C)c1ccccc1,0.0,0.0,0.0,0.0,0.0,0.0,0.0,0.0,0.0,0.0,0.0,0.0
10431,CC(C)(C)CC(C)(C)c1ccc(Nc2ccc(C(C)(C)CC(C)(C)C)cc2)cc1,0.0,0.0,0.0,0.0,0.0,0.0,0.0,0.0,0.0,0.0,0.0,0.0
10432,CC(C)(C)CC(C)(C)N,0.0,0.0,0.0,0.0,0.0,0.0,0.0,0.0,0.0,0.0,0.0,0.0
10434,CC(C)(C)Cl,0.0,0.0,0.0,0.0,0.0,0.0,0.0,1.0,0.0,0.0,0.0,0.0
10435,CC(C)(C)N,0.0,0.0,0.0,0.0,0.0,0.0,0.0,0.0,0.0,0.0,0.0,0.0
10436,CC(C)(C)NC(N)=O,0.0,0.0,0.0,0.0,0.0,0.0,0.0,0.0,0.0,0.0,0.0,0.0
10437,CC(C)(C)NCCO,0.0,0.0,0.0,0.0,0.0,0.0,0.0,0.0,0.0,0.0,0.0,0.0
10438,C=C(C)C(=O)OCCNC(C)(C)C,0.0,0.0,0.0,0.0,0.0,0.0,0.0,0.0,0.0,0.0,0.0,0.0
10439,COC(C)(C)C,0.0,0.0,0.0,0.0,0.0,0.0,0.0,0.0,0.0,0.0,0.0,0.0
10440,CC(C)(C)OC(=O)N1C[C@@H](F)C[C@H]1C(=O)O,0.0,0.0,0.0,0.0,0.0,0.0,0.0,0.0,0.0,0.0,0.0,0.0
10441,CC(C)(C)S,0.0,0.0,0.0,0.0,0.0,0.0,0.0,0.0,0.0,0.0,0.0,0.0
10442,CC(C)(c1ccccc1)c1cc(-n2nc3ccccc3n2)c(O)c(C(C)(C)c2ccccc2)c1,0.0,0.0,0.0,0.0,0.0,0.0,0.0,0.0,0.0,0.0,0.0,0.0
10443,CC(C)(CC(=O)O)C(=O)O,0.0,0.0,0.0,0.0,0.0,0.0,0.0,0.0,0.0,0.0,0.0,0.0
10444,CCC(C)(C)c1cc(-n2nc3ccccc3n2)c(O)c(C(C)(C)CC)c1,0.0,0.0,0.0,0.0,0.0,0.0,0.0,0.0,0.0,0.0,0.0,0.0
10445,CC(C)(CCC(=O)O)C(=O)O,0.0,0.0,0.0,0.0,0.0,0.0,0.0,0.0,0.0,0.0,0.0,0.0
10447,CC(C)(CO)COC(=O)C(C)(C)CO,0.0,0.0,0.0,0.0,0.0,0.0,0.0,0.0,0.0,0.0,0.0,0.0
10449,CSc1ccc(C(=O)C(C)(C)N2CCOCC2)cc1,0.0,0.0,0.0,0.0,1.0,0.0,0.0,1.0,0.0,0.0,0.0,0.0
10450,CC(C)(O)C(=O)c1ccc(OCCO)cc1,0.0,0.0,0.0,0.0,0.0,0.0,0.0,0.0,0.0,0.0,0.0,0.0
10452,COC(C)(C)OC,0.0,0.0,0.0,0.0,0.0,0.0,0.0,0.0,0.0,0.0,0.0,0.0
10457,Cc1ccc(C(C)NC(=O)[C@@H](NC(=O)OC(C)C)C(C)C)cc1,0.0,0.0,0.0,0.0,0.0,0.0,0.0,0.0,0.0,0.0,0.0,0.0
10458,CC(=O)S[C@H](C(=O)N[C@H]1Cc2ccccc2[C@H]2CCC[C@@H](C(=O)O)N2C1=O)C(C)C,0.0,0.0,0.0,0.0,0.0,0.0,0.0,0.0,0.0,0.0,0.0,0.0
10459,CC(C)[C@H]1CC[C@@H](C)CC1=O,0.0,0.0,0.0,0.0,0.0,0.0,0.0,0.0,0.0,0.0,0.0,0.0
10460,CC(C)[C@H]1CC[C@H](C)C[C@@H]1O,0.0,0.0,0.0,0.0,0.0,0.0,0.0,0.0,0.0,0.0,0.0,0.0
10461,CC(C)[N+](=O)[O-],0.0,0.0,0.0,0.0,0.0,0.0,0.0,0.0,0.0,0.0,0.0,0.0
10463,CC(C)C(=O)OC(=O)C(C)C,0.0,0.0,0.0,0.0,0.0,0.0,0.0,0.0,0.0,0.0,0.0,0.0
10464,CC(C)COC(=O)C(C)C,0.0,0.0,0.0,0.0,0.0,0.0,0.0,0.0,0.0,0.0,0.0,0.0
10465,CC(C)C(=O)OCC=Cc1ccccc1,0.0,0.0,0.0,0.0,0.0,0.0,0.0,0.0,0.0,0.0,0.0,0.0
10466,CC(C)C(=O)OCCc1ccccc1,0.0,0.0,0.0,0.0,0.0,0.0,0.0,0.0,0.0,0.0,0.0,0.0
10467,CC(C)C(=O)OCCOc1ccccc1,0.0,0.0,0.0,0.0,0.0,0.0,0.0,0.0,0.0,0.0,0.0,0.0
10468,CC(C)c1cccc(O)c1,0.0,0.0,0.0,0.0,0.0,0.0,1.0,0.0,0.0,0.0,0.0,0.0
10469,CCC(=O)C1CC(C(C)C)CC=C1C,0.0,0.0,0.0,0.0,0.0,0.0,0.0,0.0,0.0,0.0,0.0,0.0
10470,CCNC(=O)C1CC(C)CCC1C(C)C,0.0,0.0,0.0,0.0,0.0,0.0,0.0,0.0,0.0,0.0,0.0,0.0
10471,CC1CCC(C(C)C)C(O)C1,0.0,0.0,0.0,0.0,0.0,0.0,0.0,0.0,0.0,0.0,0.0,0.0
10473,CC(C)c1ccc(C=O)cc1,0.0,0.0,0.0,0.0,0.0,0.0,0.0,0.0,0.0,0.0,0.0,0.0
10474,CC(C)c1cccc(C(C)C)c1N,0.0,0.0,0.0,0.0,0.0,0.0,0.0,0.0,0.0,0.0,0.0,0.0
10475,CC(C)c1ccccc1O,0.0,0.0,0.0,0.0,0.0,0.0,0.0,0.0,0.0,0.0,0.0,0.0
10476,CC(C)C1OCCN1CCOC(=O)NCCCCCCNC(=O)OCCN1CCOC1C(C)C,0.0,0.0,0.0,0.0,0.0,0.0,0.0,0.0,0.0,0.0,0.0,0.0
10477,CC(CC(C)C)=NO,0.0,0.0,0.0,0.0,0.0,0.0,0.0,0.0,0.0,0.0,0.0,0.0
10478,CCOC(=O)CC(C)C,0.0,0.0,0.0,0.0,0.0,0.0,0.0,0.0,0.0,0.0,0.0,0.0
10479,C=CCOC(=O)CC(C)C,0.0,0.0,0.0,0.0,0.0,0.0,0.0,0.0,0.0,0.0,0.0,0.0
10481,CC(C)CC(=O)OCc1ccccc1,0.0,0.0,0.0,0.0,0.0,0.0,0.0,0.0,0.0,0.0,0.0,0.0
10482,CC(C)CC(C)(C)C,0.0,0.0,0.0,0.0,0.0,0.0,0.0,0.0,0.0,0.0,0.0,0.0
10483,CC(C)CC(C)(N)C#N,0.0,0.0,0.0,0.0,0.0,0.0,0.0,0.0,0.0,0.0,0.0,0.0
10485,CC(C)CC(C)N,0.0,0.0,0.0,0.0,0.0,0.0,0.0,0.0,0.0,0.0,0.0,0.0
10486,CC(C)CC(O)CC(C)C,0.0,0.0,0.0,0.0,0.0,0.0,0.0,0.0,0.0,0.0,0.0,0.0
10487,CC(C)Cc1nccs1,0.0,0.0,0.0,0.0,0.0,0.0,0.0,0.0,0.0,0.0,0.0,0.0
10488,CCCC(C)C,0.0,0.0,0.0,0.0,0.0,0.0,0.0,0.0,0.0,0.0,0.0,0.0
10489,CCC(C)(CCC(C)C)C(=O)O,0.0,0.0,0.0,0.0,0.0,0.0,0.0,0.0,0.0,0.0,0.0,0.0
10492,CC(C)CCCC(C)CC=O,0.0,0.0,0.0,0.0,0.0,0.0,0.0,0.0,0.0,0.0,0.0,0.0
10493,CC(C)CCCCCCCOC(=O)c1ccc(C(=O)OCCCCCCCC(C)C)c(C(=O)OCCCCCCCC(C)C)c1,1.0,0.0,0.0,0.0,0.0,0.0,0.0,0.0,0.0,0.0,0.0,0.0
10494,CC(C)CCCCCCN,0.0,0.0,0.0,0.0,0.0,0.0,0.0,0.0,0.0,0.0,0.0,0.0
10495,CC(C)CCCCCCOC(=O)CCCCC(=O)OCCCCCCC(C)C,0.0,0.0,0.0,0.0,0.0,0.0,0.0,0.0,0.0,0.0,0.0,0.0
10497,CC(C)CCO,0.0,0.0,0.0,0.0,0.0,0.0,0.0,0.0,0.0,0.0,0.0,0.0
10498,CC(C)CCOC(=O)CC(C)C,0.0,0.0,0.0,0.0,0.0,0.0,0.0,0.0,0.0,0.0,0.0,0.0
10499,CCCC(=O)OCCC(C)C,0.0,0.0,0.0,0.0,0.0,0.0,0.0,0.0,0.0,0.0,0.0,0.0
10500,CC(C)CCOCc1ccccc1,0.0,0.0,0.0,0.0,0.0,0.0,0.0,0.0,0.0,0.0,0.0,0.0
10501,CCSC(=O)N(CC(C)C)CC(C)C,0.0,0.0,0.0,0.0,0.0,0.0,0.0,0.0,0.0,0.0,0.0,0.0
10502,CC(C)CNCC(C)C,0.0,0.0,0.0,0.0,0.0,0.0,0.0,0.0,0.0,0.0,0.0,0.0
10503,CC(C)CO,0.0,0.0,0.0,0.0,0.0,0.0,0.0,0.0,0.0,0.0,0.0,0.0
10504,CC(C)COC(=O)CCCCC(=O)OCC(C)C,0.0,0.0,0.0,0.0,0.0,0.0,0.0,0.0,0.0,0.0,0.0,0.0
10506,CC(C)N(c1ccccc1)C(C)C,0.0,0.0,0.0,0.0,0.0,0.0,0.0,0.0,0.0,0.0,0.0,0.0
10507,CC(C)N1C(=O)c2ccccc2NS1(=O)=O,0.0,0.0,0.0,0.0,0.0,0.0,1.0,0.0,0.0,0.0,0.0,0.0
10509,CCOP(=S)(OCC)Oc1nc(Cl)n(C(C)C)n1,0.0,0.0,0.0,0.0,0.0,1.0,0.0,0.0,0.0,0.0,0.0,0.0
10510,CC(C)N1C(=O)c2ccccc2C1=O,0.0,0.0,0.0,0.0,0.0,0.0,0.0,0.0,0.0,0.0,0.0,0.0
10511,C=CC(=O)NC(C)C,0.0,0.0,0.0,0.0,0.0,0.0,0.0,0.0,0.0,0.0,0.0,0.0
10512,CC(C)NC(=O)NC(C)C,0.0,0.0,0.0,0.0,0.0,0.0,0.0,0.0,0.0,0.0,0.0,0.0
10513,CC(C)OC(=O)c1ccccc1,0.0,0.0,0.0,0.0,0.0,0.0,0.0,0.0,0.0,0.0,0.0,0.0
10514,CC(C)OC(=O)c1ccccc1C(=O)OC(C)C,0.0,0.0,0.0,0.0,0.0,0.0,0.0,0.0,0.0,0.0,0.0,0.0
10515,CC(C)OC(=O)Cc1ccccc1,0.0,0.0,0.0,0.0,0.0,0.0,0.0,0.0,0.0,0.0,0.0,0.0
10516,CC(C)OC(=O)CCC(=O)OC(C)C,0.0,0.0,0.0,0.0,0.0,0.0,0.0,0.0,0.0,0.0,0.0,0.0
10518,CC(C)OC(C)C,0.0,0.0,0.0,0.0,0.0,0.0,0.0,0.0,0.0,0.0,0.0,0.0
10520,CC(C)Oc1ccccc1O,0.0,0.0,0.0,0.0,0.0,0.0,0.0,0.0,0.0,0.0,0.0,0.0
10521,CC(CN)CC(C)(C)CCN,0.0,0.0,0.0,0.0,0.0,0.0,0.0,0.0,0.0,0.0,0.0,0.0
10522,CCC(C)(C#N)/N=N/C(C)(C#N)CC,0.0,0.0,0.0,0.0,0.0,0.0,0.0,0.0,0.0,0.0,0.0,0.0
10523,CCC(C)C(=O)OCCc1ccccc1,0.0,0.0,0.0,0.0,0.0,0.0,0.0,0.0,0.0,0.0,0.0,0.0
10524,CCCC(C)CC,0.0,0.0,0.0,0.0,0.0,0.0,0.0,0.0,0.0,0.0,0.0,0.0
10525,CCC(C)CO,0.0,0.0,1.0,0.0,0.0,0.0,0.0,0.0,0.0,0.0,0.0,0.0
10527,CCC(C)COC(=O)CC(C)C,0.0,0.0,0.0,0.0,0.0,0.0,0.0,0.0,0.0,0.0,0.0,0.0
10528,CCC(C)NC(N)=O,0.0,0.0,0.0,0.0,0.0,0.0,0.0,0.0,0.0,0.0,0.0,0.0
10529,CCC(C)OC(C)CC,0.0,0.0,0.0,0.0,0.0,0.0,0.0,0.0,0.0,0.0,0.0,0.0
10530,CC(CCC(=O)O)C(=O)O,0.0,0.0,0.0,0.0,0.0,0.0,0.0,0.0,0.0,0.0,0.0,0.0
10531,CCCC(C)C(=O)O,0.0,0.0,0.0,0.0,0.0,0.0,0.0,0.0,0.0,0.0,0.0,0.0
10532,CCCC(C)C(O)CC,0.0,0.0,0.0,0.0,0.0,0.0,0.0,0.0,0.0,0.0,0.0,0.0
10533,CC(CCO)CCc1ccccc1,0.0,0.0,0.0,0.0,0.0,0.0,0.0,0.0,0.0,0.0,0.0,0.0
10534,CCCCC(C)C(=O)O,0.0,0.0,0.0,0.0,0.0,0.0,0.0,0.0,0.0,0.0,0.0,0.0
10535,CC(CCl)OC(C)CCl,0.0,0.0,0.0,0.0,0.0,0.0,0.0,0.0,0.0,0.0,0.0,0.0
10536,CC(Cl)(Cl)[N+](=O)[O-],0.0,0.0,0.0,0.0,0.0,0.0,0.0,0.0,0.0,0.0,0.0,0.0
10537,CC(Cl)(Cl)C(=O)O,0.0,0.0,0.0,0.0,0.0,0.0,0.0,0.0,0.0,0.0,0.0,0.0
10539,CC(Cl)(Cl)Cl,0.0,0.0,0.0,0.0,0.0,0.0,0.0,0.0,0.0,0.0,0.0,0.0
10540,CC(Cl)C(Cl)Cl,0.0,0.0,0.0,0.0,0.0,0.0,0.0,0.0,0.0,0.0,0.0,0.0
10541,CCC(C)Cl,0.0,0.0,0.0,0.0,0.0,0.0,0.0,0.0,0.0,0.0,0.0,0.0
10542,CC(Cl)CCl,0.0,0.0,0.0,0.0,0.0,0.0,0.0,0.0,0.0,0.0,0.0,0.0
10543,CC(=O)OCC(C)OC(C)=O,0.0,0.0,0.0,0.0,0.0,0.0,0.0,0.0,0.0,0.0,0.0,0.0
10544,CC(COc1ccccc1)NN,0.0,0.0,0.0,0.0,0.0,0.0,0.0,0.0,0.0,0.0,0.0,0.0
10546,CC(N)=O,0.0,0.0,0.0,0.0,0.0,0.0,0.0,0.0,0.0,0.0,0.0,0.0
10547,CCC(C)N,0.0,0.0,0.0,0.0,0.0,0.0,0.0,0.0,0.0,0.0,0.0,0.0
10548,CC(C)(O)C#CC(C)(C)O,0.0,0.0,0.0,0.0,0.0,0.0,0.0,0.0,0.0,0.0,0.0,0.0
10549,C=CC(C)(O)CCC=C(C)C,0.0,0.0,0.0,0.0,0.0,0.0,0.0,0.0,0.0,0.0,0.0,0.0
10551,COC(=O)C(C)O,0.0,0.0,0.0,0.0,0.0,0.0,0.0,0.0,0.0,0.0,0.0,0.0
10552,CCOC(=O)C(C)O,0.0,0.0,0.0,0.0,0.0,0.0,0.0,0.0,0.0,0.0,0.0,0.0
10553,CCCOC(=O)C(C)O,0.0,0.0,0.0,0.0,0.0,0.0,0.0,0.0,0.0,0.0,0.0,0.0
10554,CC(O)C(CO)C(C)O,0.0,0.0,0.0,0.0,0.0,0.0,0.0,0.0,0.0,0.0,0.0,0.0
10555,CC(O)C1CCCCC1,0.0,0.0,0.0,0.0,0.0,0.0,0.0,0.0,0.0,0.0,0.0,0.0
10557,CC(O)CC(C)O,0.0,0.0,0.0,0.0,0.0,0.0,0.0,0.0,0.0,0.0,0.0,0.0
10558,CCCCCC(C)O,0.0,0.0,0.0,0.0,0.0,0.0,0.0,0.0,0.0,0.0,0.0,0.0
10561,CC(O)CN,0.0,0.0,0.0,0.0,0.0,0.0,0.0,0.0,0.0,0.0,0.0,0.0
10567,CC(COCC(C)OC(=O)c1ccccc1)OC(=O)c1ccccc1,0.0,0.0,0.0,0.0,0.0,0.0,0.0,1.0,0.0,0.0,0.0,0.0
10570,CC(S)C(C)S,0.0,0.0,0.0,0.0,0.0,0.0,0.0,0.0,0.0,0.0,0.0,0.0
10571,CCC(C)S,0.0,0.0,0.0,0.0,0.0,0.0,0.0,0.0,0.0,0.0,0.0,0.0
10572,CC/C=C\CC/C=C/CO,0.0,0.0,0.0,0.0,0.0,0.0,0.0,0.0,0.0,0.0,0.0,0.0
10573,CC/C=C\CCCCO,0.0,0.0,0.0,0.0,0.0,0.0,0.0,0.0,0.0,0.0,0.0,0.0
10574,CC/C=C\CCO,0.0,0.0,0.0,0.0,0.0,0.0,0.0,0.0,0.0,0.0,0.0,0.0
10575,CC1=C(C=O)C(C)(C)CC=C1,0.0,0.0,0.0,0.0,0.0,0.0,0.0,0.0,0.0,0.0,0.0,0.0
10576,CC1=CC(=O)CCC1,0.0,0.0,0.0,0.0,0.0,0.0,0.0,0.0,0.0,0.0,0.0,0.0
10578,CC(=O)C=CC1=C(C)CCCC1(C)C,0.0,0.0,0.0,0.0,0.0,0.0,0.0,0.0,0.0,0.0,0.0,0.0
10579,CC1=C(C=O)C(C)(C)CCC1,0.0,0.0,0.0,0.0,0.0,0.0,0.0,0.0,0.0,0.0,0.0,0.0
10580,CC1=C(O)C(=O)C(C)O1,0.0,0.0,0.0,0.0,0.0,0.0,0.0,0.0,0.0,0.0,0.0,0.0
10582,CC1(C)C(=O)C(C)(C)C1=O,0.0,0.0,0.0,0.0,0.0,0.0,0.0,0.0,0.0,0.0,0.0,0.0
10583,CC1(C)C(=O)NC(=O)NC1=O,0.0,0.0,0.0,0.0,0.0,0.0,0.0,0.0,0.0,0.0,0.0,0.0
10584,CC1=CC[C@H](CC=O)C1(C)C,0.0,0.0,0.0,0.0,0.0,0.0,0.0,0.0,0.0,0.0,0.0,0.0
10585,C[C@H]1C[C@@H](O)CC(C)(C)C1,0.0,0.0,0.0,0.0,0.0,0.0,0.0,0.0,0.0,0.0,0.0,0.0
10586,CC1=CC(O)CC(C)(C)C1,0.0,0.0,0.0,0.0,0.0,0.0,0.0,0.0,0.0,0.0,0.0,0.0
10588,CC1(C)SC(C)(C)SC(C)(C)S1,0.0,0.0,0.0,0.0,0.0,0.0,0.0,0.0,0.0,0.0,0.0,0.0
10589,CN1C(=O)CC(C)(c2ccccc2)C1=O,0.0,0.0,0.0,0.0,0.0,0.0,0.0,0.0,0.0,0.0,0.0,0.0
10591,COCc1cnc(C2=NC(C)(C(C)C)C(=O)N2)c(C(=O)O)c1,0.0,0.0,0.0,0.0,0.0,0.0,0.0,0.0,0.0,0.0,0.0,0.0
10592,CC(C)C1(C)N=C(c2ncccc2C(=O)O)NC1=O,0.0,0.0,0.0,0.0,0.0,0.0,0.0,0.0,0.0,0.0,0.0,0.0
10593,C=C(C)C1CCC(C)(O)CC1,0.0,0.0,0.0,0.0,0.0,0.0,0.0,0.0,0.0,0.0,0.0,0.0
10594,Cc1cc(=O)[nH]o1,0.0,0.0,0.0,0.0,0.0,0.0,0.0,0.0,0.0,0.0,0.0,0.0
10595,C=C(C)[C@H]1CC=C(C)CC1,0.0,0.0,0.0,0.0,0.0,0.0,0.0,0.0,0.0,0.0,0.0,0.0
10597,CC1=CC[C@@]23CC1C(C)(C)[C@@H]2CC[C@H]3C,0.0,0.0,0.0,0.0,0.0,0.0,0.0,0.0,0.0,0.0,0.0,0.0
10598,C=C(C)[C@@H]1CC=C(C)C(=O)C1,0.0,0.0,0.0,0.0,0.0,0.0,0.0,0.0,0.0,0.0,0.0,0.0
10599,CC1=CCC(C(C)C)=CC1,0.0,0.0,0.0,0.0,0.0,0.0,0.0,0.0,0.0,0.0,0.0,0.0
10600,CC1=CCC(C(C)(C)O)CC1,0.0,0.0,0.0,0.0,0.0,0.0,0.0,0.0,0.0,0.0,0.0,0.0
10603,Cc1c[nH]c(=S)[nH]c1=O,0.0,0.0,0.0,0.0,0.0,0.0,0.0,0.0,0.0,0.0,0.0,0.0
10604,CCC(C)C1N=C(C)C(C)S1,0.0,0.0,0.0,0.0,0.0,0.0,0.0,0.0,0.0,0.0,0.0,0.0
10605,CC1OC1C1CCC2(C)OC2C1,0.0,0.0,0.0,0.0,0.0,0.0,0.0,0.0,0.0,0.0,0.0,0.0
10606,Cc1cccc([N+](=O)[O-])c1C,0.0,0.0,0.0,0.0,0.0,0.0,0.0,0.0,0.0,0.0,0.0,0.0
10608,Cc1c([N+](=O)[O-])cccc1[N+](=O)[O-],0.0,0.0,0.0,0.0,0.0,0.0,0.0,0.0,0.0,0.0,0.0,0.0
10610,Cc1c(Cl)cccc1[N+](=O)[O-],0.0,0.0,0.0,0.0,0.0,0.0,0.0,0.0,0.0,0.0,0.0,0.0
10611,CC1CCC(C(C)(C)S)C(=O)C1,0.0,0.0,0.0,0.0,0.0,0.0,0.0,0.0,0.0,0.0,0.0,0.0
10612,Cc1cc(S(=O)(=O)O)c(N)cc1Cl,0.0,0.0,0.0,0.0,0.0,0.0,0.0,0.0,0.0,0.0,0.0,0.0
10613,CC1=CC(C)C(C=O)C(C)C1,0.0,0.0,0.0,0.0,0.0,0.0,0.0,0.0,0.0,0.0,0.0,0.0
10614,Cc1cc(C)c(NC(=O)CN(CC(=O)O)CC(=O)O)c(C)c1Br,0.0,0.0,0.0,0.0,0.0,0.0,0.0,0.0,0.0,0.0,0.0,0.0
10616,Cc1cc(C)c(O)c(C)c1,0.0,0.0,0.0,0.0,0.0,0.0,0.0,0.0,0.0,0.0,0.0,0.0
10619,Cc1cc(C)c(C(=O)O)c(C)c1,0.0,0.0,0.0,0.0,0.0,0.0,0.0,0.0,0.0,0.0,0.0,0.0
10620,Cc1cc(C)cc([N+](=O)[O-])c1,0.0,0.0,0.0,0.0,0.0,0.0,0.0,0.0,0.0,0.0,0.0,0.0
10621,Cc1cc(C)c(N)c(Cl)c1,0.0,0.0,0.0,0.0,0.0,0.0,0.0,0.0,0.0,0.0,0.0,0.0
10622,Cc1ccc([N+](=O)[O-])c(C)c1,0.0,0.0,0.0,0.0,0.0,0.0,0.0,1.0,0.0,0.0,0.0,0.0
10624,CC(=O)c1c(C)cc(C(C)(C)C)cc1C,0.0,0.0,0.0,0.0,0.0,0.0,0.0,0.0,0.0,0.0,0.0,0.0
10625,Cc1cccc(Cl)c1,0.0,0.0,0.0,0.0,0.0,0.0,0.0,0.0,0.0,0.0,0.0,0.0
10627,Cc1ccc(N)cc1C,0.0,0.0,0.0,0.0,0.0,1.0,0.0,1.0,0.0,0.0,0.0,0.0
10628,Cc1ccc(C)c(O)c1,0.0,0.0,0.0,0.0,0.0,0.0,0.0,0.0,0.0,0.0,0.0,0.0
10630,Cc1cc(C)cc(O)c1,0.0,0.0,0.0,0.0,0.0,0.0,0.0,0.0,0.0,0.0,0.0,0.0
10632,Cc1cccc(O)c1,0.0,0.0,0.0,0.0,0.0,0.0,0.0,0.0,0.0,0.0,0.0,0.0
10634,CCCC[n+]1ccc(C)cc1.O=S(=O)([O-])C(F)(F)F,0.0,0.0,0.0,0.0,0.0,0.0,0.0,0.0,0.0,0.0,0.0,0.0
10635,Cc1ccc2cccnc2c1,0.0,0.0,0.0,0.0,0.0,0.0,0.0,0.0,0.0,0.0,0.0,0.0
10636,CN/C=N/c1ccc(C)cc1C,0.0,0.0,0.0,0.0,0.0,0.0,0.0,0.0,0.0,0.0,0.0,0.0
10637,Cc1ccc(Br)cc1,0.0,0.0,0.0,0.0,0.0,0.0,0.0,0.0,0.0,0.0,0.0,0.0
10638,Cc1ccc(C)c(O)c1C,0.0,0.0,0.0,0.0,0.0,0.0,0.0,0.0,0.0,0.0,0.0,0.0
10640,Cc1ccc(C)c([N+](=O)[O-])c1,0.0,0.0,1.0,0.0,0.0,0.0,0.0,0.0,0.0,0.0,0.0,0.0
10641,Cc1ccc(C=O)cc1C,0.0,0.0,0.0,0.0,0.0,0.0,0.0,0.0,0.0,0.0,0.0,0.0
10643,CC(=O)c1ccc(C)cc1,0.0,0.0,0.0,0.0,0.0,0.0,0.0,0.0,0.0,0.0,0.0,0.0
10644,CC(=O)SCC(CC(=O)c1ccc(C)cc1)C(=O)O,0.0,0.0,0.0,0.0,0.0,0.0,0.0,0.0,0.0,0.0,0.0,0.0
10646,Cc1ccc(-c2ccccc2)cc1,0.0,0.0,0.0,0.0,0.0,0.0,0.0,0.0,0.0,0.0,0.0,0.0
10647,Cc1ccc(Nc2ccc(O)c3c2C(=O)c2ccccc2C3=O)cc1,0.0,0.0,1.0,0.0,0.0,1.0,0.0,0.0,0.0,0.0,0.0,0.0
10648,CC(C)C[P+](C)(CC(C)C)CC(C)C.Cc1ccc(S(=O)(=O)[O-])cc1,0.0,0.0,0.0,0.0,0.0,0.0,0.0,0.0,0.0,0.0,0.0,0.0
10649,Cc1ccc(S(=O)(=O)N=C=O)cc1,0.0,0.0,0.0,0.0,0.0,0.0,0.0,0.0,0.0,0.0,0.0,0.0
10653,CCNS(=O)(=O)c1ccc(C)cc1,0.0,0.0,0.0,0.0,0.0,0.0,0.0,0.0,0.0,0.0,0.0,0.0
10654,CCCCNS(=O)(=O)c1ccc(C)cc1,0.0,0.0,0.0,0.0,0.0,0.0,0.0,0.0,0.0,0.0,0.0,0.0
10655,Cc1ccc(S(N)(=O)=O)cc1,0.0,0.0,0.0,0.0,0.0,0.0,0.0,0.0,0.0,0.0,0.0,0.0
10657,Cc1ccc(C(=O)O)cc1[N+](=O)[O-],0.0,0.0,0.0,0.0,0.0,0.0,0.0,0.0,0.0,0.0,0.0,0.0
10659,Cc1ccc(C(N)=O)cc1N,0.0,0.0,0.0,0.0,0.0,0.0,0.0,0.0,0.0,0.0,0.0,0.0
10660,Cc1ccc([N+](=O)[O-])cc1S(=O)(=O)O,0.0,0.0,0.0,0.0,0.0,0.0,0.0,0.0,0.0,0.0,0.0,0.0
10663,Cc1ccc(CO)cc1,0.0,0.0,0.0,0.0,0.0,0.0,0.0,0.0,0.0,0.0,0.0,0.0
10665,CCCC[n+]1cccc(C)c1.F[B-](F)(F)F,0.0,0.0,0.0,0.0,0.0,0.0,0.0,0.0,0.0,0.0,0.0,0.0
10666,CCCC[n+]1cccc(C)c1.F[P-](F)(F)(F)(F)F,0.0,0.0,0.0,0.0,0.0,0.0,0.0,0.0,0.0,0.0,0.0,0.0
10667,CCCC[n+]1cccc(C)c1.O=S(=O)([O-])C(F)(F)F,0.0,0.0,0.0,0.0,0.0,0.0,0.0,1.0,0.0,0.0,0.0,0.0
10668,Cc1ccc2c(c1)C(=O)OC2=O,0.0,0.0,0.0,0.0,0.0,0.0,0.0,0.0,0.0,0.0,0.0,0.0
10671,Cc1cccc(C)c1,0.0,0.0,0.0,0.0,1.0,0.0,0.0,1.0,0.0,0.0,0.0,0.0
10674,Cc1cccc(C)c1N,0.0,0.0,0.0,0.0,0.0,0.0,0.0,0.0,0.0,0.0,0.0,0.0
10676,Cc1cccc(C)c1O,0.0,0.0,0.0,0.0,0.0,0.0,0.0,0.0,0.0,0.0,0.0,0.0
10678,C=Cc1cccc(C)c1,0.0,0.0,0.0,0.0,0.0,0.0,0.0,0.0,0.0,0.0,0.0,0.0
10679,Cc1cccc(C(=O)O)c1,0.0,0.0,0.0,0.0,0.0,0.0,0.0,0.0,0.0,0.0,0.0,0.0
10681,CCc1cccc(C)c1,0.0,0.0,0.0,0.0,0.0,0.0,0.0,0.0,0.0,0.0,0.0,0.0
10682,Cc1cccc(N)n1,0.0,0.0,0.0,0.0,0.0,0.0,0.0,0.0,0.0,0.0,0.0,0.0
10684,Cc1cccc2[nH]nnc12,0.0,0.0,0.0,0.0,0.0,0.0,0.0,0.0,0.0,0.0,0.0,0.0
10686,Cc1ccccc1Br,0.0,0.0,0.0,0.0,0.0,0.0,0.0,0.0,0.0,0.0,0.0,0.0
10687,Cc1ccccc1C,0.0,0.0,0.0,0.0,0.0,0.0,0.0,0.0,0.0,0.0,0.0,0.0
10688,Cc1ccccc1C(N)=O,0.0,0.0,0.0,0.0,0.0,0.0,0.0,0.0,0.0,0.0,0.0,0.0
10689,Cc1ccccc1CCl,0.0,0.0,0.0,0.0,0.0,0.0,0.0,0.0,0.0,0.0,0.0,0.0
10690,Cc1ccccc1Cl,0.0,0.0,0.0,0.0,0.0,0.0,0.0,0.0,0.0,0.0,0.0,0.0
10694,Cc1ccco1,0.0,0.0,1.0,0.0,0.0,0.0,0.0,0.0,0.0,0.0,0.0,0.0
10695,Cc1ccnc(N)c1,0.0,0.0,0.0,0.0,0.0,0.0,0.0,0.0,0.0,0.0,0.0,0.0
10696,CCCCCCCCCCCCCN1CC(C)OC(C)C1,0.0,0.0,0.0,0.0,0.0,0.0,0.0,0.0,0.0,0.0,0.0,0.0
10697,CC1CN1,0.0,0.0,0.0,0.0,0.0,0.0,0.0,0.0,0.0,0.0,0.0,0.0
10698,Cc1cnc(C)c(C)n1,0.0,0.0,0.0,0.0,0.0,0.0,0.0,0.0,0.0,0.0,0.0,0.0
10699,CCc1nc(C)c[nH]1,0.0,0.0,0.0,0.0,0.0,0.0,0.0,0.0,0.0,0.0,0.0,0.0
10700,Cc1ccc(N)nc1,0.0,0.0,0.0,0.0,0.0,0.0,0.0,0.0,0.0,0.0,0.0,0.0
10701,Cc1c[nH]cn1,0.0,0.0,0.0,0.0,0.0,0.0,0.0,0.0,0.0,0.0,0.0,0.0
10702,Cc1nc(N(C)C)nc(OC(=O)N(C)C)c1C,0.0,0.0,0.0,0.0,0.0,0.0,0.0,0.0,0.0,0.0,0.0,0.0
10703,Cc1nc2ccccc2s1,0.0,0.0,0.0,0.0,0.0,0.0,0.0,0.0,0.0,0.0,0.0,0.0
10706,CCCC1CCOC(C)S1,0.0,0.0,0.0,0.0,0.0,0.0,0.0,0.0,0.0,0.0,0.0,0.0
10707,CC1OCCC1=O,0.0,0.0,0.0,0.0,0.0,0.0,0.0,0.0,0.0,0.0,0.0,0.0
10708,Cc1occc1S,1.0,0.0,1.0,0.0,0.0,0.0,0.0,0.0,0.0,0.0,0.0,0.0
10709,CSSc1ccoc1C,0.0,0.0,0.0,0.0,0.0,0.0,0.0,0.0,0.0,0.0,0.0,0.0
10712,CC12CCC(CC1=O)C2(C)C,0.0,0.0,0.0,0.0,0.0,0.0,0.0,0.0,0.0,0.0,0.0,0.0
10715,C=C1CCC2CC1C2(C)C,0.0,0.0,0.0,0.0,0.0,0.0,0.0,0.0,0.0,0.0,0.0,0.0
10718,COc1cc(NS(=O)(=O)c2ccc(N)cc2)nc(C)n1,0.0,0.0,0.0,0.0,0.0,0.0,0.0,0.0,0.0,0.0,0.0,0.0
10719,CC1(C)CCC[C@]2(C)[C@H]3CCO[C@]3(C)CC[C@@H]12,0.0,0.0,0.0,0.0,0.0,0.0,1.0,0.0,0.0,0.0,0.0,0.0
10720,CNC(=O)[C@H]1O[C@@H](n2cnc3c(NCc4cc(Cl)ccc4OCc4cc(C)no4)ncnc32)[C@H](O)[C@@H]1N,0.0,0.0,0.0,0.0,0.0,0.0,0.0,0.0,0.0,0.0,0.0,0.0
10721,CCC#N,0.0,0.0,0.0,0.0,0.0,0.0,0.0,0.0,0.0,0.0,0.0,0.0
10722,CCCC=C(C=O)CC,0.0,0.0,0.0,0.0,0.0,0.0,0.0,0.0,0.0,0.0,0.0,0.0
10723,CCC(=O)O[C@@H]1C[C@H]2CC[C@]1(C)C2(C)C,0.0,0.0,0.0,0.0,0.0,0.0,0.0,0.0,0.0,0.0,0.0,0.0
10724,CCC(=O)OC/C=C/c1ccccc1,0.0,0.0,1.0,0.0,0.0,0.0,0.0,1.0,0.0,0.0,0.0,0.0
10725,CCOC(=O)CC,0.0,0.0,0.0,0.0,0.0,0.0,0.0,0.0,0.0,0.0,0.0,0.0
10726,CCC(=O)OCc1ccccc1,0.0,0.0,0.0,0.0,0.0,0.0,0.0,0.0,0.0,0.0,0.0,0.0
10727,CCCCOC(=O)CC,0.0,0.0,0.0,0.0,0.0,0.0,0.0,0.0,0.0,0.0,0.0,0.0
10728,CCC(Br)(CC)C(=O)NC(N)=O,0.0,0.0,0.0,0.0,0.0,0.0,0.0,0.0,0.0,0.0,0.0,0.0
10729,CCC(C(=O)NC(=O)NC(C)=O)c1ccccc1,0.0,0.0,0.0,0.0,0.0,0.0,0.0,0.0,0.0,0.0,0.0,0.0
10731,CCC(C)C1CCCCC1=O,0.0,0.0,0.0,0.0,0.0,0.0,0.0,0.0,0.0,0.0,0.0,0.0
10732,CCC(C)n1c(=O)[nH]c(C)c(Br)c1=O,0.0,0.0,0.0,0.0,0.0,1.0,0.0,0.0,0.0,0.0,0.0,0.0
10733,CCCC(CC)c1ccccc1,0.0,0.0,0.0,0.0,0.0,0.0,0.0,0.0,0.0,0.0,0.0,0.0
10735,CCCCC(CC)COCC1CO1,0.0,0.0,0.0,0.0,0.0,0.0,0.0,0.0,0.0,0.0,0.0,0.0
10737,CCC(CO)(CO)CO,0.0,0.0,0.0,0.0,0.0,0.0,0.0,0.0,0.0,0.0,0.0,0.0
10738,CCC(N)(CO)CO,0.0,0.0,0.0,0.0,0.0,0.0,0.0,0.0,0.0,0.0,0.0,0.0
10739,CCC(O)OC(O)CC,0.0,0.0,0.0,0.0,0.0,0.0,0.0,0.0,0.0,0.0,0.0,0.0
10741,CCCCOC(O)CC,0.0,0.0,0.0,0.0,0.0,0.0,0.0,0.0,0.0,0.0,0.0,0.0
10742,CCC[N+]1(C)CCCCC1.F[P-](F)(F)(F)(F)F,0.0,0.0,0.0,0.0,0.0,0.0,0.0,0.0,0.0,0.0,0.0,0.0
10743,CCC/C=C/C=O,0.0,0.0,0.0,0.0,0.0,0.0,0.0,0.0,0.0,0.0,0.0,0.0
10745,CCCC=NO,0.0,0.0,0.0,0.0,0.0,0.0,0.0,0.0,0.0,0.0,0.0,0.0
10750,CCc1ccc(C=O)cc1,0.0,0.0,0.0,0.0,0.0,0.0,0.0,0.0,0.0,0.0,0.0,0.0
10751,CCc1ccc(CC)cc1,0.0,0.0,0.0,0.0,0.0,0.0,0.0,0.0,0.0,0.0,0.0,0.0
10753,CCc1ccccc1CC,0.0,0.0,0.0,0.0,0.0,0.0,0.0,0.0,0.0,0.0,0.0,0.0
10755,CCc1ccccc1O,0.0,0.0,0.0,0.0,0.0,0.0,0.0,0.0,0.0,0.0,0.0,0.0
10757,CCC1CO1,0.0,0.0,0.0,0.0,0.0,0.0,0.0,1.0,0.0,0.0,0.0,0.0
10758,CCCC(=O)OCc1ccccc1,0.0,0.0,0.0,0.0,0.0,0.0,0.0,0.0,0.0,0.0,0.0,0.0
10759,CCCC(=O)OCCc1ccccc1,0.0,0.0,0.0,0.0,0.0,0.0,0.0,0.0,0.0,0.0,0.0,0.0
10762,CCCC(=O)Cl,0.0,0.0,0.0,0.0,0.0,0.0,0.0,0.0,0.0,0.0,0.0,0.0
10764,CCCC[N+]1(C)CCCC1.F[B-](F)(F)F,0.0,0.0,0.0,0.0,0.0,0.0,0.0,0.0,0.0,0.0,0.0,0.0
10765,CCCC/C=C\CCCCCCCCCC=O,0.0,0.0,0.0,0.0,0.0,0.0,0.0,1.0,0.0,0.0,0.0,0.0
10766,CCCCN=C=O,0.0,0.0,0.0,0.0,0.0,0.0,0.0,0.0,0.0,0.0,0.0,0.0
10767,C=CCCC,0.0,0.0,0.0,0.0,0.0,0.0,0.0,0.0,0.0,0.0,0.0,0.0
10768,CCCC=O,0.0,0.0,0.0,0.0,0.0,0.0,0.0,0.0,0.0,0.0,0.0,0.0
10769,CCCCC#N,0.0,0.0,0.0,0.0,0.0,0.0,0.0,0.0,0.0,0.0,0.0,0.0
10771,CCCCC(CC)(CO)CO,0.0,0.0,0.0,0.0,0.0,0.0,0.0,0.0,0.0,0.0,0.0,0.0
10772,CCCCC(CC)COCCC#N,0.0,0.0,0.0,0.0,0.0,0.0,0.0,0.0,0.0,0.0,0.0,0.0
10773,CCCCC(CC)CO[PH](=O)OCC(CC)CCCC,0.0,0.0,0.0,0.0,0.0,0.0,0.0,0.0,0.0,0.0,0.0,0.0
10774,CCCCC/C=C\CCC=O,0.0,0.0,0.0,0.0,0.0,0.0,0.0,0.0,0.0,0.0,0.0,0.0
10775,CCCCC=O,0.0,0.0,0.0,0.0,0.0,0.0,0.0,0.0,0.0,0.0,0.0,0.0
10776,CCCCC1CCC(=O)O1,0.0,0.0,0.0,0.0,0.0,0.0,0.0,0.0,0.0,0.0,0.0,0.0
10777,CCCCc1ccccc1,0.0,0.0,0.0,0.0,0.0,0.0,0.0,0.0,0.0,0.0,0.0,0.0
10779,CCCCCC(=O)OCCc1ccccc1,0.0,0.0,0.0,0.0,0.0,0.0,0.0,0.0,0.0,0.0,0.0,0.0
10780,CCCCCC(CO)CCC,0.0,0.0,0.0,0.0,0.0,0.0,0.0,0.0,0.0,0.0,0.0,0.0
10782,CCCCCCC#N,0.0,0.0,0.0,0.0,0.0,0.0,0.0,0.0,0.0,0.0,0.0,0.0
10784,CCCCCCCCC(CO)CCCCCC,0.0,0.0,0.0,0.0,0.0,0.0,0.0,0.0,0.0,0.0,0.0,0.0
10785,CCCCCCC(CO)CCCC,0.0,0.0,0.0,0.0,0.0,0.0,0.0,0.0,0.0,0.0,0.0,0.0
10787,CCCCCCCCC1CO1,0.0,0.0,0.0,0.0,0.0,0.0,0.0,0.0,0.0,0.0,0.0,0.0
10788,CCCCCCCCCBr,0.0,0.0,0.0,0.0,0.0,0.0,0.0,0.0,0.0,0.0,0.0,0.0
10790,CCCCCCCCCCC=CC#N,0.0,0.0,0.0,0.0,0.0,0.0,0.0,0.0,0.0,0.0,0.0,0.0
10791,CCCCCCCCCCC1CO1,0.0,0.0,0.0,0.0,0.0,0.0,0.0,0.0,0.0,0.0,0.0,0.0
10793,CCCCCCCCCCCc1ccccc1,0.0,0.0,0.0,0.0,0.0,0.0,0.0,0.0,0.0,0.0,0.0,0.0
10794,CCCCCCCCCCCCC,0.0,0.0,0.0,0.0,0.0,0.0,0.0,0.0,0.0,0.0,0.0,0.0
10795,C=CCCCCCCCCCCCC,0.0,0.0,0.0,0.0,0.0,0.0,0.0,0.0,0.0,0.0,0.0,0.0
10797,CCCCCCCCCCCCC1CO1,0.0,0.0,0.0,0.0,0.0,0.0,0.0,0.0,0.0,0.0,0.0,0.0
10798,CCCCCCCCCCCCCC,0.0,0.0,0.0,0.0,0.0,0.0,0.0,0.0,0.0,0.0,0.0,0.0
10799,CCCCCCCCCCCCCC=O,0.0,0.0,0.0,0.0,0.0,0.0,0.0,1.0,0.0,0.0,0.0,0.0
10800,CCCCCCCCCCCCCCC,0.0,0.0,0.0,0.0,0.0,0.0,0.0,0.0,0.0,0.0,0.0,0.0
10801,CCCCCCCCCCCCCCCCCC#N,0.0,0.0,0.0,0.0,0.0,0.0,0.0,0.0,0.0,0.0,0.0,0.0
10802,CCCCCCCCCCCCCCCCCC(=O)OCCCCCCCCCCCCCC(C)C,0.0,0.0,0.0,0.0,0.0,0.0,0.0,1.0,0.0,0.0,0.0,0.0
10803,CCCCCCCCCCCCCCCCCCCl,0.0,0.0,0.0,0.0,0.0,0.0,0.0,0.0,0.0,0.0,0.0,0.0
10804,CCCCCCCCCCCCCCCCCl,0.0,0.0,0.0,0.0,0.0,0.0,0.0,0.0,0.0,0.0,0.0,0.0
10805,CCCCCCCCCCCCCCCCI,0.0,0.0,0.0,0.0,0.0,0.0,0.0,0.0,0.0,0.0,0.0,0.0
10807,CCCCCCCCCCCCI,0.0,0.0,0.0,0.0,0.0,0.0,0.0,0.0,0.0,0.0,0.0,0.0
10808,CCCCCCCCCCCCN(CCCCCCCCCCCC)CCCCCCCCCCCC,0.0,0.0,0.0,0.0,0.0,0.0,0.0,0.0,0.0,0.0,0.0,0.0
10810,CCCCCCCCCCl,0.0,0.0,0.0,0.0,0.0,0.0,0.0,1.0,0.0,0.0,0.0,0.0
10811,CCCCCCCCCCN,0.0,0.0,0.0,0.0,0.0,0.0,0.0,0.0,0.0,0.0,0.0,0.0
10814,CCCCCCCCCO,0.0,0.0,0.0,0.0,0.0,0.0,0.0,0.0,0.0,0.0,0.0,0.0
10815,C=CC(=O)OCCCCCCCC,0.0,0.0,0.0,0.0,0.0,0.0,0.0,0.0,0.0,0.0,0.0,0.0
10816,CCCCCCCCOC(=O)CCCCCCCCC(=O)OCCCCCCCC,0.0,0.0,0.0,0.0,0.0,0.0,0.0,0.0,0.0,0.0,0.0,0.0
10817,CCCCCCCCOC(C)=O,0.0,0.0,0.0,0.0,0.0,0.0,0.0,0.0,0.0,0.0,0.0,0.0
10818,CCCCCCCCOCCC#N,0.0,0.0,0.0,0.0,0.0,0.0,0.0,0.0,0.0,0.0,0.0,0.0
10820,CCCCCCCOC(=O)CCC,0.0,0.0,0.0,0.0,0.0,0.0,0.0,0.0,0.0,0.0,0.0,0.0
10821,CCCCCCCOC(C)=O,0.0,0.0,0.0,0.0,0.0,0.0,0.0,1.0,0.0,0.0,0.0,0.0
10822,CCCCCCNCCCCCC,0.0,0.0,0.0,0.0,0.0,0.0,0.0,0.0,0.0,0.0,0.0,0.0
10823,CCCCCNCCCCC,0.0,0.0,0.0,0.0,0.0,0.0,0.0,0.0,0.0,0.0,0.0,0.0
10826,CCCCN(CCCC)CCCCCCN(CCCC)CCCC,0.0,0.0,0.0,0.0,0.0,0.0,0.0,0.0,0.0,0.0,0.0,0.0
10827,CCCCN(CCCC)N=O,0.0,0.0,0.0,0.0,0.0,0.0,0.0,0.0,0.0,0.0,0.0,0.0
10829,CCCCn1cc[n+](C)c1.F[B-](F)(F)F,0.0,0.0,1.0,0.0,0.0,0.0,0.0,0.0,0.0,0.0,0.0,0.0
10830,CCCCO[Al](OCCCC)OCCCC,0.0,0.0,0.0,0.0,0.0,0.0,0.0,0.0,0.0,0.0,0.0,0.0
10831,CCCCOCCCC,0.0,0.0,0.0,0.0,0.0,0.0,0.0,0.0,0.0,0.0,0.0,0.0
10835,CCCCON=O,0.0,0.0,0.0,0.0,0.0,0.0,0.0,0.0,0.0,0.0,0.0,0.0
10836,CCCCO[PH](=O)OCCCC,0.0,0.0,0.0,0.0,0.0,0.0,0.0,0.0,0.0,0.0,0.0,0.0
10838,CCCCSCCCC,0.0,0.0,0.0,0.0,0.0,0.0,0.0,0.0,0.0,0.0,0.0,0.0
10840,CCCO,0.0,0.0,0.0,0.0,0.0,0.0,0.0,0.0,0.0,0.0,0.0,0.0
10841,CCCO[Si](OCCC)(OCCC)OCCC,0.0,0.0,0.0,0.0,0.0,0.0,0.0,0.0,0.0,0.0,0.0,0.0
10842,CCCOC(OCCC)OCCC,0.0,0.0,0.0,0.0,0.0,0.0,0.0,0.0,0.0,0.0,0.0,0.0
10843,CCCOCCC,0.0,0.0,0.0,0.0,0.0,0.0,0.0,0.0,0.0,0.0,0.0,0.0
10844,CCCSP(=O)(OCC)SCCC,0.0,0.0,0.0,0.0,0.0,0.0,0.0,0.0,0.0,0.0,0.0,0.0
10845,CCCSSCCC,0.0,0.0,0.0,0.0,0.0,0.0,0.0,0.0,0.0,0.0,0.0,0.0
10847,CCN(CC#N)c1cccc(C)c1,0.0,0.0,0.0,0.0,0.0,0.0,0.0,0.0,0.0,0.0,0.0,0.0
10848,CCCCCCCCCCCC(=O)N(CC)CC,0.0,0.0,0.0,0.0,0.0,0.0,0.0,0.0,0.0,0.0,0.0,0.0
10849,CCN(CC)C(=O)N(CC)CC,0.0,0.0,0.0,0.0,0.0,0.0,0.0,0.0,0.0,0.0,0.0,0.0
10850,CCSC(=O)N(CC)CC,0.0,0.0,0.0,0.0,0.0,0.0,0.0,0.0,0.0,0.0,0.0,0.0
10851,CCN(CC)C(C)=O,0.0,0.0,0.0,0.0,0.0,0.0,0.0,0.0,0.0,0.0,0.0,0.0
10852,CCN(C=O)CC,0.0,0.0,0.0,0.0,0.0,0.0,0.0,0.0,0.0,0.0,0.0,0.0
10853,CCN(CC)C1CCCCC1,0.0,0.0,0.0,0.0,0.0,0.0,0.0,0.0,0.0,0.0,0.0,0.0
10854,CCN(CC)CC,0.0,0.0,0.0,0.0,0.0,0.0,0.0,0.0,0.0,0.0,0.0,0.0
10857,CCN1CCOCC1,0.0,0.0,0.0,0.0,0.0,0.0,0.0,0.0,0.0,0.0,0.0,0.0
10858,CCCCc1c(C)nc(NCC)nc1O,0.0,0.0,0.0,0.0,0.0,0.0,0.0,0.0,0.0,0.0,0.0,0.0
10859,CCCCNCC,0.0,0.0,0.0,0.0,0.0,0.0,0.0,0.0,0.0,0.0,0.0,0.0
10860,CCO,0.0,0.0,0.0,0.0,0.0,0.0,0.0,0.0,0.0,0.0,0.0,0.0
10861,CCO[Si](C)(OCC)OCC,0.0,0.0,0.0,0.0,0.0,0.0,0.0,0.0,0.0,0.0,0.0,0.0
10863,CCOC(=O)NCCC[Si](OCC)(OCC)OCC,0.0,0.0,0.0,0.0,0.0,0.0,0.0,0.0,0.0,0.0,0.0,0.0
10864,CCO[Si](CCCNC(N)=O)(OCC)OCC,0.0,0.0,0.0,0.0,0.0,0.0,0.0,0.0,0.0,0.0,0.0,0.0
10865,CCO[Si](CCCS)(OCC)OCC,0.0,0.0,0.0,0.0,0.0,0.0,0.0,0.0,0.0,0.0,0.0,0.0
10866,CCOC(=O)C(=O)OCC,0.0,0.0,0.0,0.0,0.0,0.0,0.0,0.0,0.0,0.0,0.0,0.0
10868,CCOC(OCC)OCC,0.0,0.0,0.0,0.0,0.0,0.0,0.0,0.0,0.0,0.0,0.0,0.0
10869,CCOc1ccc(NC(=O)CC(C)=O)cc1,0.0,0.0,0.0,0.0,0.0,1.0,0.0,0.0,0.0,0.0,0.0,0.0
10871,CCOc1ccc(N)c([N+](=O)[O-])c1,0.0,0.0,0.0,0.0,0.0,0.0,0.0,0.0,0.0,0.0,0.0,0.0
10872,CCOc1ccc2c(c1)C(C)CC(C)(C)N2,0.0,0.0,0.0,0.0,0.0,1.0,0.0,0.0,0.0,0.0,0.0,0.0
10873,CCOc1ccccc1N,0.0,0.0,0.0,0.0,0.0,1.0,0.0,0.0,0.0,0.0,0.0,0.0
10874,CCOc1ccccc1O,0.0,0.0,0.0,0.0,0.0,0.0,0.0,0.0,0.0,0.0,0.0,0.0
10875,CCOCCC(=O)OCC,0.0,0.0,0.0,0.0,0.0,0.0,0.0,0.0,0.0,0.0,0.0,0.0
10877,CCOCCOCC,0.0,0.0,0.0,0.0,0.0,0.0,0.0,0.0,0.0,0.0,0.0,0.0
10878,CCOCCOCCOC(C)=O,0.0,0.0,0.0,0.0,0.0,0.0,0.0,0.0,0.0,0.0,0.0,0.0
10879,CCOC(=O)N(C)C(=O)CSP(=S)(OCC)OCC,0.0,0.0,0.0,0.0,0.0,1.0,0.0,0.0,0.0,0.0,0.0,0.0
10880,CCOP(=S)(S)OCC,0.0,0.0,0.0,0.0,0.0,0.0,0.0,0.0,0.0,0.0,0.0,0.0
10881,CCOP(O)OCC,0.0,0.0,0.0,0.0,0.0,0.0,0.0,0.0,0.0,0.0,0.0,0.0
10883,CCN[C@@H](C)Cc1ccccc1.Cl,0.0,0.0,0.0,0.0,0.0,0.0,0.0,0.0,0.0,0.0,0.0,0.0
10884,Cl.c1ccncc1,0.0,0.0,0.0,0.0,0.0,0.0,0.0,0.0,0.0,0.0,0.0,0.0
10885,CC(Cc1ccc2c(c1)OCO2)NO.Cl,0.0,0.0,0.0,0.0,0.0,0.0,0.0,0.0,0.0,0.0,0.0,0.0
10887,CCCN1C=CN(C)C1.Cl,0.0,0.0,0.0,0.0,0.0,0.0,0.0,0.0,0.0,0.0,0.0,0.0
10888,CCNCC.Cl,0.0,0.0,0.0,0.0,0.0,0.0,0.0,0.0,0.0,0.0,0.0,0.0
10891,Cl.Clc1cccc(Cl)c1N=C1NCCN1,0.0,0.0,0.0,0.0,0.0,0.0,0.0,0.0,0.0,0.0,0.0,0.0
10893,CNC.Cl,0.0,0.0,0.0,0.0,0.0,0.0,0.0,0.0,0.0,0.0,0.0,0.0
10894,CO/N=C(/C(=O)N[C@@H]1C(=O)N2C(C(=O)[O-])=C(C[n+]3ccn4ncccc43)CS[C@H]12)c1nsc(N)n1.Cl,0.0,0.0,0.0,0.0,0.0,0.0,0.0,0.0,0.0,0.0,0.0,0.0
10896,COc1ccc(OC)c(CC(C)N)c1.Cl,0.0,0.0,0.0,0.0,0.0,0.0,0.0,0.0,0.0,0.0,0.0,0.0
10897,Cl.N=C(N)c1ccccc1,0.0,0.0,0.0,0.0,0.0,0.0,0.0,0.0,0.0,0.0,0.0,0.0
10898,Cl.N=C(N)NN,0.0,0.0,0.0,0.0,0.0,1.0,0.0,0.0,0.0,0.0,0.0,0.0
10899,Cl.NNC(N)=O,0.0,0.0,0.0,0.0,0.0,0.0,0.0,0.0,0.0,0.0,0.0,0.0
10903,Cl.N[C@H]1C(O)O[C@H](CO)[C@H](O)[C@@H]1O,0.0,0.0,0.0,0.0,0.0,0.0,0.0,0.0,0.0,0.0,0.0,0.0
10904,C[C@H](N)C(=O)c1ccccc1.Cl,0.0,0.0,0.0,0.0,0.0,0.0,0.0,0.0,0.0,0.0,0.0,0.0
10905,CC(=O)O[C@H](CC(=O)[O-])C[N+](C)(C)C.Cl,0.0,0.0,0.0,0.0,0.0,0.0,0.0,0.0,0.0,0.0,0.0,0.0
10906,CCOC(=N)CC(=O)OCC.Cl,0.0,0.0,0.0,0.0,0.0,0.0,0.0,0.0,0.0,0.0,0.0,0.0
10907,CCCOC(=O)NCCCN(C)C.Cl,0.0,0.0,0.0,0.0,0.0,0.0,0.0,0.0,0.0,0.0,0.0,0.0
10908,CCN(CC)CCNC(=O)c1ccc(N)cc1.Cl,0.0,0.0,0.0,0.0,0.0,0.0,0.0,0.0,0.0,0.0,0.0,0.0
10909,Cl.NC(=O)CC[C@H](Nc1ccc([N+](=O)[O-])cc1)C(=O)O,0.0,0.0,0.0,0.0,0.0,0.0,0.0,0.0,0.0,0.0,0.0,0.0
10910,C[C@H]1O[C@H](O[C@H]2[C@H](O)[C@@H](O)[C@@H](O)[C@H](O)[C@@H]2O)[C@@H](N)C[C@@H]1NC(=N)C(=O)O.Cl,0.0,0.0,0.0,0.0,0.0,0.0,0.0,0.0,0.0,0.0,0.0,0.0
10913,Cc1ncc(CO)c(CO)c1O.Cl,0.0,0.0,0.0,0.0,0.0,0.0,0.0,0.0,0.0,0.0,0.0,0.0
10914,Cl.NCCc1ccc(O)cc1,0.0,0.0,0.0,0.0,0.0,0.0,0.0,1.0,0.0,0.0,0.0,0.0
10915,ClC(Cl)=C(Cl)C(Cl)=C(Cl)Cl,0.0,0.0,0.0,0.0,0.0,0.0,0.0,0.0,0.0,0.0,0.0,0.0
10918,O=C(Cl)c1ccccc1,0.0,0.0,0.0,0.0,0.0,0.0,0.0,0.0,0.0,0.0,0.0,0.0
10919,CCCCCCCC(=O)Cl,0.0,0.0,0.0,0.0,0.0,0.0,0.0,0.0,0.0,0.0,0.0,0.0
10920,COC(=O)Cl,0.0,0.0,0.0,0.0,0.0,0.0,0.0,0.0,0.0,0.0,0.0,0.0
10921,CCOC(=O)Cl,0.0,0.0,0.0,0.0,0.0,0.0,0.0,0.0,0.0,0.0,0.0,0.0
10922,O=C(Cl)OCc1ccccc1,0.0,0.0,0.0,0.0,0.0,0.0,0.0,0.0,0.0,0.0,0.0,0.0
10923,O=[N+]([O-])C(Cl)(Cl)Cl,0.0,0.0,0.0,0.0,0.0,0.0,0.0,0.0,0.0,0.0,0.0,0.0
10924,O=C(C(Cl)(Cl)Cl)C(Cl)(Cl)Cl,0.0,0.0,0.0,0.0,0.0,0.0,0.0,0.0,0.0,0.0,0.0,0.0
10926,O=C(Cl)C(Cl)(Cl)Cl,0.0,0.0,0.0,0.0,0.0,0.0,0.0,0.0,0.0,0.0,0.0,0.0
10927,FC(F)(F)C(Cl)(Cl)Cl,0.0,0.0,0.0,0.0,0.0,0.0,0.0,0.0,0.0,0.0,0.0,0.0
10928,NC(=O)C(Cl)(Cl)Cl,0.0,0.0,1.0,0.0,0.0,0.0,0.0,1.0,0.0,0.0,0.0,0.0
10932,CCOc1nc(C(Cl)(Cl)Cl)ns1,0.0,0.0,0.0,0.0,0.0,0.0,0.0,0.0,0.0,0.0,0.0,0.0
10933,ClC(Cl)C(Cl)(Cl)Cl,0.0,0.0,0.0,0.0,0.0,0.0,0.0,0.0,0.0,0.0,0.0,0.0
10934,NC(=O)C(Cl)Cl,0.0,0.0,0.0,0.0,0.0,0.0,0.0,0.0,0.0,0.0,0.0,0.0
10936,FC(F)(Cl)C(F)(Cl)Cl,0.0,0.0,0.0,0.0,0.0,0.0,0.0,0.0,0.0,0.0,0.0,0.0
10937,ClC=CCCl,0.0,0.0,0.0,0.0,0.0,0.0,0.0,0.0,0.0,0.0,0.0,0.0
10938,ClC=CCl,0.0,0.0,0.0,0.0,0.0,0.0,0.0,0.0,0.0,0.0,0.0,0.0
10939,O=C(O)Cc1c(Cl)ccc(Cl)c1Cl,0.0,0.0,0.0,0.0,0.0,0.0,0.0,0.0,1.0,0.0,0.0,0.0
10940,CC(=O)OCC(=O)Nc1cc(C#N)cc(NC(=O)COC(C)=O)c1Cl,0.0,0.0,0.0,0.0,0.0,0.0,0.0,0.0,0.0,0.0,0.0,0.0
10942,COC(=O)c1cc(Cl)cc(Cl)c1,0.0,0.0,0.0,0.0,0.0,0.0,0.0,0.0,0.0,0.0,0.0,0.0
10943,COC(=O)c1cccc(Cl)c1,0.0,0.0,0.0,0.0,0.0,0.0,0.0,0.0,0.0,0.0,0.0,0.0
10944,OCCN(CCO)c1cccc(Cl)c1,0.0,0.0,0.0,0.0,0.0,0.0,0.0,0.0,0.0,0.0,0.0,0.0
10945,Cc1ccc(Cl)cc1Cl,0.0,0.0,0.0,0.0,0.0,0.0,0.0,0.0,0.0,0.0,0.0,0.0
10946,Clc1cc(Cl)c(Cl)c(Cl)c1Cl,0.0,0.0,0.0,0.0,0.0,0.0,0.0,0.0,0.0,0.0,0.0,0.0
10950,Clc1cc(Cl)cc(Cl)c1,0.0,0.0,0.0,0.0,0.0,0.0,0.0,0.0,0.0,0.0,0.0,0.0
10951,N#CCc1ccc(Cl)cc1Cl,0.0,0.0,0.0,0.0,0.0,0.0,0.0,0.0,0.0,0.0,0.0,0.0
10952,CNC.O=C(O)COc1ccc(Cl)cc1Cl,0.0,0.0,0.0,0.0,0.0,0.0,0.0,0.0,0.0,0.0,0.0,0.0
10953,COC(=O)COc1ccc(Cl)cc1Cl,0.0,0.0,0.0,0.0,0.0,0.0,0.0,0.0,0.0,0.0,0.0,0.0
10954,CC(C)COC(=O)COc1ccc(Cl)cc1Cl,0.0,0.0,0.0,0.0,0.0,0.0,0.0,0.0,0.0,0.0,0.0,0.0
10955,CCCCC(CC)COC(=O)COc1ccc(Cl)cc1Cl,0.0,0.0,0.0,0.0,0.0,0.0,0.0,0.0,0.0,0.0,0.0,0.0
10956,CCCCOC(=O)COc1ccc(Cl)cc1Cl,0.0,0.0,0.0,0.0,0.0,0.0,0.0,0.0,0.0,0.0,0.0,0.0
10958,CCCCCC(CC)OC(=O)CCCOc1ccc(Cl)cc1Cl,0.0,0.0,0.0,0.0,0.0,0.0,0.0,0.0,0.0,0.0,0.0,0.0
10959,CCCCC(CC)COC(=O)COc1cc(Cl)c(Cl)cc1Cl,0.0,0.0,0.0,0.0,0.0,0.0,0.0,0.0,0.0,0.0,0.0,0.0
10960,CCOC(=O)NC(C)(C)Cc1ccc(Cl)cc1,0.0,0.0,0.0,0.0,0.0,0.0,0.0,0.0,0.0,0.0,0.0,0.0
10961,FC(F)(F)C(=NOCC1OCCO1)c1ccc(Cl)cc1,0.0,0.0,0.0,0.0,0.0,0.0,0.0,0.0,0.0,0.0,0.0,0.0
10963,CC1(C)CCC(=Cc2ccc(Cl)cc2)C1(O)Cn1cncn1,0.0,1.0,0.0,0.0,0.0,1.0,0.0,0.0,0.0,0.0,0.0,0.0
10966,CCCCCc1ccc(Cl)cc1,0.0,0.0,0.0,0.0,0.0,0.0,0.0,0.0,0.0,0.0,0.0,0.0
10971,NC(=O)Nc1ccc(Cl)cc1,0.0,0.0,0.0,0.0,0.0,0.0,0.0,0.0,0.0,0.0,0.0,0.0
10973,Cc1nc2ccc(Cl)cc2[nH]1,0.0,0.0,0.0,0.0,0.0,1.0,0.0,0.0,0.0,0.0,0.0,0.0
10975,Clc1ccccc1,0.0,0.0,0.0,0.0,0.0,0.0,0.0,0.0,0.0,0.0,0.0,0.0
10977,Clc1ccccn1,0.0,0.0,0.0,0.0,0.0,0.0,0.0,0.0,0.0,0.0,0.0,0.0
10981,CN/C(=N\[N+](=O)[O-])NCc1cnc(Cl)s1,0.0,0.0,0.0,0.0,0.0,0.0,0.0,0.0,0.0,0.0,0.0,0.0
10982,Clc1sc(Cl)c(Cl)c1Cl,0.0,0.0,0.0,0.0,0.0,0.0,0.0,0.0,0.0,0.0,0.0,0.0
10984,Clc1cccc2ccccc12,0.0,0.0,0.0,0.0,0.0,0.0,0.0,1.0,0.0,0.0,0.0,0.0
10986,ClCC(Cl)(Cl)Cl,0.0,0.0,0.0,0.0,0.0,0.0,0.0,0.0,0.0,0.0,0.0,0.0
10987,ClCC(Cl)CCl,0.0,0.0,0.0,0.0,0.0,0.0,0.0,1.0,0.0,0.0,0.0,0.0
10989,OCC(Cl)CCl,0.0,0.0,0.0,0.0,0.0,0.0,0.0,0.0,0.0,0.0,0.0,0.0
10991,O=CCCl,0.0,0.0,0.0,0.0,0.0,0.0,0.0,0.0,0.0,0.0,0.0,0.0
10992,C=Cc1cccc(CCl)c1,0.0,0.0,1.0,0.0,0.0,0.0,0.0,0.0,0.0,0.0,0.0,0.0
10993,ClCc1ccccc1,0.0,0.0,0.0,0.0,0.0,0.0,0.0,0.0,0.0,0.0,0.0,0.0
10995,ClCCCCCCCl,0.0,0.0,0.0,0.0,0.0,0.0,0.0,0.0,0.0,0.0,0.0,0.0
10996,ClCCCCl,0.0,0.0,0.0,0.0,0.0,0.0,0.0,0.0,0.0,0.0,0.0,0.0
10997,ClCCl,0.0,0.0,0.0,0.0,0.0,0.0,0.0,0.0,0.0,0.0,0.0,0.0
10998,ClCCOCCCl,0.0,0.0,0.0,0.0,0.0,0.0,0.0,0.0,0.0,0.0,0.0,0.0
11001,ClCOCCl,0.0,0.0,0.0,0.0,0.0,0.0,0.0,1.0,0.0,0.0,0.0,0.0
11003,COP(=S)(Cl)OC,0.0,0.0,0.0,0.0,0.0,0.0,0.0,0.0,0.0,0.0,0.0,0.0
11004,O=P(Cl)(Cl)Cl,0.0,0.0,0.0,0.0,0.0,0.0,0.0,0.0,0.0,0.0,0.0,0.0
11005,ClP(Cl)c1ccccc1,0.0,0.0,0.0,0.0,0.0,0.0,0.0,0.0,0.0,0.0,0.0,0.0
11006,CN(C)N=Nc1ccccc1,0.0,0.0,0.0,0.0,0.0,0.0,0.0,0.0,0.0,0.0,0.0,0.0
11007,CN(C)C,0.0,0.0,0.0,0.0,0.0,0.0,0.0,0.0,0.0,0.0,0.0,0.0
11009,CN(C)C(C)(C)CO,0.0,0.0,0.0,0.0,0.0,0.0,0.0,1.0,0.0,0.0,0.0,0.0
11010,CN(C)C(=O)Cl,0.0,0.0,0.0,0.0,0.0,0.0,0.0,0.0,0.0,0.0,0.0,0.0
11013,CN(C)c1ccncc1,0.0,0.0,0.0,0.0,0.0,0.0,0.0,0.0,0.0,0.0,0.0,0.0
11015,CN(C)c1nc(=O)n(C2CCCCC2)c(=O)n1C,0.0,0.0,0.0,0.0,0.0,0.0,0.0,0.0,0.0,0.0,0.0,0.0
11018,CCCCCCCCCCCCN(C)C,0.0,0.0,0.0,0.0,0.0,0.0,0.0,0.0,0.0,0.0,0.0,0.0
11019,CCCCCCCCCCCCCCN(C)C,0.0,0.0,0.0,0.0,0.0,0.0,0.0,0.0,0.0,0.0,0.0,0.0
11020,CCCCCCCCCCCCCCCCN(C)C,0.0,0.0,0.0,0.0,0.0,0.0,0.0,0.0,0.0,0.0,0.0,0.0
11021,CN(C)CCCCCCN(C)C,0.0,0.0,0.0,0.0,0.0,0.0,0.0,0.0,0.0,0.0,0.0,0.0
11022,CC(O)CN(CCCN(C)C)CCCN(C)C,0.0,0.0,0.0,0.0,0.0,0.0,0.0,0.0,0.0,0.0,0.0,0.0
11023,CN(C)CCCNCCC#N,0.0,0.0,0.0,0.0,0.0,0.0,0.0,0.0,0.0,0.0,0.0,0.0
11024,CN(C)CCCNCCCN(C)C,0.0,0.0,0.0,0.0,0.0,0.0,0.0,0.0,0.0,0.0,0.0,0.0
11025,CN(C)CCN(C)CCO,0.0,0.0,0.0,0.0,0.0,0.0,0.0,0.0,0.0,0.0,0.0,0.0
11026,C=C(C)C(=O)OCCN(C)C,0.0,0.0,0.0,0.0,0.0,0.0,0.0,0.0,0.0,0.0,0.0,0.0
11028,CN(C)CCOCCN(C)CCO,0.0,0.0,0.0,0.0,0.0,0.0,0.0,0.0,0.0,0.0,0.0,0.0
11029,CN(C)CCOCCO,0.0,0.0,0.0,0.0,0.0,0.0,0.0,0.0,0.0,0.0,0.0,0.0
11030,CN(C)N,0.0,0.0,0.0,0.0,0.0,0.0,0.0,0.0,0.0,0.0,0.0,0.0
11031,CN(C1CCCCC1)C1CCCCC1,0.0,0.0,0.0,0.0,0.0,0.0,0.0,0.0,0.0,0.0,0.0,0.0
11032,CCCCCCCCN(C)CCCCCCCC,0.0,0.0,0.0,0.0,0.0,0.0,0.0,0.0,0.0,0.0,0.0,0.0
11033,CCOC(=O)N(C)N=O,0.0,0.0,0.0,0.0,0.0,0.0,0.0,0.0,0.0,0.0,0.0,0.0
11034,CN1C(=O)N(C)C(O)C1O,0.0,0.0,0.0,0.0,0.0,0.0,0.0,0.0,0.0,0.0,0.0,0.0
11036,CN1CCCC1,0.0,0.0,0.0,0.0,0.0,0.0,0.0,0.0,0.0,0.0,0.0,0.0
11039,CNC,0.0,0.0,0.0,0.0,0.0,0.0,0.0,0.0,0.0,0.0,0.0,0.0
11040,CNc1ccccc1,0.0,0.0,0.0,0.0,0.0,0.0,0.0,0.0,0.0,0.0,0.0,0.0
11041,CNCCO,0.0,0.0,0.0,0.0,0.0,0.0,0.0,0.0,0.0,0.0,0.0,0.0
11042,CO,0.0,0.0,0.0,0.0,0.0,0.0,0.0,0.0,0.0,0.0,0.0,0.0
11043,CO[Si](C)(OC)c1ccccc1,0.0,0.0,0.0,0.0,0.0,0.0,0.0,0.0,0.0,0.0,0.0,0.0
11044,CCC[Si](OC)(OC)OC,0.0,0.0,0.0,0.0,0.0,0.0,0.0,0.0,0.0,0.0,0.0,0.0
11045,CO[Si](CCCNCCC[Si](OC)(OC)OC)(OC)OC,0.0,0.0,0.0,0.0,0.0,0.0,0.0,0.0,0.0,0.0,0.0,0.0
11047,CO[Si](OC)(OC)c1ccccc1,0.0,0.0,0.0,0.0,0.0,0.0,0.0,0.0,0.0,0.0,0.0,0.0
11048,CO[Si](CCCn1c(=O)n(CCC[Si](OC)(OC)OC)c(=O)n(CCC[Si](OC)(OC)OC)c1=O)(OC)OC,0.0,0.0,0.0,0.0,0.0,0.0,0.0,0.0,0.0,0.0,0.0,0.0
11049,COC(=O)[C@H]1CC[C@H](C(=O)OC)CC1,0.0,0.0,0.0,0.0,0.0,0.0,0.0,0.0,0.0,0.0,0.0,0.0
11050,COC(=O)c1ccc(C(=O)OC)c(C(=O)OC)c1,0.0,0.0,0.0,0.0,0.0,0.0,0.0,0.0,0.0,0.0,0.0,0.0
11051,COC(=O)c1ccc(C(=O)O)cc1,0.0,0.0,0.0,0.0,0.0,0.0,0.0,0.0,0.0,0.0,0.0,0.0
11055,COC(=O)c1ccccc1C,0.0,0.0,0.0,0.0,0.0,0.0,0.0,0.0,0.0,0.0,0.0,0.0
11056,COC(=O)c1ccccc1C(=O)O,0.0,0.0,0.0,0.0,0.0,0.0,0.0,0.0,0.0,0.0,0.0,0.0
11060,COC(=O)CCSCCC(=O)OC,0.0,0.0,0.0,0.0,0.0,0.0,0.0,1.0,0.0,0.0,0.0,0.0
11061,COC(C(=O)O)c1ccccc1,0.0,0.0,0.0,0.0,0.0,0.0,0.0,0.0,0.0,0.0,0.0,0.0
11062,COC(CC(C)CCCC(C)(C)O)OC,0.0,0.0,0.0,0.0,0.0,0.0,0.0,0.0,0.0,0.0,0.0,0.0
11063,COC(OC)C(C)c1ccccc1,0.0,0.0,0.0,0.0,0.0,0.0,0.0,0.0,0.0,0.0,0.0,0.0
11064,COC(OC)OC,0.0,0.0,0.0,0.0,0.0,0.0,0.0,0.0,0.0,0.0,0.0,0.0
11066,COc1cccc(Br)c1,0.0,0.0,0.0,0.0,0.0,0.0,0.0,0.0,0.0,0.0,0.0,0.0
11067,COc1cc(C)ccc1C(C)C,0.0,0.0,0.0,0.0,0.0,0.0,0.0,0.0,0.0,0.0,0.0,0.0
11068,COc1cccc(C=O)c1,0.0,0.0,0.0,0.0,0.0,0.0,0.0,0.0,0.0,0.0,0.0,0.0
11069,COc1cc(-c2ccc(N=C=O)c(OC)c2)ccc1N=C=O,0.0,0.0,0.0,0.0,0.0,1.0,0.0,0.0,0.0,0.0,0.0,0.0
11071,CCCOC(=O)Cc1ccc(OCC(=O)N(CC)CC)c(OC)c1,0.0,0.0,0.0,0.0,0.0,0.0,0.0,0.0,0.0,0.0,0.0,0.0
11072,COc1cc(Cl)ccc1Cl,0.0,0.0,0.0,0.0,0.0,0.0,0.0,0.0,0.0,0.0,0.0,0.0
11074,COc1ccc(C)cc1[N+](=O)[O-],0.0,0.0,0.0,0.0,0.0,0.0,0.0,0.0,0.0,0.0,0.0,0.0
11076,COc1ccc(OC)c(Cl)c1,0.0,0.0,0.0,0.0,0.0,0.0,0.0,0.0,0.0,0.0,0.0,0.0
11077,COc1ccc(CCC(=O)c2c(O)cc(O[C@@H]3O[C@H](CO)[C@@H](O)[C@H](O)[C@H]3O[C@@H]3O[C@@H](C)[C@H](O)[C@@H](O)[C@H]3O)cc2O)cc1O,0.0,0.0,0.0,0.0,0.0,0.0,0.0,0.0,0.0,0.0,0.0,0.0
11078,COc1ccc([C@@H]2CC(=O)c3c(O)cc(O[C@@H]4O[C@H](CO[C@@H]5O[C@@H](C)[C@H](O)[C@@H](O)[C@H]5O)[C@@H](O)[C@H](O)[C@H]4O)cc3O2)cc1OC,0.0,0.0,0.0,0.0,0.0,0.0,0.0,0.0,0.0,0.0,0.0,0.0
11081,CCC(=O)OCc1ccc(OC)cc1,0.0,0.0,0.0,0.0,0.0,0.0,0.0,0.0,0.0,0.0,0.0,0.0
11083,COc1ccc(NC(C)=O)cc1,0.0,0.0,0.0,0.0,0.0,0.0,0.0,1.0,0.0,0.0,0.0,0.0
11085,COc1ccc2c3c1O[C@H]1[C@H](O)CC[C@H]4[C@@H](C2)N(C)CC[C@@]341,0.0,0.0,0.0,0.0,0.0,0.0,0.0,0.0,0.0,0.0,0.0,0.0
11086,COc1cccc(OC)c1,0.0,0.0,0.0,0.0,0.0,0.0,0.0,0.0,0.0,0.0,0.0,0.0
11087,COc1ccccc1[N+](=O)[O-],0.0,0.0,0.0,0.0,0.0,0.0,0.0,0.0,0.0,0.0,0.0,0.0
11090,COc1ccccc1OC,0.0,0.0,0.0,0.0,0.0,0.0,0.0,0.0,0.0,0.0,0.0,0.0
11091,COc1nc(N)nc2nc[nH]c12,0.0,0.0,0.0,0.0,0.0,1.0,0.0,0.0,0.0,0.0,0.0,0.0
11092,CCC(C)c1nccnc1OC,0.0,0.0,0.0,0.0,0.0,0.0,0.0,0.0,0.0,0.0,0.0,0.0
11094,COCc1ccc(COC)cc1,0.0,0.0,0.0,0.0,0.0,0.0,0.0,0.0,0.0,0.0,0.0,0.0
11098,COCCOC,0.0,0.0,0.0,0.0,0.0,0.0,0.0,0.0,0.0,0.0,0.0,0.0
11100,COCCOCCOCCOCCOCCO,0.0,0.0,0.0,0.0,0.0,0.0,0.0,0.0,0.0,0.0,0.0,0.0
11101,COCN(COC)c1nc(N(COC)COC)nc(N(COC)COC)n1,0.0,0.0,0.0,0.0,0.0,0.0,0.0,0.0,0.0,0.0,0.0,0.0
11103,CNC(=O)CSP(=O)(OC)OC,0.0,0.0,0.0,0.0,0.0,0.0,0.0,0.0,0.0,0.0,0.0,0.0
11105,CC(C)OP(C)(=O)OC(C)C,0.0,0.0,0.0,0.0,0.0,0.0,0.0,0.0,0.0,0.0,0.0,0.0
11107,COS(C)(=O)=O,0.0,0.0,0.0,0.0,0.0,0.0,0.0,0.0,0.0,0.0,0.0,0.0
11109,CCOS(C)(=O)=O,0.0,0.0,0.0,0.0,0.0,0.0,0.0,0.0,0.0,0.0,0.0,0.0
11110,CS(=O)(=O)Cl,0.0,0.0,0.0,0.0,0.0,0.0,0.0,0.0,0.0,0.0,0.0,0.0
11111,CSc1ccc(C=O)cc1,0.0,0.0,0.0,0.0,0.0,0.0,0.0,0.0,0.0,0.0,0.0,0.0
11113,CSc1cnccn1,0.0,0.0,0.0,0.0,0.0,0.0,0.0,0.0,0.0,0.0,0.0,0.0
11114,CCCCCCCCCCCCSC,0.0,0.0,0.0,0.0,0.0,0.0,0.0,0.0,0.0,0.0,0.0,0.0
11115,CCCC[N+]1(C)CCCCC1.F[B-](F)(F)F,0.0,0.0,0.0,0.0,0.0,0.0,0.0,0.0,0.0,0.0,0.0,0.0
11116,CCCC[n+]1ccccc1.F[B-](F)(F)F,0.0,0.0,0.0,0.0,0.0,0.0,0.0,1.0,0.0,0.0,0.0,0.0
11117,CCCCCC[n+]1ccccc1.F[B-](F)(F)F,0.0,0.0,0.0,0.0,0.0,0.0,0.0,0.0,0.0,0.0,0.0,0.0
11118,CCCC[N+]1(C)CCCCC1.F[P-](F)(F)(F)(F)F,0.0,0.0,0.0,0.0,0.0,0.0,0.0,0.0,0.0,0.0,0.0,0.0
11119,CCn1cc[n+](C)c1.F[P-](F)(F)(F)(F)F,0.0,0.0,0.0,0.0,0.0,0.0,0.0,0.0,0.0,0.0,0.0,0.0
11120,CCCCCCCCCCCCCCCCn1cc[n+](C)c1.F[P-](F)(F)(F)(F)F,0.0,0.0,0.0,0.0,0.0,0.0,0.0,0.0,0.0,0.0,0.0,0.0
11121,CCCC[n+]1ccccc1.F[P-](F)(F)(F)(F)F,0.0,0.0,0.0,0.0,0.0,0.0,0.0,0.0,0.0,0.0,0.0,0.0
11122,FC(F)(F)C(F)(F)C(F)(F)C(F)(F)C(F)(F)C(F)(F)CCI,0.0,0.0,0.0,0.0,0.0,0.0,0.0,0.0,0.0,0.0,0.0,0.0
11123,FC(F)(F)C(F)(F)C(F)(F)C(F)(F)CCI,0.0,0.0,0.0,0.0,0.0,0.0,0.0,1.0,0.0,0.0,0.0,0.0
11124,OCCC(F)(F)C(F)(F)C(F)(F)C(F)(F)C(F)(F)C(F)(F)F,0.0,0.0,0.0,0.0,0.0,0.0,0.0,0.0,0.0,0.0,0.0,0.0
11125,CCOC(=O)C(F)(F)F,0.0,0.0,0.0,0.0,0.0,0.0,0.0,0.0,0.0,0.0,0.0,0.0
11126,FC(F)(F)c1cccc(Cl)c1,0.0,0.0,0.0,0.0,0.0,0.0,0.0,0.0,0.0,0.0,0.0,0.0
11127,CCCCCC1Nc2cc(C(F)(F)F)c(S(N)(=O)=O)cc2S(=O)(=O)N1,0.0,0.0,0.0,0.0,0.0,0.0,0.0,0.0,0.0,0.0,0.0,0.0
11129,COc1cnc(OC)n2nc(NS(=O)(=O)c3c(OCC(F)F)cccc3C(F)(F)F)nc12,0.0,0.0,0.0,0.0,0.0,0.0,0.0,0.0,0.0,0.0,0.0,0.0
11130,FC(F)(F)c1ccccc1,0.0,0.0,0.0,0.0,0.0,0.0,0.0,0.0,0.0,0.0,0.0,0.0
11131,FC(F)(F)c1ccccc1Cl,0.0,0.0,0.0,0.0,0.0,0.0,0.0,0.0,0.0,0.0,0.0,0.0
11132,CCCC[n+]1ccccc1.O=S(=O)([O-])C(F)(F)F,0.0,0.0,0.0,0.0,0.0,0.0,0.0,0.0,0.0,0.0,0.0,0.0
11134,CC1CN(c2cc3c(cc2F)c(=O)c(C(=O)O)cn3-c2ccc(F)cc2F)CCN1,0.0,0.0,0.0,0.0,0.0,0.0,0.0,0.0,0.0,0.0,0.0,0.0
11135,O=Cc1ccc(F)c(Br)c1,0.0,0.0,0.0,0.0,0.0,0.0,0.0,0.0,0.0,0.0,0.0,0.0
11136,CC(=O)c1ccc2c(c1)[C@H](NC(=O)c1ccc(F)cc1)[C@@H](O)C(C)(C)O2,0.0,0.0,0.0,0.0,0.0,0.0,0.0,0.0,0.0,0.0,0.0,0.0
11137,O=[N+]([O-])c1ccc(F)c(Cl)c1,0.0,0.0,0.0,0.0,0.0,0.0,0.0,0.0,0.0,0.0,0.0,0.0
11138,Oc1ccccc1F,0.0,0.0,0.0,0.0,0.0,0.0,0.0,0.0,0.0,0.0,0.0,0.0
11139,Fc1ccccc1-c1ccccc1,0.0,0.0,0.0,0.0,0.0,0.0,0.0,0.0,0.0,0.0,0.0,0.0
11140,COc1ncc(F)c2nc(S(=O)(=O)Nc3c(F)cccc3F)nn12,0.0,0.0,0.0,0.0,0.0,0.0,0.0,0.0,0.0,0.0,0.0,0.0
11141,O=S(=O)(O)F,0.0,0.0,0.0,0.0,0.0,0.0,0.0,0.0,0.0,0.0,0.0,0.0
11142,I.I.NCCN,0.0,0.0,0.0,0.0,0.0,0.0,0.0,0.0,0.0,0.0,0.0,0.0
11143,O=[N+]([O-])c1cccc(I)c1,0.0,0.0,0.0,0.0,0.0,0.0,0.0,0.0,0.0,0.0,0.0,0.0
11144,CCn1cc[n+](C)c1.N#C[S-],0.0,0.0,0.0,0.0,0.0,0.0,0.0,0.0,0.0,0.0,0.0,0.0
11145,C=C(C#N)CCC#N,0.0,0.0,1.0,0.0,0.0,0.0,0.0,0.0,0.0,0.0,0.0,0.0
11147,N#CC1(O)CCCCC1,0.0,0.0,0.0,0.0,0.0,0.0,0.0,0.0,0.0,0.0,0.0,0.0
11148,N#Cc1c(Cl)cccc1Cl,0.0,0.0,0.0,0.0,0.0,0.0,0.0,0.0,0.0,0.0,0.0,0.0
11149,N#Cc1c(F)cccc1F,0.0,0.0,0.0,0.0,0.0,0.0,0.0,0.0,0.0,0.0,0.0,0.0
11150,CCCCCCc1ccc(-c2ccc(C#N)cc2)cc1,0.0,0.0,0.0,0.0,0.0,0.0,1.0,0.0,0.0,0.0,0.0,0.0
11151,N#Cc1ccc(Cl)cc1,0.0,0.0,0.0,0.0,0.0,0.0,0.0,0.0,0.0,0.0,0.0,0.0
11152,N#Cc1cccc(C#N)c1,0.0,0.0,0.0,0.0,0.0,0.0,0.0,0.0,0.0,0.0,0.0,0.0
11156,N#Cc1ccncc1,0.0,0.0,0.0,0.0,0.0,0.0,0.0,0.0,0.0,0.0,0.0,0.0
11157,N#CC1(N=NC2(C#N)CCCCC2)CCCCC1,0.0,0.0,0.0,0.0,0.0,0.0,0.0,0.0,0.0,0.0,0.0,0.0
11159,COC(=O)CC#N,0.0,0.0,0.0,0.0,0.0,0.0,0.0,0.0,0.0,0.0,0.0,0.0
11160,CCOC(=O)CC#N,0.0,0.0,0.0,0.0,0.0,0.0,0.0,0.0,0.0,0.0,0.0,0.0
11161,N#CCCC#N,0.0,0.0,0.0,0.0,0.0,0.0,0.0,0.0,0.0,0.0,0.0,0.0
11162,N#CCCCCC#N,0.0,0.0,0.0,0.0,0.0,0.0,0.0,0.0,0.0,0.0,0.0,0.0
11164,N#CCCNCCC#N,0.0,0.0,0.0,0.0,0.0,0.0,0.0,0.0,0.0,0.0,0.0,0.0
11165,COCCC#N,0.0,0.0,0.0,0.0,0.0,0.0,0.0,0.0,0.0,0.0,0.0,0.0
11167,CC[C@H](N)c1ccccc1,0.0,0.0,0.0,0.0,0.0,0.0,0.0,0.0,0.0,0.0,0.0,0.0
11168,N=C(N)N[N+](=O)[O-],0.0,0.0,0.0,0.0,0.0,0.0,0.0,0.0,0.0,0.0,0.0,0.0
11170,N=C(N)S(=O)O,0.0,0.0,0.0,0.0,0.0,0.0,0.0,0.0,0.0,0.0,0.0,0.0
11171,c1cncc([C@@H]2CCCCN2)c1,0.0,0.0,0.0,0.0,0.0,0.0,0.0,0.0,0.0,0.0,0.0,0.0
11172,NC(=O)c1ccccc1,0.0,0.0,0.0,0.0,0.0,0.0,0.0,0.0,0.0,0.0,0.0,0.0
11173,NC(=O)c1ccncc1,0.0,0.0,0.0,0.0,0.0,0.0,0.0,0.0,0.0,0.0,0.0,0.0
11177,NC(=O)NC(N)=O,0.0,0.0,0.0,0.0,0.0,0.0,0.0,0.0,0.0,0.0,0.0,0.0
11180,COC(N)=O,0.0,0.0,0.0,0.0,0.0,0.0,0.0,0.0,0.0,0.0,0.0,0.0
11184,NC(=S)NNC(N)=S,0.0,0.0,0.0,0.0,0.0,0.0,0.0,0.0,0.0,0.0,0.0,0.0
11187,NC=O,0.0,0.0,0.0,0.0,0.0,0.0,0.0,0.0,0.0,0.0,0.0,0.0
11190,COc1ccc(C)cc1N,0.0,0.0,0.0,0.0,0.0,1.0,0.0,0.0,0.0,0.0,0.0,0.0
11192,Nc1cc(N)cc(C(=O)O)c1,0.0,0.0,0.0,0.0,0.0,0.0,0.0,0.0,0.0,0.0,0.0,0.0
11193,Nc1cc(S(=O)(=O)O)ccc1S(=O)(=O)O,0.0,0.0,0.0,0.0,0.0,0.0,0.0,0.0,0.0,0.0,0.0,0.0
11199,CC1(C)Cc2cccc(N)c2O1,0.0,0.0,0.0,0.0,0.0,0.0,0.0,0.0,0.0,0.0,0.0,0.0
11200,Nc1ccccc1,0.0,0.0,0.0,0.0,0.0,0.0,0.0,0.0,0.0,0.0,0.0,0.0
11203,C=CC(C)(CCC=C(C)C)OC(=O)c1ccccc1N,0.0,0.0,0.0,0.0,0.0,0.0,0.0,0.0,0.0,0.0,0.0,0.0
11206,COc1ccccc1N,0.0,0.0,0.0,0.0,0.0,1.0,0.0,0.0,0.0,0.0,0.0,0.0
11210,Nc1nc(N)nc(Cl)n1,0.0,0.0,0.0,0.0,0.0,0.0,0.0,0.0,0.0,0.0,0.0,0.0
11212,Cn1cnc2ncnc(N)c21,0.0,0.0,0.0,0.0,0.0,0.0,0.0,0.0,0.0,0.0,0.0,0.0
11213,CO/N=C(/C(=O)N[C@@H]1C(=O)N2C(C(=O)O)=C(Cn3nnc(C)n3)CS[C@H]12)c1csc(N)n1,0.0,0.0,0.0,0.0,0.0,0.0,0.0,0.0,0.0,0.0,0.0,0.0
11215,NCC1CCCC(CN)C1,0.0,0.0,0.0,0.0,0.0,0.0,0.0,0.0,0.0,0.0,0.0,0.0
11217,NCc1ccccc1,0.0,0.0,0.0,0.0,0.0,0.0,0.0,0.0,0.0,0.0,0.0,0.0
11220,NCCCCCCNCCCCCCN,0.0,0.0,0.0,0.0,0.0,0.0,0.0,0.0,0.0,0.0,0.0,0.0
11221,NCCCN1CCOCC1,0.0,0.0,0.0,0.0,0.0,0.0,0.0,0.0,0.0,0.0,0.0,0.0
11223,NCCN1CCOCC1,0.0,0.0,0.0,0.0,0.0,0.0,0.0,0.0,0.0,0.0,0.0,0.0
11224,NCCNCCO,0.0,0.0,0.0,0.0,0.0,0.0,0.0,0.0,0.0,0.0,0.0,0.0
11225,NCCOCCO,0.0,0.0,0.0,0.0,0.0,0.0,0.0,0.0,0.0,0.0,0.0,0.0
11227,NN.O=S(=O)(O)O,0.0,0.0,0.0,0.0,0.0,1.0,0.0,0.0,0.0,0.0,0.0,0.0
11228,Nn1cnnc1,0.0,0.0,0.0,0.0,0.0,0.0,0.0,0.0,0.0,0.0,0.0,0.0
11230,COP(N)(=O)SC,0.0,0.0,0.0,0.0,0.0,0.0,0.0,0.0,0.0,0.0,0.0,0.0
11237,NS(=O)(=O)O,0.0,0.0,0.0,0.0,0.0,0.0,0.0,0.0,0.0,0.0,0.0,0.0
11239,C1CN(CCOCCN2CCOCC2)CCO1,0.0,0.0,0.0,0.0,0.0,0.0,0.0,0.0,0.0,0.0,0.0,0.0
11241,O.O.O.O.O.O.O=[N+]([O-])[O-].O=[N+]([O-])[O-].[Mg+2],0.0,0.0,0.0,0.0,0.0,0.0,0.0,0.0,0.0,0.0,0.0,0.0
11242,CC(=O)[O-].CC(=O)[O-].O.O.[Zn+2],0.0,0.0,0.0,0.0,0.0,0.0,0.0,0.0,0.0,0.0,0.0,0.0
11243,C[N+](C)(C)CC(=O)[O-].O,0.0,0.0,0.0,0.0,0.0,0.0,0.0,0.0,0.0,0.0,0.0,0.0
11244,CC(O)(P(=O)(O)O)P(=O)(O)O.O,0.0,0.0,0.0,0.0,0.0,0.0,0.0,0.0,0.0,0.0,0.0,0.0
11245,CN1[C@@H]2CC[C@H]1C[C@@H](OC(=O)C(CO)c1ccccc1)C2.CN1[C@@H]2CC[C@H]1C[C@@H](OC(=O)C(CO)c1ccccc1)C2.O.O=S(=O)(O)O,0.0,0.0,0.0,0.0,0.0,0.0,0.0,0.0,0.0,0.0,0.0,0.0
11246,FB(F)F.O.O,0.0,0.0,0.0,0.0,0.0,0.0,0.0,0.0,0.0,0.0,0.0,0.0
11247,O.O.O.O.O=C1NC(=O)C(=O)C(=O)N1,0.0,0.0,0.0,0.0,0.0,0.0,0.0,0.0,0.0,0.0,0.0,0.0
11248,O.O.O.O.O=C1O[Mg]2(OC(=O)c3ccccc3O2)Oc2ccccc21,0.0,0.0,0.0,0.0,0.0,0.0,0.0,0.0,0.0,0.0,0.0,0.0
11249,CC1(C)S[C@@H]2[C@H](NC(=O)[C@H](N)c3ccccc3)C(=O)N2[C@H]1C(=O)O.O.O.O,0.0,0.0,0.0,0.0,0.0,0.0,0.0,0.0,0.0,0.0,0.0,0.0
11250,O.O.OC[C@H]1O[C@H](O[C@H]2O[C@H](CO)[C@@H](O)[C@H](O)[C@H]2O)[C@H](O)[C@@H](O)[C@@H]1O,0.0,0.0,0.0,0.0,0.0,0.0,0.0,0.0,0.0,0.0,0.0,0.0
11251,O.O=S(=O)(O)c1ccc(O)c2ncccc12,0.0,0.0,1.0,0.0,0.0,0.0,0.0,0.0,0.0,0.0,0.0,0.0
11252,NC(CCC(=O)O)C(=O)O.O,0.0,0.0,0.0,0.0,0.0,0.0,0.0,0.0,0.0,0.0,0.0,0.0
11253,O.OC[C@@H](O)[C@@H](O[C@@H]1O[C@H](CO)[C@H](O)[C@H](O)[C@H]1O)[C@H](O)[C@@H](O)CO,0.0,0.0,0.0,0.0,0.0,0.0,0.0,0.0,0.0,0.0,0.0,0.0
11254,CCCCCCCCCCCCCC/C(O)=N\C(CO)CCCCCCCCCCCCCC,0.0,0.0,0.0,0.0,0.0,0.0,0.0,0.0,0.0,0.0,0.0,0.0
11256,CC(=O)O[Al](O)O,0.0,0.0,0.0,0.0,0.0,0.0,0.0,0.0,0.0,0.0,0.0,0.0
11258,CCCCOC(=O)[C@H](C)O,0.0,0.0,0.0,0.0,0.0,0.0,0.0,0.0,0.0,0.0,0.0,0.0
11259,CC(C)(C)NC[C@H](O)c1ccc(O)cc1Cl,0.0,0.0,0.0,0.0,0.0,0.0,0.0,0.0,0.0,0.0,0.0,0.0
11260,CO[C@H]1O[C@H](CO)[C@@H](O)[C@H](O)[C@H]1O,0.0,0.0,0.0,0.0,0.0,0.0,0.0,0.0,0.0,0.0,0.0,0.0
11262,OC[C@H]1O[C@@H]2O[C@H]3[C@H](O)[C@@H](O)[C@@H](O[C@H]4[C@H](O)[C@@H](O)[C@@H](O[C@H]5[C@H](O)[C@@H](O)[C@@H](O[C@H]6[C@H](O)[C@@H](O)[C@@H](O[C@H]7[C@H](O)[C@@H](O)[C@@H](O[C@H]8[C@H](O)[C@@H](O)[C@@H](O[C@H]9[C@H](O)[C@@H](O)[C@@H](O[C@H]1[C@H](O)[C@H]2O)O[C@@H]9CO)O[C@@H]8CO)O[C@@H]7CO)O[C@@H]6CO)O[C@@H]5CO)O[C@@H]4CO)O[C@@H]3CO,0.0,0.0,0.0,0.0,0.0,0.0,0.0,0.0,0.0,0.0,0.0,0.0
11263,O=C(C=Cc1ccc(O)c(O)c1)O[C@@H]1C[C@](O)(C(=O)O)C[C@@H](O)[C@H]1O,0.0,0.0,0.0,0.0,0.0,0.0,0.0,0.0,0.0,0.0,0.0,0.0
11264,C=C1C[C@]23CC[C@H]4[C@](C)(CCC[C@@]4(C)C(=O)O[C@@H]4O[C@H](CO)[C@@H](O)[C@H](O)[C@H]4O)[C@@H]2C[C@@H](O[C@@H]2O[C@H](CO)[C@@H](O)[C@H](O[C@@H]4O[C@H](CO)[C@@H](O)[C@H](O)[C@H]4O)[C@H]2OC2O[C@H](CO)[C@@H](O)[C@H](O)[C@H]2O)[C@@H]1C3,0.0,0.0,0.0,0.0,0.0,0.0,0.0,0.0,0.0,0.0,0.0,0.0
11265,O=C(O)[C@H](O)[C@@H](O)[C@H](O)[C@H](O)CO,0.0,0.0,0.0,0.0,0.0,0.0,0.0,0.0,0.0,0.0,0.0,0.0
11266,O[C@@H]([C@H](O)[C@H](O)CBr)[C@H](O)CBr,0.0,0.0,0.0,0.0,0.0,0.0,0.0,0.0,0.0,0.0,0.0,0.0
11269,O=C[C@@H](O)[C@H](O)[C@H](O)CO,0.0,0.0,0.0,0.0,0.0,0.0,0.0,0.0,0.0,0.0,0.0,0.0
11272,OC[C@H]1OC(O)[C@H](O)[C@@H](O)[C@@H]1O,0.0,0.0,0.0,0.0,0.0,0.0,0.0,0.0,0.0,0.0,0.0,0.0
11276,CCn1cc[n+](C)c1.O=[N+]([O-])[O-],0.0,0.0,0.0,0.0,0.0,0.0,0.0,0.0,0.0,0.0,0.0,0.0
11278,CCC(CO)(CO)[N+](=O)[O-],0.0,0.0,0.0,0.0,0.0,0.0,0.0,0.0,0.0,0.0,0.0,0.0
11280,Cc1cccc(C(=O)O)c1[N+](=O)[O-],0.0,0.0,0.0,0.0,0.0,0.0,0.0,0.0,0.0,0.0,0.0,0.0
11281,O=Cc1cccc([N+](=O)[O-])c1,0.0,0.0,0.0,0.0,0.0,0.0,0.0,0.0,0.0,0.0,0.0,0.0
11284,O=[N+]([O-])c1cccc(C(F)(F)F)c1,0.0,0.0,0.0,0.0,0.0,0.0,0.0,0.0,0.0,0.0,0.0,0.0
11287,O=[N+]([O-])c1cccc(CCl)c1,0.0,0.0,1.0,0.0,0.0,0.0,0.0,0.0,0.0,0.0,0.0,0.0
11288,O=C(O)c1cc(Cl)cc([N+](=O)[O-])c1Cl,0.0,0.0,1.0,0.0,0.0,0.0,0.0,0.0,0.0,0.0,0.0,0.0
11292,NC(=O)c1ccc([N+](=O)[O-])cc1,0.0,0.0,0.0,0.0,0.0,0.0,0.0,0.0,0.0,0.0,0.0,0.0
11293,O=[N+]([O-])c1ccc(Cl)cc1,0.0,0.0,0.0,0.0,0.0,0.0,0.0,0.0,0.0,0.0,0.0,0.0
11295,Nc1cccc([N+](=O)[O-])c1,0.0,0.0,0.0,0.0,0.0,0.0,0.0,0.0,0.0,0.0,0.0,0.0
11297,N#CCc1ccccc1[N+](=O)[O-],0.0,0.0,0.0,0.0,0.0,1.0,0.0,0.0,0.0,0.0,0.0,0.0
11299,O=[N+]([O-])OCCN(CCO[N+](=O)[O-])CCO[N+](=O)[O-],0.0,0.0,0.0,0.0,0.0,0.0,0.0,0.0,0.0,0.0,0.0,0.0
11300,O=[Si]=O,0.0,0.0,0.0,0.0,0.0,0.0,0.0,0.0,0.0,0.0,0.0,0.0
11302,CCCCCC/C=C/C(=O)OC,0.0,0.0,0.0,0.0,0.0,0.0,0.0,0.0,0.0,0.0,0.0,0.0
11303,CCCCCC#CC(=O)OC,0.0,0.0,0.0,0.0,0.0,0.0,0.0,0.0,0.0,0.0,0.0,0.0
11304,CCOC(=O)C(C)C(C)=O,0.0,0.0,0.0,0.0,0.0,0.0,0.0,0.0,0.0,0.0,0.0,0.0
11305,CCOC(=O)CC(C(C)=O)C(C)=O,0.0,0.0,0.0,0.0,0.0,0.0,0.0,0.0,0.0,0.0,0.0,0.0
11306,CC(=O)C=Cc1ccco1,0.0,0.0,0.0,0.0,0.0,0.0,0.0,0.0,0.0,0.0,0.0,0.0
11307,CC(=O)C1C(=O)C=C(C)OC1=O,0.0,0.0,0.0,0.0,0.0,0.0,0.0,0.0,0.0,0.0,0.0,0.0
11308,CC(=O)c1sc(C)nc1C,0.0,0.0,0.0,0.0,0.0,0.0,0.0,0.0,0.0,0.0,0.0,0.0
11309,CC(=O)Nc1c(I)c(NC(C)=O)c(I)c(C(=O)O)c1I,0.0,0.0,0.0,0.0,0.0,0.0,0.0,0.0,0.0,0.0,0.0,0.0
11310,CC(=O)Nc1cccc(C)c1,0.0,0.0,0.0,0.0,0.0,0.0,0.0,0.0,0.0,0.0,0.0,0.0
11311,CC(=O)Nc1ccc(C)cc1C,0.0,0.0,0.0,0.0,0.0,0.0,0.0,0.0,0.0,0.0,0.0,0.0
11313,COP(=O)(NC(C)=O)SC,0.0,0.0,0.0,0.0,0.0,0.0,0.0,0.0,0.0,0.0,0.0,0.0
11317,CCC(C)(CCCC(C)C)OC(C)=O,0.0,0.0,0.0,0.0,0.0,0.0,0.0,0.0,0.0,0.0,0.0,0.0
11318,CCC(OCCCOC)OC(C)=O,0.0,0.0,0.0,0.0,0.0,0.0,0.0,0.0,0.0,0.0,0.0,0.0
11322,CC(=O)CCc1ccc(OC(C)=O)cc1,0.0,0.0,0.0,0.0,0.0,0.0,0.0,0.0,0.0,0.0,0.0,0.0
11324,CC(=O)OC1CCCCC1C(C)(C)C,0.0,0.0,0.0,0.0,0.0,0.0,0.0,0.0,0.0,0.0,0.0,0.0
11325,CC/C=C\CCOC(C)=O,0.0,0.0,0.0,0.0,0.0,0.0,0.0,0.0,0.0,0.0,0.0,0.0
11326,CCCCCCC(O)CCOC(C)=O,0.0,0.0,0.0,0.0,0.0,0.0,0.0,0.0,0.0,0.0,0.0,0.0
11329,CC(=O)SCc1ccco1,0.0,0.0,1.0,0.0,0.0,0.0,0.0,0.0,0.0,0.0,0.0,0.0
11331,C=CC(=O)OCCCCCC,0.0,0.0,0.0,0.0,0.0,0.0,0.0,0.0,0.0,0.0,0.0,0.0
11332,CCOC(=O)C=Cc1ccccc1,0.0,0.0,0.0,0.0,0.0,0.0,0.0,0.0,0.0,0.0,0.0,0.0
11333,O=C(c1ccc(Cl)cc1)c1ccc(Cl)cc1,0.0,0.0,0.0,0.0,0.0,0.0,0.0,0.0,0.0,0.0,0.0,0.0
11334,O=C(c1ccccc1)C1CCC1,1.0,0.0,0.0,0.0,0.0,0.0,0.0,0.0,0.0,0.0,0.0,0.0
11335,CCCCC(CC)COC(=O)CC#N,0.0,0.0,0.0,0.0,0.0,0.0,0.0,0.0,0.0,0.0,0.0,0.0
11336,C=C(C)C(=O)OCCOC(=O)CC(C)=O,0.0,0.0,0.0,0.0,0.0,0.0,0.0,0.0,0.0,0.0,0.0,0.0
11337,CCC(=O)c1ccc(Cl)cc1,0.0,0.0,0.0,0.0,0.0,0.0,0.0,0.0,0.0,0.0,0.0,0.0
11338,CCC(=O)c1ccccc1,0.0,0.0,0.0,0.0,0.0,0.0,0.0,0.0,0.0,0.0,0.0,0.0
11339,C=CC(C)(CCC=C(C)C)OC(=O)CC,0.0,0.0,0.0,0.0,0.0,0.0,0.0,0.0,0.0,0.0,0.0,0.0
11340,CC/C=C\CCOC(=O)CC,0.0,0.0,0.0,0.0,0.0,0.0,0.0,0.0,0.0,0.0,0.0,0.0
11341,CCCCCCOC(=O)CC,0.0,0.0,0.0,0.0,0.0,0.0,0.0,0.0,0.0,0.0,0.0,0.0
11342,CN(C)C(=O)CNC(=O)Cc1ccccc1,0.0,0.0,0.0,0.0,0.0,0.0,0.0,0.0,0.0,0.0,0.0,0.0
11343,CCCCOC(=O)CCC(=O)OCCCC,0.0,0.0,0.0,0.0,0.0,0.0,0.0,1.0,0.0,0.0,0.0,0.0
11344,CCCCOC(=O)CCC(C)=O,0.0,0.0,0.0,0.0,0.0,0.0,0.0,0.0,0.0,0.0,0.0,0.0
11345,CCOC(=O)CCc1ccccc1,0.0,0.0,0.0,0.0,0.0,0.0,0.0,0.0,0.0,0.0,0.0,0.0
11346,COC(=O)CCCC(=O)OC,0.0,0.0,0.0,0.0,0.0,0.0,0.0,0.0,0.0,0.0,0.0,0.0
11349,CCCOC(=O)CCCCC(=O)OCCC,0.0,0.0,0.0,0.0,0.0,0.0,0.0,0.0,0.0,0.0,0.0,0.0
11350,CCCCOC(=O)CCCCC(=O)OCCCC,0.0,0.0,0.0,0.0,0.0,0.0,0.0,0.0,0.0,0.0,0.0,0.0
11351,CCCCCC(=O)OCC,0.0,0.0,0.0,0.0,0.0,0.0,0.0,0.0,0.0,0.0,0.0,0.0
11352,CC/C=C\CCOC(=O)CCCCC,0.0,0.0,0.0,0.0,0.0,0.0,0.0,0.0,0.0,0.0,0.0,0.0
11353,CCCCCCOC(=O)CCCCC,0.0,0.0,0.0,0.0,0.0,0.0,0.0,0.0,0.0,0.0,0.0,0.0
11354,CCCCCCCC(=O)OC,0.0,0.0,0.0,0.0,0.0,0.0,0.0,0.0,0.0,0.0,0.0,0.0
11356,CCCCCCCC/C=C\CCCCCCCC(=O)OCC,0.0,0.0,0.0,0.0,0.0,0.0,0.0,0.0,0.0,0.0,0.0,0.0
11357,CCCCOC(=O)CCCCCCCC(=O)OCCCC,0.0,0.0,0.0,0.0,0.0,0.0,0.0,0.0,0.0,0.0,0.0,0.0
11358,CCCCCCCCC(=O)OCC,0.0,0.0,0.0,0.0,0.0,0.0,0.0,0.0,0.0,0.0,0.0,0.0
11359,C=CCOC(=O)CCCCCCCC,0.0,0.0,0.0,0.0,0.0,0.0,0.0,0.0,0.0,0.0,0.0,0.0
11362,C=CCCCCCCCCC(=O)OCC,0.0,0.0,0.0,0.0,0.0,0.0,0.0,0.0,0.0,0.0,0.0,0.0
11363,C=CCCCCCCCCC(=O)OCCCC,0.0,0.0,0.0,0.0,0.0,0.0,0.0,0.0,0.0,0.0,0.0,0.0
11364,CCCCCCCCCCCC(=O)OC,0.0,0.0,0.0,0.0,0.0,0.0,0.0,0.0,0.0,0.0,0.0,0.0
11366,CCCCCCCCCCCC(=O)OCC,0.0,0.0,0.0,0.0,0.0,0.0,0.0,0.0,0.0,0.0,0.0,0.0
11367,CCCCCCCCCCCCCC(=O)OC,0.0,0.0,0.0,0.0,0.0,0.0,0.0,0.0,0.0,0.0,0.0,0.0
11368,CCCCCCCCCCCCCC(=O)OCC,0.0,0.0,0.0,0.0,0.0,0.0,0.0,0.0,0.0,0.0,0.0,0.0
11369,CCCCCCCCCCCCCCCC(=O)OC,0.0,0.0,0.0,0.0,0.0,0.0,0.0,0.0,0.0,0.0,0.0,0.0
11370,CCCCCCCCCCCCCCCC(=O)OCC,0.0,0.0,0.0,0.0,0.0,0.0,0.0,0.0,0.0,0.0,0.0,0.0
11371,CCCCCCCCCCCCCCCCCC(=O)OCC(CC)CCCC,0.0,0.0,0.0,0.0,0.0,0.0,0.0,0.0,0.0,0.0,0.0,0.0
11372,O=C(Cl)c1c(Cl)cccc1Cl,0.0,0.0,0.0,0.0,0.0,0.0,0.0,0.0,0.0,0.0,0.0,0.0
11375,O=C(Cl)c1ccccc1F,0.0,0.0,0.0,0.0,0.0,0.0,0.0,0.0,0.0,0.0,0.0,0.0
11376,CCCCC(CC)COC(=O)Cl,0.0,0.0,0.0,0.0,0.0,0.0,0.0,0.0,0.0,0.0,0.0,0.0
11378,NC(=O)c1ccccc1N,0.0,0.0,0.0,0.0,0.0,0.0,0.0,0.0,0.0,0.0,0.0,0.0
11380,NC(=O)CCCCC(N)=O,0.0,0.0,0.0,0.0,0.0,0.0,0.0,0.0,0.0,0.0,0.0,0.0
11381,Cc1ccc(NC(N)=O)cc1,0.0,0.0,0.0,0.0,0.0,0.0,0.0,0.0,0.0,0.0,0.0,0.0
11383,CC(=O)SC[C@@H](C)C(=O)N1CCC[C@H]1C(=O)N[C@@H](Cc1ccccc1)C(=O)O,0.0,0.0,0.0,0.0,0.0,0.0,0.0,0.0,0.0,0.0,0.0,0.0
11384,O=C(N[C@H]1CN2CCC1CC2)c1ccc2c(c1)OCCO2,0.0,0.0,0.0,0.0,0.0,0.0,0.0,0.0,0.0,0.0,0.0,0.0
11385,CC(C)NC(=O)c1ccccc1N,0.0,0.0,0.0,0.0,0.0,0.0,0.0,0.0,0.0,0.0,0.0,0.0
11387,O=C(COCCOCCOCC(=O)Nc1c(I)cc(I)c(C(=O)O)c1I)Nc1c(I)cc(I)c(C(=O)O)c1I,0.0,0.0,0.0,0.0,0.0,0.0,0.0,0.0,0.0,0.0,0.0,0.0
11388,CN(C)C(=O)Nc1cccc(C(F)(F)F)c1,0.0,0.0,0.0,0.0,0.0,0.0,0.0,0.0,0.0,0.0,0.0,0.0
11390,Cc1ccc(NC(=O)N(C)C)cc1NC(=O)N(C)C,0.0,0.0,0.0,0.0,0.0,0.0,0.0,0.0,0.0,0.0,0.0,0.0
11391,CCC(=O)Nc1cccc(N)c1,0.0,0.0,0.0,0.0,0.0,0.0,0.0,0.0,0.0,0.0,0.0,0.0
11394,COC(=O)c1ccccc1S(=O)(=O)NC(=O)Nc1nc(C)cc(C)n1,0.0,0.0,0.0,0.0,0.0,0.0,0.0,0.0,0.0,0.0,0.0,0.0
11395,COC(=O)c1ccccc1CS(=O)(=O)NC(=O)Nc1nc(OC)cc(OC)n1,0.0,0.0,0.0,0.0,0.0,0.0,0.0,0.0,0.0,0.0,0.0,0.0
11397,O=C(NN1CCCC1)NS(=O)(=O)c1ccc(Cl)cc1,0.0,0.0,0.0,0.0,0.0,0.0,0.0,0.0,0.0,0.0,0.0,0.0
11399,COC(=O)/C=C\C(=O)O,0.0,0.0,1.0,0.0,0.0,0.0,0.0,0.0,0.0,0.0,0.0,0.0
11400,C[C@@H](Oc1ccc(CNC(=O)c2cccnc2Oc2ccc3c(c2)OCO3)c(F)c1)C(=O)O,0.0,0.0,0.0,0.0,0.0,0.0,0.0,0.0,0.0,0.0,0.0,0.0
11402,O=C(O)C[C@H](NC(=O)OCc1ccccc1)C(=O)O,0.0,0.0,1.0,0.0,0.0,0.0,0.0,0.0,0.0,0.0,0.0,0.0
11403,O=C(O)[C@H](O)[C@@H](O)C(=O)O,0.0,0.0,0.0,0.0,0.0,0.0,0.0,0.0,0.0,0.0,0.0,0.0
11404,O=C(O[C@@H](C(=O)O)[C@@H](OC(=O)c1ccccc1)C(=O)O)c1ccccc1,0.0,0.0,0.0,0.0,0.0,0.0,0.0,0.0,0.0,0.0,0.0,0.0
11406,CC1=C2[C@@H]([C@H](C)CC[C@H]2/C=C(\C)C(=O)O)[C@H](O)C1,0.0,0.0,0.0,0.0,0.0,0.0,0.0,0.0,0.0,0.0,0.0,0.0
11407,CC(C)(O)C(=O)O,0.0,0.0,0.0,0.0,0.0,0.0,0.0,0.0,0.0,0.0,0.0,0.0
11408,O=C(O)C(O)C(O)C(=O)O,0.0,0.0,0.0,0.0,0.0,0.0,0.0,0.0,0.0,0.0,0.0,0.0
11410,CC(C)=CCCC(C)=CC(=O)O,0.0,0.0,0.0,0.0,0.0,0.0,0.0,0.0,0.0,0.0,0.0,0.0
11411,O=C(O)C=Cc1ccc(C=CC(=O)O)cc1,0.0,0.0,0.0,0.0,0.0,0.0,0.0,0.0,0.0,0.0,0.0,0.0
11415,O=C(O)c1ccccc1-n1cc(C(=O)O)c(=O)c2cc(Nc3c(F)cc(F)cc3Cl)c(Cl)cc21,0.0,0.0,0.0,0.0,0.0,0.0,0.0,0.0,0.0,0.0,0.0,0.0
11417,O=C(O)c1ccco1,0.0,0.0,0.0,0.0,0.0,0.0,0.0,0.0,0.0,0.0,0.0,0.0
11418,O=C(O)c1c2ccccc2cc2ccccc12,0.0,0.0,0.0,0.0,0.0,0.0,0.0,0.0,1.0,0.0,0.0,0.0
11419,O=C(O)CC(=O)O,0.0,0.0,1.0,0.0,0.0,0.0,0.0,0.0,0.0,0.0,0.0,0.0
11425,COC(=O)CCC(=O)O,0.0,0.0,0.0,0.0,0.0,0.0,0.0,0.0,0.0,0.0,0.0,0.0
11426,O=C(O)CCc1ccccc1,0.0,0.0,0.0,0.0,0.0,0.0,0.0,0.0,0.0,0.0,0.0,0.0
11432,O=C(O)CCCCCCCCCCC(=O)O,0.0,0.0,0.0,0.0,0.0,0.0,0.0,1.0,0.0,0.0,0.0,0.0
11434,O=C(O)CCS,0.0,0.0,0.0,0.0,0.0,0.0,0.0,0.0,0.0,0.0,0.0,0.0
11435,O=C(O)CNC(=O)CNC(=O)CNC(=O)CSC(=O)c1ccccc1,0.0,0.0,0.0,0.0,0.0,0.0,0.0,0.0,0.0,0.0,0.0,0.0
11436,O=C(O)CNCC(=O)O,0.0,0.0,0.0,0.0,0.0,0.0,0.0,0.0,0.0,0.0,0.0,0.0
11439,Cc1ccccc1OCC(=O)O,0.0,0.0,0.0,0.0,0.0,0.0,0.0,0.0,0.0,0.0,0.0,0.0
11440,Nc1c(Cl)c(F)nc(OCC(=O)O)c1Cl,0.0,0.0,0.0,0.0,0.0,0.0,0.0,0.0,0.0,0.0,0.0,0.0
11441,O=C(O)COCC(=O)O,0.0,0.0,0.0,0.0,0.0,0.0,0.0,0.0,0.0,0.0,0.0,0.0
11443,C=CC(C)(CCC=C(C)C)OC(=O)C(C)C,0.0,0.0,0.0,0.0,0.0,0.0,0.0,0.0,0.0,0.0,0.0,0.0
11445,COC(=O)Cc1ccccc1,0.0,0.0,0.0,0.0,0.0,0.0,0.0,0.0,0.0,0.0,0.0,0.0
11446,COC(=O)Cc1cccc2ccccc12,0.0,0.0,0.0,0.0,0.0,0.0,0.0,0.0,0.0,0.0,0.0,0.0
11447,COC(=O)CCS,0.0,0.0,0.0,0.0,0.0,0.0,0.0,0.0,0.0,0.0,0.0,0.0
11448,COC(=O)CSc1cc(/N=c2\sc(=O)n3n2CCCC3)c(F)cc1Cl,0.0,0.0,0.0,0.0,0.0,0.0,0.0,0.0,0.0,0.0,0.0,0.0
11451,CNC(=O)Oc1ccccc1C(C)C,0.0,0.0,0.0,0.0,0.0,0.0,0.0,0.0,0.0,0.0,0.0,0.0
11452,C=C(C)C(=O)OCC(C)(C)COC(=O)C(=C)C,0.0,0.0,0.0,0.0,0.0,0.0,0.0,0.0,0.0,0.0,0.0,0.0
11453,CCOC(=O)c1ccc(C)cc1,0.0,0.0,0.0,0.0,0.0,0.0,0.0,0.0,0.0,0.0,0.0,0.0
11455,CCOC(=O)COC(=O)c1ccccc1C(=O)OCC,0.0,0.0,0.0,0.0,0.0,0.0,0.0,0.0,0.0,0.0,0.0,0.0
11456,CCOC(=O)c1ccc(OCCN2C[C@H](O)[C@@H](O)[C@H](O)[C@H]2CO)cc1,0.0,0.0,0.0,0.0,0.0,0.0,0.0,0.0,0.0,0.0,0.0,0.0
11457,CCOC(=O)CC1(C)OCC(C)O1,0.0,0.0,0.0,0.0,0.0,0.0,0.0,0.0,0.0,0.0,0.0,0.0
11458,CCOC(=O)COc1cc(-n2ncc(C(F)(F)F)c(C)c2=O)c(F)cc1Cl,0.0,0.0,0.0,0.0,0.0,0.0,0.0,0.0,0.0,0.0,0.0,0.0
11459,CCOC(=O)OCC,0.0,0.0,0.0,0.0,0.0,0.0,0.0,0.0,0.0,0.0,0.0,0.0
11460,C/C=C(\C)C(=O)OCC/C=C\CC,0.0,0.0,0.0,0.0,0.0,0.0,0.0,0.0,0.0,0.0,0.0,0.0
11461,CC/C=C\CCOC(=O)C(C)C,0.0,0.0,0.0,0.0,0.0,0.0,0.0,0.0,0.0,0.0,0.0,0.0
11462,O=C(OCc1ccccc1)C(=O)OCc1ccccc1,0.0,0.0,0.0,0.0,0.0,0.0,0.0,0.0,0.0,0.0,0.0,0.0
11464,C=C(C)C(=O)OCC1CCCO1,0.0,0.0,0.0,0.0,0.0,0.0,0.0,0.0,0.0,0.0,0.0,0.0
11468,CCCCOC(=O)C(=O)OCCCC,0.0,0.0,0.0,0.0,0.0,0.0,0.0,0.0,0.0,0.0,0.0,0.0
11469,CCCCOC(=O)c1ccccc1,0.0,0.0,0.0,0.0,0.0,0.0,0.0,1.0,0.0,0.0,0.0,0.0
11474,CCCCCCOC(=O)C(C)CC,0.0,0.0,0.0,0.0,0.0,0.0,0.0,0.0,0.0,0.0,0.0,0.0
11476,CCCCCCCCCOC(=O)c1ccccc1C(=O)OCCCCCCCCC,0.0,0.0,0.0,0.0,0.0,0.0,0.0,0.0,0.0,0.0,0.0,0.0
11478,C=C(C)C(=O)OCCOC(=O)C(=C)C,0.0,0.0,0.0,0.0,0.0,0.0,0.0,0.0,0.0,0.0,0.0,0.0
11482,O=C(OCCOCCOCCOC(=O)c1ccccc1)c1ccccc1,0.0,0.0,0.0,0.0,0.0,0.0,0.0,0.0,0.0,0.0,0.0,0.0
11483,C=C(C)C(=O)OCCOP(=O)(O)OCCOC(=O)C(=C)C,0.0,0.0,0.0,0.0,0.0,0.0,0.0,0.0,0.0,0.0,0.0,0.0
11486,O=C/C=C/c1ccco1,0.0,0.0,0.0,0.0,0.0,0.0,0.0,0.0,0.0,0.0,0.0,0.0
11487,Cc1c(N=C=O)cccc1N=C=O,0.0,0.0,0.0,0.0,0.0,0.0,0.0,0.0,0.0,0.0,0.0,0.0
11490,O=C=NCC1CCCC(CN=C=O)C1,0.0,0.0,0.0,0.0,0.0,0.0,0.0,0.0,0.0,0.0,0.0,0.0
11491,CSc1nnc(C(C)(C)C)c(=O)n1N,0.0,0.0,0.0,0.0,0.0,0.0,0.0,0.0,0.0,0.0,0.0,0.0
11493,CC1CC(C)C(=O)C1=O,0.0,0.0,0.0,0.0,0.0,0.0,0.0,0.0,0.0,0.0,0.0,0.0
11494,CC1=CC(=O)CC(C)(C)C1=O,0.0,0.0,0.0,0.0,0.0,0.0,0.0,0.0,0.0,0.0,0.0,0.0
11497,O=C1C=CC(=O)O1,0.0,0.0,0.0,0.0,0.0,0.0,0.0,0.0,0.0,0.0,0.0,0.0
11498,CCCCCc1cccc(=O)o1,0.0,0.0,1.0,0.0,0.0,0.0,0.0,0.0,0.0,0.0,0.0,0.0
11499,O=C1C=CCCC1,0.0,0.0,0.0,0.0,0.0,0.0,0.0,0.0,0.0,0.0,0.0,0.0
11503,O=C1CCC(=O)N1Cl,0.0,0.0,0.0,0.0,0.0,0.0,0.0,0.0,0.0,0.0,0.0,0.0
11504,O=C1CCC(=O)O1,0.0,0.0,0.0,0.0,0.0,0.0,0.0,0.0,0.0,0.0,0.0,0.0
11505,CC1CCC(=O)O1,0.0,0.0,0.0,0.0,0.0,0.0,0.0,0.0,0.0,0.0,0.0,0.0
11506,CCC1CCC(=O)O1,0.0,0.0,0.0,0.0,0.0,0.0,0.0,1.0,0.0,0.0,0.0,0.0
11507,CCCCCC1CCC(=O)O1,0.0,0.0,0.0,0.0,0.0,0.0,0.0,0.0,0.0,0.0,0.0,0.0
11508,CCCCCCC1CCC(=O)O1,0.0,0.0,0.0,0.0,0.0,0.0,0.0,0.0,0.0,0.0,0.0,0.0
11510,CCCCCC1CCCC(=O)O1,0.0,0.0,0.0,0.0,0.0,0.0,0.0,0.0,0.0,0.0,0.0,0.0
11511,CC1C(C)(C)C2=C(C(=O)CCC2)C1(C)C,0.0,0.0,0.0,0.0,0.0,0.0,0.0,0.0,0.0,0.0,0.0,0.0
11512,CC(C)(C)C1CCCCC1=O,0.0,0.0,0.0,0.0,0.0,0.0,0.0,0.0,0.0,0.0,0.0,0.0
11513,O=C1CCCCC1C1CCCCC1,0.0,0.0,0.0,0.0,0.0,0.0,0.0,0.0,0.0,0.0,0.0,0.0
11514,O=C1CCCCC1Cl,0.0,0.0,0.0,0.0,0.0,0.0,0.0,0.0,0.0,0.0,0.0,0.0
11515,O=C1CCCCCCCCCCC1,0.0,0.0,1.0,0.0,0.0,0.0,0.0,0.0,0.0,0.0,0.0,0.0
11517,O=C1CCCCCCCCCCCCCCO1,0.0,0.0,0.0,0.0,0.0,0.0,0.0,0.0,0.0,0.0,0.0,0.0
11518,O=C1CCCCCCCCCCCN1,0.0,0.0,0.0,0.0,0.0,0.0,0.0,0.0,0.0,0.0,0.0,0.0
11521,O=C1CCCCO1,0.0,0.0,0.0,0.0,0.0,0.0,0.0,0.0,0.0,0.0,0.0,0.0
11525,O=C1CCCN1CCO,0.0,0.0,0.0,0.0,0.0,0.0,0.0,0.0,0.0,0.0,0.0,0.0
11530,O=C1NC(=O)C2CC=CCC12,0.0,0.0,0.0,0.0,0.0,0.0,0.0,0.0,0.0,0.0,0.0,0.0
11533,C=CCC1([C@H](C)CCC)C(=O)NC(=O)NC1=O,0.0,0.0,0.0,0.0,0.0,0.0,0.0,0.0,0.0,0.0,0.0,0.0
11534,CCC1(CCC(C)C)C(=O)NC(=O)NC1=O,0.0,0.0,0.0,0.0,0.0,0.0,0.0,0.0,0.0,0.0,0.0,0.0
11535,CCC1(C)NC(=O)NC1=O,0.0,0.0,0.0,0.0,0.0,0.0,0.0,0.0,0.0,0.0,0.0,0.0
11536,O=c1[nH]c2ccccc2o1,0.0,0.0,0.0,0.0,0.0,0.0,0.0,0.0,0.0,0.0,0.0,0.0
11537,O=C1NCCN1CCO,0.0,0.0,0.0,0.0,0.0,0.0,0.0,0.0,0.0,0.0,0.0,0.0
11538,O=c1[nH]ncc2ccccc12,0.0,0.0,0.0,0.0,0.0,0.0,0.0,0.0,0.0,0.0,0.0,0.0
11539,CC12CCCC=C1C(=O)OC2=O,0.0,0.0,0.0,0.0,0.0,0.0,0.0,0.0,0.0,0.0,0.0,0.0
11541,O=C(c1ccc2c(c1)C(=O)OC2=O)c1ccc2c(c1)C(=O)OC2=O,0.0,0.0,0.0,0.0,0.0,0.0,0.0,0.0,0.0,0.0,0.0,0.0
11542,O=C1OC(=O)C2CC=CCC12,0.0,0.0,0.0,0.0,0.0,0.0,0.0,0.0,0.0,0.0,0.0,0.0
11543,CC(C)(c1ccc(Oc2ccc3c(c2)C(=O)OC3=O)cc1)c1ccc(Oc2ccc3c(c2)C(=O)OC3=O)cc1,0.0,0.0,0.0,0.0,0.0,0.0,0.0,0.0,0.0,0.0,0.0,0.0
11544,O=C1OC(=O)C2CCCCC12,0.0,0.0,0.0,0.0,0.0,0.0,0.0,0.0,0.0,0.0,0.0,0.0
11545,O=C1OC(=O)C2C3C=CC(C3)C12,0.0,0.0,0.0,0.0,0.0,0.0,0.0,0.0,0.0,0.0,0.0,0.0
11546,CCC1COC(=O)O1,0.0,0.0,0.0,0.0,0.0,0.0,0.0,0.0,0.0,0.0,0.0,0.0
11548,CCCCC1C(=O)NC(=O)N(C2CCCCC2)C1=O,0.0,0.0,0.0,0.0,0.0,0.0,0.0,0.0,0.0,0.0,0.0,0.0
11550,CCCCN1C(=O)c2ccccc2C1=O,0.0,0.0,0.0,0.0,0.0,0.0,0.0,0.0,0.0,0.0,0.0,0.0
11551,O=C1c2ccccc2C(=O)N1CCl,0.0,0.0,0.0,0.0,0.0,0.0,0.0,0.0,0.0,0.0,0.0,0.0
11552,O=C1c2ccccc2C(=O)N1CO,0.0,0.0,0.0,0.0,0.0,0.0,0.0,0.0,0.0,0.0,0.0,0.0
11554,CS(=O)(=O)c1ccc(C(=O)C2C(=O)CCCC2=O)c(Cl)c1COCC(F)(F)F,0.0,0.0,0.0,0.0,0.0,0.0,0.0,0.0,0.0,0.0,0.0,0.0
11555,CS(=O)(=O)c1ccc(C(=O)C2C(=O)CCCC2=O)c([N+](=O)[O-])c1,0.0,0.0,0.0,0.0,0.0,0.0,1.0,0.0,0.0,0.0,0.0,0.0
11557,O=c1nn[nH]c2ccccc12,0.0,0.0,0.0,0.0,0.0,0.0,0.0,0.0,0.0,0.0,0.0,0.0
11560,COCC(=O)N(c1c(C)cccc1C)N1CCOC1=O,0.0,0.0,0.0,0.0,0.0,0.0,0.0,0.0,0.0,0.0,0.0,0.0
11561,CCN1C(=O)c2ccccc2C1Nc1ccc(OCCN2CCCCC2)cc1,0.0,0.0,0.0,0.0,0.0,0.0,0.0,0.0,0.0,0.0,0.0,0.0
11562,O=C1[C@@H]2[C@H]3CC[C@H](C3)[C@@H]2C(=O)N1CCCCN1CCN(c2ncccn2)CC1,0.0,0.0,0.0,0.0,0.0,0.0,0.0,0.0,0.0,0.0,0.0,0.0
11564,O=CC=Cc1ccccc1,0.0,0.0,0.0,0.0,0.0,0.0,0.0,0.0,0.0,0.0,0.0,0.0
11565,O=CC=O,0.0,0.0,0.0,0.0,0.0,0.0,0.0,1.0,0.0,0.0,0.0,0.0
11566,O=Cc1cccc(Br)c1,0.0,0.0,0.0,0.0,0.0,0.0,0.0,0.0,0.0,0.0,0.0,0.0
11567,O=Cc1cc2ccccc2o1,0.0,0.0,0.0,0.0,0.0,0.0,0.0,0.0,0.0,0.0,0.0,0.0
11568,O=Cc1ccc(Cl)cc1Cl,0.0,0.0,0.0,0.0,0.0,0.0,0.0,0.0,0.0,0.0,0.0,0.0
11569,O=Cc1ccc(CO)o1,0.0,0.0,0.0,0.0,0.0,0.0,0.0,0.0,0.0,0.0,0.0,0.0
11572,CC(CC=O)CCCC(C)(C)O,0.0,0.0,0.0,0.0,0.0,0.0,0.0,0.0,0.0,0.0,0.0,0.0
11574,O=CN(CCO)CCO,0.0,0.0,0.0,0.0,0.0,0.0,0.0,0.0,0.0,0.0,0.0,0.0
11575,O=CN1CCCCC1,0.0,0.0,0.0,0.0,0.0,0.0,0.0,0.0,0.0,0.0,0.0,0.0
11576,O=CN1CCOCC1,0.0,0.0,0.0,0.0,0.0,0.0,0.0,0.0,0.0,0.0,0.0,0.0
11577,O=CNNC=O,0.0,0.0,0.0,0.0,0.0,0.0,0.0,0.0,0.0,0.0,0.0,0.0
11578,C=CC(C)(CCC=C(C)C)OC=O,0.0,0.0,0.0,0.0,0.0,0.0,0.0,0.0,0.0,0.0,0.0,0.0
11579,CN(N=O)c1ccccc1,0.0,0.0,0.0,0.0,0.0,0.0,0.0,0.0,0.0,0.0,0.0,0.0
11581,CCCCN(CCCCO)N=O,0.0,0.0,0.0,0.0,0.0,0.0,0.0,0.0,0.0,0.0,0.0,0.0
11582,O=NN1CCCC1,0.0,0.0,0.0,0.0,0.0,0.0,0.0,0.0,0.0,0.0,0.0,0.0
11584,O=NN1CCCCC1,0.0,0.0,0.0,0.0,0.0,0.0,0.0,0.0,0.0,0.0,0.0,0.0
11587,CN(C)CCc1c[nH]c2cccc(OP(=O)(O)O)c12,0.0,0.0,0.0,0.0,0.0,0.0,0.0,0.0,0.0,0.0,0.0,0.0
11588,COP(=O)(O)OC,0.0,0.0,0.0,0.0,0.0,0.0,0.0,0.0,0.0,0.0,0.0,0.0
11589,O=[PH](O)c1ccccc1,0.0,0.0,0.0,0.0,0.0,0.0,0.0,0.0,0.0,0.0,0.0,0.0
11591,CNC(=O)/C=C(\C)OP(=O)(OC)OC,0.0,0.0,0.0,0.0,0.0,0.0,0.0,0.0,0.0,0.0,0.0,0.0
11593,O=[PH](Oc1ccccc1)Oc1ccccc1,0.0,0.0,0.0,0.0,0.0,0.0,0.0,1.0,0.0,0.0,0.0,0.0
11594,CCOP(=O)(N=C1SCCS1)OCC,0.0,0.0,0.0,0.0,0.0,0.0,0.0,0.0,0.0,0.0,0.0,0.0
11595,O=S(=O)(Cl)c1ccccc1,0.0,0.0,0.0,0.0,0.0,0.0,0.0,0.0,0.0,0.0,0.0,0.0
11596,COC(=O)c1sccc1S(=O)(=O)NC(=O)Nc1nc(C)nc(OC)n1,0.0,0.0,0.0,0.0,0.0,0.0,0.0,0.0,0.0,0.0,0.0,0.0
11597,COc1cc(OC)nc(NC(=O)NS(=O)(=O)c2ncccc2C(=O)N(C)C)n1,0.0,0.0,0.0,0.0,0.0,0.0,0.0,0.0,0.0,0.0,0.0,0.0
11598,CCOc1ccc(NS(=O)(=O)c2ccc(N)cc2)nn1,0.0,0.0,0.0,0.0,0.0,0.0,0.0,0.0,0.0,0.0,0.0,0.0
11599,CC(C)(C)c1nnc(NS(=O)(=O)c2ccccc2)s1,0.0,0.0,1.0,0.0,0.0,0.0,1.0,0.0,0.0,0.0,0.0,0.0
11600,Nc1ccc2cc(S(=O)(=O)O)cc(O)c2c1,0.0,0.0,0.0,0.0,0.0,1.0,0.0,0.0,0.0,0.0,0.0,0.0
11601,CC1=NN(c2ccc(S(=O)(=O)O)cc2)C(=O)C1,0.0,0.0,0.0,0.0,0.0,0.0,0.0,0.0,0.0,0.0,0.0,0.0
11602,O=C(O)C1=NN(c2ccc(S(=O)(=O)O)cc2)C(=O)C1,0.0,0.0,0.0,0.0,0.0,0.0,0.0,0.0,0.0,0.0,0.0,0.0
11603,O=S(=O)(O)CCCN1CCOCC1,0.0,0.0,0.0,0.0,0.0,0.0,0.0,0.0,0.0,0.0,0.0,0.0
11604,NCCOS(=O)(=O)O,0.0,0.0,0.0,0.0,0.0,0.0,0.0,0.0,0.0,0.0,0.0,0.0
11605,COS(=O)(=O)OC,0.0,0.0,0.0,0.0,0.0,0.0,0.0,0.0,0.0,0.0,0.0,0.0
11608,CS(=O)(=O)c1ccc(Cl)cc1,0.0,0.0,0.0,0.0,0.0,0.0,0.0,0.0,0.0,0.0,0.0,0.0
11611,CC(=O)Nc1ccc(S(N)(=O)=O)cc1,0.0,0.0,0.0,0.0,0.0,0.0,0.0,0.0,0.0,0.0,0.0,0.0
11612,COP(=S)(OC)Oc1ccc(S(N)(=O)=O)cc1,0.0,0.0,0.0,0.0,0.0,0.0,0.0,0.0,0.0,0.0,0.0,0.0
11613,NS(=O)(=O)c1ccccc1Cl,0.0,0.0,0.0,0.0,0.0,0.0,0.0,0.0,0.0,0.0,0.0,0.0
11614,NS(=O)(=O)c1ccccc1OC(F)(F)F,0.0,0.0,0.0,0.0,0.0,0.0,0.0,0.0,0.0,0.0,0.0,0.0
11615,COC(=O)c1sccc1S(N)(=O)=O,0.0,0.0,0.0,0.0,0.0,0.0,0.0,0.0,0.0,0.0,0.0,0.0
11618,O=S1(=O)CC=CC1,0.0,0.0,0.0,0.0,0.0,0.0,0.0,0.0,0.0,0.0,0.0,0.0
11620,O=S1(=O)CCCC1,0.0,0.0,0.0,0.0,0.0,0.0,0.0,0.0,0.0,0.0,0.0,0.0
11622,C1C2OC2C2C1C1CC2C2OC12,0.0,0.0,0.0,0.0,0.0,0.0,0.0,0.0,0.0,0.0,0.0,0.0
11624,O=C(O)/C=C/c1c[nH]cn1,0.0,0.0,0.0,0.0,0.0,0.0,0.0,0.0,0.0,0.0,0.0,0.0
11626,O=C(O)c1cccc(C(=O)O)c1C(=O)O,0.0,0.0,0.0,0.0,0.0,0.0,0.0,0.0,0.0,0.0,0.0,0.0
11627,O=C(O)c1c(Cl)cccc1Cl,0.0,0.0,0.0,0.0,0.0,0.0,0.0,0.0,0.0,0.0,0.0,0.0
11628,O=C(O)c1cc(C(=O)O)cc(C(=O)O)c1,0.0,0.0,0.0,0.0,0.0,0.0,0.0,0.0,0.0,0.0,0.0,0.0
11630,O=C(O)c1cc(Cl)ccc1Cl,0.0,0.0,0.0,0.0,0.0,0.0,0.0,0.0,0.0,0.0,0.0,0.0
11633,N#Cc1ccc(C(=O)O)cc1,0.0,0.0,0.0,0.0,0.0,0.0,0.0,0.0,0.0,0.0,0.0,0.0
11634,O=Cc1ccc(C(=O)O)cc1,0.0,0.0,1.0,0.0,0.0,0.0,0.0,0.0,0.0,0.0,0.0,0.0
11635,O=C(O)c1ccc(C(=O)O)cc1,0.0,0.0,0.0,0.0,0.0,0.0,0.0,0.0,0.0,0.0,0.0,0.0
11638,O=C(O)c1ccc(Cl)cc1,0.0,0.0,0.0,0.0,0.0,0.0,0.0,0.0,0.0,0.0,0.0,0.0
11639,O=C(O)c1cccc(C(=O)O)c1,0.0,0.0,0.0,0.0,0.0,0.0,0.0,0.0,0.0,0.0,0.0,0.0
11641,O=C(O)c1ccccc1C(=O)O,0.0,0.0,0.0,0.0,0.0,0.0,0.0,0.0,0.0,0.0,0.0,0.0
11643,O=C(O)c1ccccc1O.OCCN(CCO)CCO,0.0,0.0,0.0,0.0,0.0,0.0,0.0,0.0,0.0,0.0,0.0,0.0
11644,CCc1cnc(C(=O)O)c(C(=O)O)c1,0.0,0.0,0.0,0.0,0.0,0.0,0.0,0.0,0.0,0.0,0.0,0.0
11645,O=C(O)CC(C(=O)O)C(CC(=O)O)C(=O)O,0.0,0.0,0.0,0.0,0.0,0.0,0.0,0.0,0.0,0.0,0.0,0.0
11648,O=C(O)CCSSCCC(=O)O,0.0,0.0,0.0,0.0,0.0,0.0,0.0,0.0,0.0,0.0,0.0,0.0
11651,CCCCOC(=O)C(C)O,0.0,0.0,0.0,0.0,0.0,0.0,0.0,0.0,0.0,0.0,0.0,0.0
11652,CCCCOCC(C)OCC(C)O,0.0,0.0,0.0,0.0,0.0,0.0,0.0,0.0,0.0,0.0,0.0,0.0
11653,OC(Cn1cncn1)(c1ccc(F)cc1)c1ccccc1F,0.0,0.0,0.0,1.0,0.0,0.0,0.0,0.0,0.0,0.0,0.0,0.0
11654,OCC(O)c1ccccc1,0.0,0.0,0.0,0.0,0.0,0.0,0.0,0.0,0.0,0.0,0.0,0.0
11655,CCC(O)OCC(C)OC(O)CC,0.0,0.0,0.0,0.0,0.0,0.0,0.0,0.0,0.0,0.0,0.0,0.0
11657,CCCCOC(CC)OC(C)COC(O)CC,0.0,0.0,0.0,0.0,0.0,0.0,0.0,0.0,0.0,0.0,0.0,0.0
11658,OC[C@@H](O)[C@@H](O)CO,0.0,0.0,0.0,0.0,0.0,0.0,0.0,0.0,0.0,0.0,0.0,0.0
11659,O=[N+]([O-])c1nccn1CO[C@@H](CO)[C@H](O)CO,0.0,0.0,0.0,0.0,0.0,0.0,0.0,0.0,0.0,0.0,0.0,0.0
11660,O=c1c(O)c(O)c1=O,0.0,0.0,0.0,0.0,0.0,0.0,0.0,0.0,0.0,0.0,0.0,0.0
11661,Nc1cc(C(=O)O)c(O)c(S(=O)(=O)O)c1,0.0,0.0,0.0,0.0,0.0,0.0,0.0,0.0,0.0,0.0,0.0,0.0
11663,CC1(C)CC(O)CC(C)(C)N1[O],0.0,0.0,0.0,0.0,0.0,0.0,0.0,0.0,0.0,0.0,0.0,0.0
11664,C[C@](N)(Cc1ccc(O)c(O)c1)C(=O)O,0.0,0.0,0.0,0.0,0.0,0.0,0.0,0.0,0.0,0.0,0.0,0.0
11666,Nc1cc(S(=O)(=O)O)ccc1O,0.0,0.0,0.0,0.0,0.0,0.0,0.0,0.0,0.0,0.0,0.0,0.0
11668,CCc1ccc(O)c(OC)c1,0.0,0.0,0.0,0.0,0.0,0.0,0.0,0.0,0.0,0.0,0.0,0.0
11669,CCCc1ccc(O)c(OC)c1,0.0,0.0,0.0,0.0,0.0,0.0,0.0,0.0,0.0,0.0,0.0,0.0
11670,CC(=O)CCc1ccc(O)cc1,0.0,0.0,0.0,0.0,0.0,0.0,0.0,0.0,0.0,0.0,0.0,0.0
11671,CCCCC1CCC(O)CC1,0.0,0.0,0.0,0.0,0.0,0.0,0.0,0.0,0.0,0.0,0.0,0.0
11677,CC(C)COC(=O)c1ccccc1O,0.0,0.0,0.0,0.0,0.0,0.0,0.0,0.0,0.0,0.0,0.0,0.0
11680,CN(C)Cc1ccccc1O,0.0,0.0,0.0,0.0,0.0,0.0,0.0,0.0,0.0,0.0,0.0,0.0
11682,O=S(=O)(O)c1ccccc1O,0.0,0.0,0.0,0.0,0.0,0.0,0.0,0.0,0.0,0.0,0.0,0.0
11683,OC1CCCc2ccccc21,0.0,0.0,0.0,0.0,0.0,0.0,0.0,0.0,0.0,0.0,0.0,0.0
11685,CCCCOC(=O)CO,0.0,0.0,0.0,0.0,0.0,0.0,0.0,0.0,0.0,0.0,0.0,0.0
11686,OCC(CO)(CBr)CBr,0.0,0.0,0.0,0.0,0.0,0.0,0.0,0.0,0.0,0.0,0.0,0.0
11689,O=C(CCN1CC1)OCC(CO)(COC(=O)CCN1CC1)COC(=O)CCN1CC1,0.0,0.0,0.0,0.0,0.0,0.0,0.0,0.0,0.0,0.0,0.0,0.0
11690,CCC(CO)(CO)COCC(CC)(CO)CO,0.0,0.0,0.0,0.0,0.0,0.0,0.0,0.0,0.0,0.0,0.0,0.0
11693,OCC(O)CCl,0.0,0.0,0.0,0.0,0.0,0.0,0.0,0.0,0.0,0.0,0.0,0.0
11695,OCC(O)CO,0.0,0.0,0.0,0.0,0.0,0.0,0.0,0.0,0.0,0.0,0.0,0.0
11700,C=CCOCC(O)CO,0.0,0.0,0.0,0.0,0.0,0.0,0.0,0.0,0.0,0.0,0.0,0.0
11704,OCC1CCC(CO)CC1,0.0,0.0,0.0,0.0,0.0,0.0,0.0,0.0,0.0,0.0,0.0,0.0
11706,OCC1CCCO1,0.0,0.0,0.0,0.0,0.0,0.0,0.0,0.0,0.0,0.0,0.0,0.0
11708,OCC1CC2CC1C1CCC(CO)C21,0.0,0.0,0.0,0.0,0.0,0.0,0.0,0.0,0.0,0.0,0.0,0.0
11710,Cc1ccccc1CCO,0.0,0.0,0.0,0.0,0.0,0.0,0.0,0.0,0.0,0.0,0.0,0.0
11711,OCCc1ccncc1,0.0,0.0,0.0,0.0,0.0,0.0,0.0,0.0,0.0,0.0,0.0,0.0
11713,OCCCC1CCCCC1,0.0,0.0,0.0,0.0,0.0,0.0,0.0,0.0,0.0,0.0,0.0,0.0
11714,OCCCCCO,0.0,0.0,0.0,0.0,0.0,0.0,0.0,1.0,0.0,0.0,0.0,0.0
11715,OCCCCO,0.0,0.0,0.0,0.0,0.0,0.0,0.0,0.0,0.0,0.0,0.0,0.0
11717,OCCCO,0.0,0.0,0.0,0.0,0.0,0.0,0.0,0.0,0.0,0.0,0.0,0.0
11718,OCCN(CCO)CCO,0.0,0.0,0.0,0.0,0.0,0.0,0.0,0.0,0.0,0.0,0.0,0.0
11720,O=NN(CCO)CCO,0.0,0.0,0.0,0.0,0.0,0.0,0.0,0.0,0.0,0.0,0.0,0.0
11722,OCCN1CCN(CCO)CC1,0.0,0.0,0.0,0.0,0.0,0.0,0.0,0.0,0.0,0.0,0.0,0.0
11723,OCCNCc1ccccc1,0.0,0.0,0.0,0.0,0.0,0.0,0.0,0.0,0.0,0.0,0.0,0.0
11726,CC(CN(CCN(CC(C)OCCO)CC(C)OCCO)CC(C)OCCO)OCCO,0.0,0.0,1.0,0.0,0.0,0.0,0.0,0.0,0.0,0.0,0.0,0.0
11727,CC(COCCO)OCCO,0.0,0.0,0.0,0.0,0.0,0.0,0.0,0.0,0.0,0.0,0.0,0.0
11728,OCCOc1cccc(OCCO)c1,0.0,0.0,0.0,0.0,0.0,0.0,0.0,0.0,0.0,0.0,0.0,0.0
11729,CCCCC(CC)COCCO,0.0,0.0,0.0,0.0,0.0,0.0,0.0,0.0,0.0,0.0,0.0,0.0
11730,CCCCCCOCCO,0.0,0.0,0.0,0.0,0.0,0.0,0.0,0.0,0.0,0.0,0.0,0.0
11732,CCCCCCCCCCCCCCCCCCOCCO,0.0,0.0,0.0,0.0,0.0,0.0,0.0,0.0,0.0,0.0,0.0,0.0
11734,COCCOCCO,0.0,0.0,0.0,0.0,0.0,0.0,0.0,0.0,0.0,0.0,0.0,0.0
11741,CCCOCCOCCOCCO,0.0,0.0,0.0,0.0,0.0,0.0,0.0,0.0,0.0,0.0,0.0,0.0
11743,OCCOCCOCCOCCOCCO,0.0,0.0,0.0,0.0,0.0,0.0,0.0,0.0,0.0,0.0,0.0,0.0
11745,OCCSc1ccccc1,0.0,0.0,0.0,0.0,0.0,0.0,0.0,0.0,0.0,0.0,0.0,0.0
11747,OCCSCSCCO,0.0,0.0,0.0,0.0,0.0,0.0,0.0,0.0,0.0,0.0,0.0,0.0
11748,O=C(NCO)NCO,0.0,0.0,0.0,0.0,0.0,0.0,0.0,0.0,0.0,0.0,0.0,0.0
11749,ON=CC=NO,0.0,0.0,0.0,0.0,0.0,0.0,0.0,0.0,0.0,0.0,0.0,0.0
11750,O=P(O)(O)c1ccccc1,0.0,0.0,0.0,0.0,0.0,0.0,0.0,0.0,0.0,0.0,0.0,0.0
11751,O=C(O)c1ccc(S(=O)(=O)O)cc1C(=O)O,0.0,0.0,0.0,0.0,0.0,0.0,0.0,0.0,0.0,0.0,0.0,0.0
11753,CC(C)c1ccc(S(=O)(=O)O)cc1,0.0,0.0,0.0,0.0,0.0,0.0,0.0,0.0,0.0,0.0,0.0,0.0
11754,O=S(=O)(O)c1ccc(Cl)cc1,0.0,0.0,0.0,0.0,0.0,0.0,0.0,0.0,0.0,0.0,0.0,0.0
11755,C1CCC(SSC2CCCCC2)CC1,0.0,0.0,0.0,0.0,0.0,0.0,0.0,0.0,0.0,0.0,0.0,0.0
11756,NC(=S)c1c(Cl)cccc1Cl,0.0,0.0,0.0,0.0,0.0,0.0,0.0,0.0,0.0,0.0,0.0,0.0
11758,S=C=S,0.0,0.0,0.0,0.0,0.0,0.0,0.0,0.0,0.0,0.0,0.0,0.0
11760,S=C1NCCN1,0.0,0.0,1.0,0.0,0.0,0.0,0.0,0.0,0.0,0.0,0.0,0.0
11763,CCC(COC(=O)CCS)(COC(=O)CCS)COC(=O)CCS,0.0,0.0,0.0,0.0,0.0,0.0,0.0,0.0,0.0,1.0,0.0,0.0
